2025-04-06 08:40:46,853 - root - INFO - Bot started!
2025-04-06 08:40:47,242 - httpx - INFO - HTTP Request: POST https://api.telegram.org/bot7209418219:AAG3PCfMo53ocGGHYov1O04kzn56OKUhcP4/getMe "HTTP/1.1 200 OK"
2025-04-06 08:40:47,364 - httpx - INFO - HTTP Request: POST https://api.telegram.org/bot7209418219:AAG3PCfMo53ocGGHYov1O04kzn56OKUhcP4/deleteWebhook "HTTP/1.1 200 OK"
2025-04-06 08:40:47,366 - telegram.ext.Application - INFO - Application started
2025-04-06 08:40:57,726 - httpx - INFO - HTTP Request: POST https://api.telegram.org/bot7209418219:AAG3PCfMo53ocGGHYov1O04kzn56OKUhcP4/getUpdates "HTTP/1.1 200 OK"
2025-04-06 08:41:01,044 - httpx - INFO - HTTP Request: POST https://api.telegram.org/bot7209418219:AAG3PCfMo53ocGGHYov1O04kzn56OKUhcP4/getUpdates "HTTP/1.1 200 OK"
2025-04-06 08:41:01,046 - conversation_handler - INFO - Ignoring message in group chat that's not directed at the bot
2025-04-06 08:41:10,851 - httpx - INFO - HTTP Request: POST https://api.telegram.org/bot7209418219:AAG3PCfMo53ocGGHYov1O04kzn56OKUhcP4/getUpdates "HTTP/1.1 200 OK"
2025-04-06 08:41:17,234 - httpx - INFO - HTTP Request: POST https://api.telegram.org/bot7209418219:AAG3PCfMo53ocGGHYov1O04kzn56OKUhcP4/getUpdates "HTTP/1.1 200 OK"
2025-04-06 08:41:17,236 - conversation_handler - INFO - Ignoring message in group chat that's not directed at the bot
2025-04-06 08:41:27,357 - httpx - INFO - HTTP Request: POST https://api.telegram.org/bot7209418219:AAG3PCfMo53ocGGHYov1O04kzn56OKUhcP4/getUpdates "HTTP/1.1 200 OK"
2025-04-06 08:41:30,970 - httpx - INFO - HTTP Request: POST https://api.telegram.org/bot7209418219:AAG3PCfMo53ocGGHYov1O04kzn56OKUhcP4/getUpdates "HTTP/1.1 200 OK"
2025-04-06 08:41:41,092 - httpx - INFO - HTTP Request: POST https://api.telegram.org/bot7209418219:AAG3PCfMo53ocGGHYov1O04kzn56OKUhcP4/getUpdates "HTTP/1.1 200 OK"
2025-04-06 08:41:44,604 - httpx - INFO - HTTP Request: POST https://api.telegram.org/bot7209418219:AAG3PCfMo53ocGGHYov1O04kzn56OKUhcP4/getUpdates "HTTP/1.1 200 OK"
2025-04-06 08:41:54,733 - httpx - INFO - HTTP Request: POST https://api.telegram.org/bot7209418219:AAG3PCfMo53ocGGHYov1O04kzn56OKUhcP4/getUpdates "HTTP/1.1 200 OK"
2025-04-06 08:42:04,854 - httpx - INFO - HTTP Request: POST https://api.telegram.org/bot7209418219:AAG3PCfMo53ocGGHYov1O04kzn56OKUhcP4/getUpdates "HTTP/1.1 200 OK"
2025-04-06 08:42:14,988 - httpx - INFO - HTTP Request: POST https://api.telegram.org/bot7209418219:AAG3PCfMo53ocGGHYov1O04kzn56OKUhcP4/getUpdates "HTTP/1.1 200 OK"
2025-04-06 08:42:18,044 - httpx - INFO - HTTP Request: POST https://api.telegram.org/bot7209418219:AAG3PCfMo53ocGGHYov1O04kzn56OKUhcP4/getUpdates "HTTP/1.1 200 OK"
2025-04-06 08:42:18,046 - conversation_handler - INFO - Ignoring message in group chat that's not directed at the bot
2025-04-06 08:42:18,923 - httpx - INFO - HTTP Request: POST https://api.telegram.org/bot7209418219:AAG3PCfMo53ocGGHYov1O04kzn56OKUhcP4/getUpdates "HTTP/1.1 200 OK"
2025-04-06 08:42:18,924 - conversation_handler - INFO - Ignoring message in group chat that's not directed at the bot
2025-04-06 08:42:29,049 - httpx - INFO - HTTP Request: POST https://api.telegram.org/bot7209418219:AAG3PCfMo53ocGGHYov1O04kzn56OKUhcP4/getUpdates "HTTP/1.1 200 OK"
2025-04-06 08:42:35,375 - httpx - INFO - HTTP Request: POST https://api.telegram.org/bot7209418219:AAG3PCfMo53ocGGHYov1O04kzn56OKUhcP4/getUpdates "HTTP/1.1 200 OK"
2025-04-06 08:42:35,377 - conversation_handler - INFO - Ignoring message in group chat that's not directed at the bot
2025-04-06 08:42:38,217 - httpx - INFO - HTTP Request: POST https://api.telegram.org/bot7209418219:AAG3PCfMo53ocGGHYov1O04kzn56OKUhcP4/getUpdates "HTTP/1.1 200 OK"
2025-04-06 08:42:38,219 - conversation_handler - INFO - Ignoring message in group chat that's not directed at the bot
2025-04-06 08:42:41,379 - httpx - INFO - HTTP Request: POST https://api.telegram.org/bot7209418219:AAG3PCfMo53ocGGHYov1O04kzn56OKUhcP4/getUpdates "HTTP/1.1 200 OK"
2025-04-06 08:42:41,381 - conversation_handler - INFO - Ignoring message in group chat that's not directed at the bot
2025-04-06 08:42:51,499 - httpx - INFO - HTTP Request: POST https://api.telegram.org/bot7209418219:AAG3PCfMo53ocGGHYov1O04kzn56OKUhcP4/getUpdates "HTTP/1.1 200 OK"
2025-04-06 08:42:55,432 - httpx - INFO - HTTP Request: POST https://api.telegram.org/bot7209418219:AAG3PCfMo53ocGGHYov1O04kzn56OKUhcP4/getUpdates "HTTP/1.1 200 OK"
2025-04-06 08:42:55,434 - conversation_handler - INFO - Ignoring message in group chat that's not directed at the bot
2025-04-06 08:43:05,551 - httpx - INFO - HTTP Request: POST https://api.telegram.org/bot7209418219:AAG3PCfMo53ocGGHYov1O04kzn56OKUhcP4/getUpdates "HTTP/1.1 200 OK"
2025-04-06 08:43:15,669 - httpx - INFO - HTTP Request: POST https://api.telegram.org/bot7209418219:AAG3PCfMo53ocGGHYov1O04kzn56OKUhcP4/getUpdates "HTTP/1.1 200 OK"
2025-04-06 08:43:25,791 - httpx - INFO - HTTP Request: POST https://api.telegram.org/bot7209418219:AAG3PCfMo53ocGGHYov1O04kzn56OKUhcP4/getUpdates "HTTP/1.1 200 OK"
2025-04-06 08:43:25,947 - httpx - INFO - HTTP Request: POST https://api.telegram.org/bot7209418219:AAG3PCfMo53ocGGHYov1O04kzn56OKUhcP4/getUpdates "HTTP/1.1 200 OK"
2025-04-06 08:43:25,949 - conversation_handler - INFO - Ignoring message in group chat that's not directed at the bot
2025-04-06 08:43:36,068 - httpx - INFO - HTTP Request: POST https://api.telegram.org/bot7209418219:AAG3PCfMo53ocGGHYov1O04kzn56OKUhcP4/getUpdates "HTTP/1.1 200 OK"
2025-04-06 08:43:46,231 - httpx - INFO - HTTP Request: POST https://api.telegram.org/bot7209418219:AAG3PCfMo53ocGGHYov1O04kzn56OKUhcP4/getUpdates "HTTP/1.1 200 OK"
2025-04-06 08:43:56,349 - httpx - INFO - HTTP Request: POST https://api.telegram.org/bot7209418219:AAG3PCfMo53ocGGHYov1O04kzn56OKUhcP4/getUpdates "HTTP/1.1 200 OK"
2025-04-06 08:43:59,283 - httpx - INFO - HTTP Request: POST https://api.telegram.org/bot7209418219:AAG3PCfMo53ocGGHYov1O04kzn56OKUhcP4/getUpdates "HTTP/1.1 200 OK"
2025-04-06 08:43:59,682 - httpx - INFO - HTTP Request: POST https://api.telegram.org/bot7209418219:AAG3PCfMo53ocGGHYov1O04kzn56OKUhcP4/sendMessage "HTTP/1.1 200 OK"
2025-04-06 08:44:01,814 - httpx - INFO - HTTP Request: POST https://api.telegram.org/bot7209418219:AAG3PCfMo53ocGGHYov1O04kzn56OKUhcP4/getUpdates "HTTP/1.1 200 OK"
2025-04-06 08:44:01,940 - httpx - INFO - HTTP Request: POST https://api.telegram.org/bot7209418219:AAG3PCfMo53ocGGHYov1O04kzn56OKUhcP4/answerCallbackQuery "HTTP/1.1 200 OK"
2025-04-06 08:44:03,006 - httpx - INFO - HTTP Request: POST https://api.telegram.org/bot7209418219:AAG3PCfMo53ocGGHYov1O04kzn56OKUhcP4/getUpdates "HTTP/1.1 200 OK"
2025-04-06 08:44:03,193 - httpx - INFO - HTTP Request: POST https://api.telegram.org/bot7209418219:AAG3PCfMo53ocGGHYov1O04kzn56OKUhcP4/answerCallbackQuery "HTTP/1.1 200 OK"
2025-04-06 08:44:13,131 - httpx - INFO - HTTP Request: POST https://api.telegram.org/bot7209418219:AAG3PCfMo53ocGGHYov1O04kzn56OKUhcP4/getUpdates "HTTP/1.1 200 OK"
2025-04-06 08:44:23,260 - httpx - INFO - HTTP Request: POST https://api.telegram.org/bot7209418219:AAG3PCfMo53ocGGHYov1O04kzn56OKUhcP4/getUpdates "HTTP/1.1 200 OK"
2025-04-06 08:44:33,381 - httpx - INFO - HTTP Request: POST https://api.telegram.org/bot7209418219:AAG3PCfMo53ocGGHYov1O04kzn56OKUhcP4/getUpdates "HTTP/1.1 200 OK"
2025-04-06 08:44:43,500 - httpx - INFO - HTTP Request: POST https://api.telegram.org/bot7209418219:AAG3PCfMo53ocGGHYov1O04kzn56OKUhcP4/getUpdates "HTTP/1.1 200 OK"
2025-04-06 08:44:53,620 - httpx - INFO - HTTP Request: POST https://api.telegram.org/bot7209418219:AAG3PCfMo53ocGGHYov1O04kzn56OKUhcP4/getUpdates "HTTP/1.1 200 OK"
2025-04-06 08:44:54,412 - httpx - INFO - HTTP Request: POST https://api.telegram.org/bot7209418219:AAG3PCfMo53ocGGHYov1O04kzn56OKUhcP4/getUpdates "HTTP/1.1 200 OK"
2025-04-06 08:44:54,414 - conversation_handler - INFO - User 1159603709 mentioned the bot in a group chat
2025-04-06 08:44:54,805 - httpx - INFO - HTTP Request: POST https://api.telegram.org/bot7209418219:AAG3PCfMo53ocGGHYov1O04kzn56OKUhcP4/sendChatAction "HTTP/1.1 200 OK"
2025-04-06 08:44:56,724 - httpx - INFO - HTTP Request: POST https://api.telegram.org/bot7209418219:AAG3PCfMo53ocGGHYov1O04kzn56OKUhcP4/sendMessage "HTTP/1.1 200 OK"
2025-04-06 08:45:04,539 - httpx - INFO - HTTP Request: POST https://api.telegram.org/bot7209418219:AAG3PCfMo53ocGGHYov1O04kzn56OKUhcP4/getUpdates "HTTP/1.1 200 OK"
2025-04-06 08:45:08,226 - httpx - INFO - HTTP Request: POST https://api.telegram.org/bot7209418219:AAG3PCfMo53ocGGHYov1O04kzn56OKUhcP4/getUpdates "HTTP/1.1 200 OK"
2025-04-06 08:45:11,606 - httpx - INFO - HTTP Request: POST https://api.telegram.org/bot7209418219:AAG3PCfMo53ocGGHYov1O04kzn56OKUhcP4/getUpdates "HTTP/1.1 200 OK"
2025-04-06 08:45:12,164 - httpx - INFO - HTTP Request: POST https://api.telegram.org/bot7209418219:AAG3PCfMo53ocGGHYov1O04kzn56OKUhcP4/sendMessage "HTTP/1.1 200 OK"
2025-04-06 08:45:17,236 - httpx - INFO - HTTP Request: POST https://api.telegram.org/bot7209418219:AAG3PCfMo53ocGGHYov1O04kzn56OKUhcP4/getUpdates "HTTP/1.1 200 OK"
2025-04-06 08:45:17,690 - httpx - INFO - HTTP Request: POST https://api.telegram.org/bot7209418219:AAG3PCfMo53ocGGHYov1O04kzn56OKUhcP4/sendMessage "HTTP/1.1 200 OK"
2025-04-06 08:45:27,361 - httpx - INFO - HTTP Request: POST https://api.telegram.org/bot7209418219:AAG3PCfMo53ocGGHYov1O04kzn56OKUhcP4/getUpdates "HTTP/1.1 200 OK"
2025-04-06 08:45:28,396 - httpx - INFO - HTTP Request: POST https://api.telegram.org/bot7209418219:AAG3PCfMo53ocGGHYov1O04kzn56OKUhcP4/getUpdates "HTTP/1.1 200 OK"
2025-04-06 08:45:28,398 - conversation_handler - INFO - User 1159603709 replied to the bot in a group chat
2025-04-06 08:45:28,763 - httpx - INFO - HTTP Request: POST https://api.telegram.org/bot7209418219:AAG3PCfMo53ocGGHYov1O04kzn56OKUhcP4/sendChatAction "HTTP/1.1 200 OK"
2025-04-06 08:45:30,735 - httpx - INFO - HTTP Request: POST https://api.telegram.org/bot7209418219:AAG3PCfMo53ocGGHYov1O04kzn56OKUhcP4/sendMessage "HTTP/1.1 200 OK"
2025-04-06 08:45:38,516 - httpx - INFO - HTTP Request: POST https://api.telegram.org/bot7209418219:AAG3PCfMo53ocGGHYov1O04kzn56OKUhcP4/getUpdates "HTTP/1.1 200 OK"
2025-04-06 08:45:47,385 - httpx - INFO - HTTP Request: POST https://api.telegram.org/bot7209418219:AAG3PCfMo53ocGGHYov1O04kzn56OKUhcP4/getUpdates "HTTP/1.1 200 OK"
2025-04-06 08:45:47,387 - conversation_handler - INFO - User 1159603709 replied to the bot in a group chat
2025-04-06 08:45:47,760 - httpx - INFO - HTTP Request: POST https://api.telegram.org/bot7209418219:AAG3PCfMo53ocGGHYov1O04kzn56OKUhcP4/sendChatAction "HTTP/1.1 200 OK"
2025-04-06 08:45:49,879 - httpx - INFO - HTTP Request: POST https://api.telegram.org/bot7209418219:AAG3PCfMo53ocGGHYov1O04kzn56OKUhcP4/sendMessage "HTTP/1.1 200 OK"
2025-04-06 08:45:56,823 - httpx - INFO - HTTP Request: POST https://api.telegram.org/bot7209418219:AAG3PCfMo53ocGGHYov1O04kzn56OKUhcP4/getUpdates "HTTP/1.1 200 OK"
2025-04-06 08:46:02,133 - httpx - INFO - HTTP Request: POST https://api.telegram.org/bot7209418219:AAG3PCfMo53ocGGHYov1O04kzn56OKUhcP4/getUpdates "HTTP/1.1 200 OK"
2025-04-06 08:46:12,254 - httpx - INFO - HTTP Request: POST https://api.telegram.org/bot7209418219:AAG3PCfMo53ocGGHYov1O04kzn56OKUhcP4/getUpdates "HTTP/1.1 200 OK"
2025-04-06 08:46:22,373 - httpx - INFO - HTTP Request: POST https://api.telegram.org/bot7209418219:AAG3PCfMo53ocGGHYov1O04kzn56OKUhcP4/getUpdates "HTTP/1.1 200 OK"
2025-04-06 08:46:22,742 - httpx - INFO - HTTP Request: POST https://api.telegram.org/bot7209418219:AAG3PCfMo53ocGGHYov1O04kzn56OKUhcP4/getUpdates "HTTP/1.1 200 OK"
2025-04-06 08:46:22,743 - conversation_handler - INFO - Ignoring message in group chat that's not directed at the bot
2025-04-06 08:46:32,865 - httpx - INFO - HTTP Request: POST https://api.telegram.org/bot7209418219:AAG3PCfMo53ocGGHYov1O04kzn56OKUhcP4/getUpdates "HTTP/1.1 200 OK"
2025-04-06 08:46:37,038 - httpx - INFO - HTTP Request: POST https://api.telegram.org/bot7209418219:AAG3PCfMo53ocGGHYov1O04kzn56OKUhcP4/getUpdates "HTTP/1.1 200 OK"
2025-04-06 08:46:37,039 - telegram.ext.Application - INFO - Application is stopping. This might take a moment.
2025-04-06 08:46:37,039 - telegram.ext.Application - INFO - Application.stop() complete
2025-04-06 08:46:37,962 - root - INFO - Bot started!
2025-04-06 08:46:38,346 - httpx - INFO - HTTP Request: POST https://api.telegram.org/bot7209418219:AAG3PCfMo53ocGGHYov1O04kzn56OKUhcP4/getMe "HTTP/1.1 200 OK"
2025-04-06 08:46:38,464 - httpx - INFO - HTTP Request: POST https://api.telegram.org/bot7209418219:AAG3PCfMo53ocGGHYov1O04kzn56OKUhcP4/deleteWebhook "HTTP/1.1 200 OK"
2025-04-06 08:46:38,465 - telegram.ext.Application - INFO - Application started
2025-04-06 08:46:43,494 - httpx - INFO - HTTP Request: POST https://api.telegram.org/bot7209418219:AAG3PCfMo53ocGGHYov1O04kzn56OKUhcP4/getUpdates "HTTP/1.1 200 OK"
2025-04-06 08:46:47,678 - httpx - INFO - HTTP Request: POST https://api.telegram.org/bot7209418219:AAG3PCfMo53ocGGHYov1O04kzn56OKUhcP4/getUpdates "HTTP/1.1 200 OK"
2025-04-06 08:46:47,680 - conversation_handler - INFO - Ignoring message in group chat that's not directed at the bot
2025-04-06 08:46:52,362 - httpx - INFO - HTTP Request: POST https://api.telegram.org/bot7209418219:AAG3PCfMo53ocGGHYov1O04kzn56OKUhcP4/getUpdates "HTTP/1.1 200 OK"
2025-04-06 08:47:01,796 - httpx - INFO - HTTP Request: POST https://api.telegram.org/bot7209418219:AAG3PCfMo53ocGGHYov1O04kzn56OKUhcP4/getUpdates "HTTP/1.1 200 OK"
2025-04-06 08:47:01,797 - telegram.ext.Application - INFO - Application is stopping. This might take a moment.
2025-04-06 08:47:01,797 - telegram.ext.Application - INFO - Application.stop() complete
2025-04-06 08:47:02,432 - root - INFO - Bot started!
2025-04-06 08:47:02,798 - httpx - INFO - HTTP Request: POST https://api.telegram.org/bot7209418219:AAG3PCfMo53ocGGHYov1O04kzn56OKUhcP4/getMe "HTTP/1.1 200 OK"
2025-04-06 08:47:02,916 - httpx - INFO - HTTP Request: POST https://api.telegram.org/bot7209418219:AAG3PCfMo53ocGGHYov1O04kzn56OKUhcP4/deleteWebhook "HTTP/1.1 200 OK"
2025-04-06 08:47:02,918 - telegram.ext.Application - INFO - Application started
2025-04-06 08:47:13,296 - httpx - INFO - HTTP Request: POST https://api.telegram.org/bot7209418219:AAG3PCfMo53ocGGHYov1O04kzn56OKUhcP4/getUpdates "HTTP/1.1 200 OK"
2025-04-06 08:47:23,417 - httpx - INFO - HTTP Request: POST https://api.telegram.org/bot7209418219:AAG3PCfMo53ocGGHYov1O04kzn56OKUhcP4/getUpdates "HTTP/1.1 200 OK"
2025-04-06 08:47:24,444 - httpx - INFO - HTTP Request: POST https://api.telegram.org/bot7209418219:AAG3PCfMo53ocGGHYov1O04kzn56OKUhcP4/getUpdates "HTTP/1.1 200 OK"
2025-04-06 08:47:24,446 - conversation_handler - INFO - Ignoring message in group chat that's not directed at the bot
2025-04-06 08:47:34,574 - httpx - INFO - HTTP Request: POST https://api.telegram.org/bot7209418219:AAG3PCfMo53ocGGHYov1O04kzn56OKUhcP4/getUpdates "HTTP/1.1 200 OK"
2025-04-06 08:47:39,074 - httpx - INFO - HTTP Request: POST https://api.telegram.org/bot7209418219:AAG3PCfMo53ocGGHYov1O04kzn56OKUhcP4/getUpdates "HTTP/1.1 200 OK"
2025-04-06 08:47:49,194 - httpx - INFO - HTTP Request: POST https://api.telegram.org/bot7209418219:AAG3PCfMo53ocGGHYov1O04kzn56OKUhcP4/getUpdates "HTTP/1.1 200 OK"
2025-04-06 08:47:59,313 - httpx - INFO - HTTP Request: POST https://api.telegram.org/bot7209418219:AAG3PCfMo53ocGGHYov1O04kzn56OKUhcP4/getUpdates "HTTP/1.1 200 OK"
2025-04-06 08:48:09,433 - httpx - INFO - HTTP Request: POST https://api.telegram.org/bot7209418219:AAG3PCfMo53ocGGHYov1O04kzn56OKUhcP4/getUpdates "HTTP/1.1 200 OK"
2025-04-06 08:48:19,553 - httpx - INFO - HTTP Request: POST https://api.telegram.org/bot7209418219:AAG3PCfMo53ocGGHYov1O04kzn56OKUhcP4/getUpdates "HTTP/1.1 200 OK"
2025-04-06 08:48:29,673 - httpx - INFO - HTTP Request: POST https://api.telegram.org/bot7209418219:AAG3PCfMo53ocGGHYov1O04kzn56OKUhcP4/getUpdates "HTTP/1.1 200 OK"
2025-04-06 08:48:39,792 - httpx - INFO - HTTP Request: POST https://api.telegram.org/bot7209418219:AAG3PCfMo53ocGGHYov1O04kzn56OKUhcP4/getUpdates "HTTP/1.1 200 OK"
2025-04-06 08:48:49,929 - httpx - INFO - HTTP Request: POST https://api.telegram.org/bot7209418219:AAG3PCfMo53ocGGHYov1O04kzn56OKUhcP4/getUpdates "HTTP/1.1 200 OK"
2025-04-06 08:48:50,288 - httpx - INFO - HTTP Request: POST https://api.telegram.org/bot7209418219:AAG3PCfMo53ocGGHYov1O04kzn56OKUhcP4/getUpdates "HTTP/1.1 200 OK"
2025-04-06 08:49:00,408 - httpx - INFO - HTTP Request: POST https://api.telegram.org/bot7209418219:AAG3PCfMo53ocGGHYov1O04kzn56OKUhcP4/getUpdates "HTTP/1.1 200 OK"
2025-04-06 08:49:06,479 - httpx - INFO - HTTP Request: POST https://api.telegram.org/bot7209418219:AAG3PCfMo53ocGGHYov1O04kzn56OKUhcP4/getUpdates "HTTP/1.1 200 OK"
2025-04-06 08:49:06,908 - httpx - INFO - HTTP Request: POST https://api.telegram.org/bot7209418219:AAG3PCfMo53ocGGHYov1O04kzn56OKUhcP4/sendMessage "HTTP/1.1 200 OK"
2025-04-06 08:49:09,100 - httpx - INFO - HTTP Request: POST https://api.telegram.org/bot7209418219:AAG3PCfMo53ocGGHYov1O04kzn56OKUhcP4/getUpdates "HTTP/1.1 200 OK"
2025-04-06 08:49:09,226 - httpx - INFO - HTTP Request: POST https://api.telegram.org/bot7209418219:AAG3PCfMo53ocGGHYov1O04kzn56OKUhcP4/answerCallbackQuery "HTTP/1.1 200 OK"
2025-04-06 08:49:09,420 - httpx - INFO - HTTP Request: POST https://api.telegram.org/bot7209418219:AAG3PCfMo53ocGGHYov1O04kzn56OKUhcP4/sendMessage "HTTP/1.1 200 OK"
2025-04-06 08:49:09,558 - httpx - INFO - HTTP Request: POST https://api.telegram.org/bot7209418219:AAG3PCfMo53ocGGHYov1O04kzn56OKUhcP4/getUpdates "HTTP/1.1 200 OK"
2025-04-06 08:49:15,863 - httpx - INFO - HTTP Request: POST https://api.telegram.org/bot7209418219:AAG3PCfMo53ocGGHYov1O04kzn56OKUhcP4/getUpdates "HTTP/1.1 200 OK"
2025-04-06 08:49:19,387 - httpx - INFO - HTTP Request: POST https://api.telegram.org/bot7209418219:AAG3PCfMo53ocGGHYov1O04kzn56OKUhcP4/getUpdates "HTTP/1.1 200 OK"
2025-04-06 08:49:19,790 - httpx - INFO - HTTP Request: POST https://api.telegram.org/bot7209418219:AAG3PCfMo53ocGGHYov1O04kzn56OKUhcP4/sendMessage "HTTP/1.1 200 OK"
2025-04-06 08:49:29,507 - httpx - INFO - HTTP Request: POST https://api.telegram.org/bot7209418219:AAG3PCfMo53ocGGHYov1O04kzn56OKUhcP4/getUpdates "HTTP/1.1 200 OK"
2025-04-06 08:49:35,081 - httpx - INFO - HTTP Request: POST https://api.telegram.org/bot7209418219:AAG3PCfMo53ocGGHYov1O04kzn56OKUhcP4/getUpdates "HTTP/1.1 200 OK"
2025-04-06 08:49:35,083 - conversation_handler - INFO - Ignoring message in group chat that's not directed at the bot
2025-04-06 08:49:45,203 - httpx - INFO - HTTP Request: POST https://api.telegram.org/bot7209418219:AAG3PCfMo53ocGGHYov1O04kzn56OKUhcP4/getUpdates "HTTP/1.1 200 OK"
2025-04-06 08:49:55,323 - httpx - INFO - HTTP Request: POST https://api.telegram.org/bot7209418219:AAG3PCfMo53ocGGHYov1O04kzn56OKUhcP4/getUpdates "HTTP/1.1 200 OK"
2025-04-06 08:49:55,857 - httpx - INFO - HTTP Request: POST https://api.telegram.org/bot7209418219:AAG3PCfMo53ocGGHYov1O04kzn56OKUhcP4/getUpdates "HTTP/1.1 200 OK"
2025-04-06 08:49:55,859 - conversation_handler - INFO - Ignoring message in group chat that's not directed at the bot
2025-04-06 08:50:05,976 - httpx - INFO - HTTP Request: POST https://api.telegram.org/bot7209418219:AAG3PCfMo53ocGGHYov1O04kzn56OKUhcP4/getUpdates "HTTP/1.1 200 OK"
2025-04-06 08:50:12,637 - httpx - INFO - HTTP Request: POST https://api.telegram.org/bot7209418219:AAG3PCfMo53ocGGHYov1O04kzn56OKUhcP4/getUpdates "HTTP/1.1 200 OK"
2025-04-06 08:50:13,044 - httpx - INFO - HTTP Request: POST https://api.telegram.org/bot7209418219:AAG3PCfMo53ocGGHYov1O04kzn56OKUhcP4/answerCallbackQuery "HTTP/1.1 200 OK"
2025-04-06 08:50:13,227 - httpx - INFO - HTTP Request: POST https://api.telegram.org/bot7209418219:AAG3PCfMo53ocGGHYov1O04kzn56OKUhcP4/editMessageText "HTTP/1.1 200 OK"
2025-04-06 08:50:14,472 - httpx - INFO - HTTP Request: POST https://api.telegram.org/bot7209418219:AAG3PCfMo53ocGGHYov1O04kzn56OKUhcP4/getUpdates "HTTP/1.1 200 OK"
2025-04-06 08:50:14,597 - httpx - INFO - HTTP Request: POST https://api.telegram.org/bot7209418219:AAG3PCfMo53ocGGHYov1O04kzn56OKUhcP4/answerCallbackQuery "HTTP/1.1 200 OK"
2025-04-06 08:50:14,770 - httpx - INFO - HTTP Request: POST https://api.telegram.org/bot7209418219:AAG3PCfMo53ocGGHYov1O04kzn56OKUhcP4/editMessageText "HTTP/1.1 200 OK"
2025-04-06 08:50:21,245 - httpx - INFO - HTTP Request: POST https://api.telegram.org/bot7209418219:AAG3PCfMo53ocGGHYov1O04kzn56OKUhcP4/getUpdates "HTTP/1.1 200 OK"
2025-04-06 08:50:21,640 - httpx - INFO - HTTP Request: POST https://api.telegram.org/bot7209418219:AAG3PCfMo53ocGGHYov1O04kzn56OKUhcP4/sendMessage "HTTP/1.1 200 OK"
2025-04-06 08:50:23,133 - httpx - INFO - HTTP Request: POST https://api.telegram.org/bot7209418219:AAG3PCfMo53ocGGHYov1O04kzn56OKUhcP4/getUpdates "HTTP/1.1 200 OK"
2025-04-06 08:50:23,264 - httpx - INFO - HTTP Request: POST https://api.telegram.org/bot7209418219:AAG3PCfMo53ocGGHYov1O04kzn56OKUhcP4/answerCallbackQuery "HTTP/1.1 200 OK"
2025-04-06 08:50:23,409 - httpx - INFO - HTTP Request: POST https://api.telegram.org/bot7209418219:AAG3PCfMo53ocGGHYov1O04kzn56OKUhcP4/editMessageText "HTTP/1.1 200 OK"
2025-04-06 08:50:24,635 - httpx - INFO - HTTP Request: POST https://api.telegram.org/bot7209418219:AAG3PCfMo53ocGGHYov1O04kzn56OKUhcP4/getUpdates "HTTP/1.1 200 OK"
2025-04-06 08:50:24,789 - httpx - INFO - HTTP Request: POST https://api.telegram.org/bot7209418219:AAG3PCfMo53ocGGHYov1O04kzn56OKUhcP4/answerCallbackQuery "HTTP/1.1 200 OK"
2025-04-06 08:50:24,978 - httpx - INFO - HTTP Request: POST https://api.telegram.org/bot7209418219:AAG3PCfMo53ocGGHYov1O04kzn56OKUhcP4/editMessageText "HTTP/1.1 200 OK"
2025-04-06 08:50:34,755 - httpx - INFO - HTTP Request: POST https://api.telegram.org/bot7209418219:AAG3PCfMo53ocGGHYov1O04kzn56OKUhcP4/getUpdates "HTTP/1.1 200 OK"
2025-04-06 08:50:44,875 - httpx - INFO - HTTP Request: POST https://api.telegram.org/bot7209418219:AAG3PCfMo53ocGGHYov1O04kzn56OKUhcP4/getUpdates "HTTP/1.1 200 OK"
2025-04-06 08:50:53,834 - httpx - INFO - HTTP Request: POST https://api.telegram.org/bot7209418219:AAG3PCfMo53ocGGHYov1O04kzn56OKUhcP4/getUpdates "HTTP/1.1 200 OK"
2025-04-06 08:50:53,836 - conversation_handler - INFO - Ignoring message in group chat that's not directed at the bot
2025-04-06 08:51:03,955 - httpx - INFO - HTTP Request: POST https://api.telegram.org/bot7209418219:AAG3PCfMo53ocGGHYov1O04kzn56OKUhcP4/getUpdates "HTTP/1.1 200 OK"
2025-04-06 08:51:08,685 - httpx - INFO - HTTP Request: POST https://api.telegram.org/bot7209418219:AAG3PCfMo53ocGGHYov1O04kzn56OKUhcP4/getUpdates "HTTP/1.1 200 OK"
2025-04-06 08:51:09,520 - httpx - INFO - HTTP Request: POST https://api.telegram.org/bot7209418219:AAG3PCfMo53ocGGHYov1O04kzn56OKUhcP4/getUpdates "HTTP/1.1 200 OK"
2025-04-06 08:51:14,180 - httpx - INFO - HTTP Request: POST https://api.telegram.org/bot7209418219:AAG3PCfMo53ocGGHYov1O04kzn56OKUhcP4/getUpdates "HTTP/1.1 200 OK"
2025-04-06 08:51:24,300 - httpx - INFO - HTTP Request: POST https://api.telegram.org/bot7209418219:AAG3PCfMo53ocGGHYov1O04kzn56OKUhcP4/getUpdates "HTTP/1.1 200 OK"
2025-04-06 08:51:31,807 - httpx - INFO - HTTP Request: POST https://api.telegram.org/bot7209418219:AAG3PCfMo53ocGGHYov1O04kzn56OKUhcP4/getUpdates "HTTP/1.1 200 OK"
2025-04-06 08:51:41,932 - httpx - INFO - HTTP Request: POST https://api.telegram.org/bot7209418219:AAG3PCfMo53ocGGHYov1O04kzn56OKUhcP4/getUpdates "HTTP/1.1 200 OK"
2025-04-06 08:51:52,052 - httpx - INFO - HTTP Request: POST https://api.telegram.org/bot7209418219:AAG3PCfMo53ocGGHYov1O04kzn56OKUhcP4/getUpdates "HTTP/1.1 200 OK"
2025-04-06 08:52:02,174 - httpx - INFO - HTTP Request: POST https://api.telegram.org/bot7209418219:AAG3PCfMo53ocGGHYov1O04kzn56OKUhcP4/getUpdates "HTTP/1.1 200 OK"
2025-04-06 08:52:12,294 - httpx - INFO - HTTP Request: POST https://api.telegram.org/bot7209418219:AAG3PCfMo53ocGGHYov1O04kzn56OKUhcP4/getUpdates "HTTP/1.1 200 OK"
2025-04-06 08:52:14,577 - httpx - INFO - HTTP Request: POST https://api.telegram.org/bot7209418219:AAG3PCfMo53ocGGHYov1O04kzn56OKUhcP4/getUpdates "HTTP/1.1 200 OK"
2025-04-06 08:52:23,730 - httpx - INFO - HTTP Request: POST https://api.telegram.org/bot7209418219:AAG3PCfMo53ocGGHYov1O04kzn56OKUhcP4/getUpdates "HTTP/1.1 200 OK"
2025-04-06 08:52:23,732 - conversation_handler - INFO - Ignoring message in group chat that's not directed at the bot
2025-04-06 08:52:33,850 - httpx - INFO - HTTP Request: POST https://api.telegram.org/bot7209418219:AAG3PCfMo53ocGGHYov1O04kzn56OKUhcP4/getUpdates "HTTP/1.1 200 OK"
2025-04-06 08:52:43,970 - httpx - INFO - HTTP Request: POST https://api.telegram.org/bot7209418219:AAG3PCfMo53ocGGHYov1O04kzn56OKUhcP4/getUpdates "HTTP/1.1 200 OK"
2025-04-06 08:52:54,090 - httpx - INFO - HTTP Request: POST https://api.telegram.org/bot7209418219:AAG3PCfMo53ocGGHYov1O04kzn56OKUhcP4/getUpdates "HTTP/1.1 200 OK"
2025-04-06 08:53:04,210 - httpx - INFO - HTTP Request: POST https://api.telegram.org/bot7209418219:AAG3PCfMo53ocGGHYov1O04kzn56OKUhcP4/getUpdates "HTTP/1.1 200 OK"
2025-04-06 08:53:14,109 - httpx - INFO - HTTP Request: POST https://api.telegram.org/bot7209418219:AAG3PCfMo53ocGGHYov1O04kzn56OKUhcP4/getUpdates "HTTP/1.1 200 OK"
2025-04-06 08:53:24,229 - httpx - INFO - HTTP Request: POST https://api.telegram.org/bot7209418219:AAG3PCfMo53ocGGHYov1O04kzn56OKUhcP4/getUpdates "HTTP/1.1 200 OK"
2025-04-06 08:53:24,474 - httpx - INFO - HTTP Request: POST https://api.telegram.org/bot7209418219:AAG3PCfMo53ocGGHYov1O04kzn56OKUhcP4/getUpdates "HTTP/1.1 200 OK"
2025-04-06 08:53:34,594 - httpx - INFO - HTTP Request: POST https://api.telegram.org/bot7209418219:AAG3PCfMo53ocGGHYov1O04kzn56OKUhcP4/getUpdates "HTTP/1.1 200 OK"
2025-04-06 08:53:44,714 - httpx - INFO - HTTP Request: POST https://api.telegram.org/bot7209418219:AAG3PCfMo53ocGGHYov1O04kzn56OKUhcP4/getUpdates "HTTP/1.1 200 OK"
2025-04-06 08:53:50,906 - httpx - INFO - HTTP Request: POST https://api.telegram.org/bot7209418219:AAG3PCfMo53ocGGHYov1O04kzn56OKUhcP4/getUpdates "HTTP/1.1 200 OK"
2025-04-06 08:54:01,026 - httpx - INFO - HTTP Request: POST https://api.telegram.org/bot7209418219:AAG3PCfMo53ocGGHYov1O04kzn56OKUhcP4/getUpdates "HTTP/1.1 200 OK"
2025-04-06 08:54:11,145 - httpx - INFO - HTTP Request: POST https://api.telegram.org/bot7209418219:AAG3PCfMo53ocGGHYov1O04kzn56OKUhcP4/getUpdates "HTTP/1.1 200 OK"
2025-04-06 08:54:15,319 - httpx - INFO - HTTP Request: POST https://api.telegram.org/bot7209418219:AAG3PCfMo53ocGGHYov1O04kzn56OKUhcP4/getUpdates "HTTP/1.1 200 OK"
2025-04-06 08:54:15,321 - conversation_handler - INFO - Ignoring message in group chat that's not directed at the bot
2025-04-06 08:54:20,523 - httpx - INFO - HTTP Request: POST https://api.telegram.org/bot7209418219:AAG3PCfMo53ocGGHYov1O04kzn56OKUhcP4/getUpdates "HTTP/1.1 200 OK"
2025-04-06 08:54:20,525 - conversation_handler - INFO - Ignoring message in group chat that's not directed at the bot
2025-04-06 08:54:21,920 - httpx - INFO - HTTP Request: POST https://api.telegram.org/bot7209418219:AAG3PCfMo53ocGGHYov1O04kzn56OKUhcP4/getUpdates "HTTP/1.1 200 OK"
2025-04-06 08:54:21,921 - conversation_handler - INFO - Ignoring message in group chat that's not directed at the bot
2025-04-06 08:54:22,821 - httpx - INFO - HTTP Request: POST https://api.telegram.org/bot7209418219:AAG3PCfMo53ocGGHYov1O04kzn56OKUhcP4/getUpdates "HTTP/1.1 200 OK"
2025-04-06 08:54:22,822 - conversation_handler - INFO - Ignoring message in group chat that's not directed at the bot
2025-04-06 08:54:24,746 - httpx - INFO - HTTP Request: POST https://api.telegram.org/bot7209418219:AAG3PCfMo53ocGGHYov1O04kzn56OKUhcP4/getUpdates "HTTP/1.1 200 OK"
2025-04-06 08:54:27,487 - httpx - INFO - HTTP Request: POST https://api.telegram.org/bot7209418219:AAG3PCfMo53ocGGHYov1O04kzn56OKUhcP4/getUpdates "HTTP/1.1 200 OK"
2025-04-06 08:54:34,706 - httpx - INFO - HTTP Request: POST https://api.telegram.org/bot7209418219:AAG3PCfMo53ocGGHYov1O04kzn56OKUhcP4/getUpdates "HTTP/1.1 200 OK"
2025-04-06 08:54:34,708 - conversation_handler - INFO - Ignoring message in group chat that's not directed at the bot
2025-04-06 08:54:44,833 - httpx - INFO - HTTP Request: POST https://api.telegram.org/bot7209418219:AAG3PCfMo53ocGGHYov1O04kzn56OKUhcP4/getUpdates "HTTP/1.1 200 OK"
2025-04-06 08:54:54,952 - httpx - INFO - HTTP Request: POST https://api.telegram.org/bot7209418219:AAG3PCfMo53ocGGHYov1O04kzn56OKUhcP4/getUpdates "HTTP/1.1 200 OK"
2025-04-06 08:55:05,072 - httpx - INFO - HTTP Request: POST https://api.telegram.org/bot7209418219:AAG3PCfMo53ocGGHYov1O04kzn56OKUhcP4/getUpdates "HTTP/1.1 200 OK"
2025-04-06 08:55:15,191 - httpx - INFO - HTTP Request: POST https://api.telegram.org/bot7209418219:AAG3PCfMo53ocGGHYov1O04kzn56OKUhcP4/getUpdates "HTTP/1.1 200 OK"
2025-04-06 08:55:25,313 - httpx - INFO - HTTP Request: POST https://api.telegram.org/bot7209418219:AAG3PCfMo53ocGGHYov1O04kzn56OKUhcP4/getUpdates "HTTP/1.1 200 OK"
2025-04-06 08:55:35,433 - httpx - INFO - HTTP Request: POST https://api.telegram.org/bot7209418219:AAG3PCfMo53ocGGHYov1O04kzn56OKUhcP4/getUpdates "HTTP/1.1 200 OK"
2025-04-06 08:55:45,553 - httpx - INFO - HTTP Request: POST https://api.telegram.org/bot7209418219:AAG3PCfMo53ocGGHYov1O04kzn56OKUhcP4/getUpdates "HTTP/1.1 200 OK"
2025-04-06 08:55:55,673 - httpx - INFO - HTTP Request: POST https://api.telegram.org/bot7209418219:AAG3PCfMo53ocGGHYov1O04kzn56OKUhcP4/getUpdates "HTTP/1.1 200 OK"
2025-04-06 08:56:05,792 - httpx - INFO - HTTP Request: POST https://api.telegram.org/bot7209418219:AAG3PCfMo53ocGGHYov1O04kzn56OKUhcP4/getUpdates "HTTP/1.1 200 OK"
2025-04-06 08:56:08,297 - httpx - INFO - HTTP Request: POST https://api.telegram.org/bot7209418219:AAG3PCfMo53ocGGHYov1O04kzn56OKUhcP4/getUpdates "HTTP/1.1 200 OK"
2025-04-06 08:56:08,298 - telegram.ext.Application - INFO - Application is stopping. This might take a moment.
2025-04-06 08:56:08,298 - telegram.ext.Application - INFO - Application.stop() complete
2025-04-06 08:56:09,475 - root - INFO - Bot started!
2025-04-06 08:56:09,879 - httpx - INFO - HTTP Request: POST https://api.telegram.org/bot7209418219:AAG3PCfMo53ocGGHYov1O04kzn56OKUhcP4/getMe "HTTP/1.1 200 OK"
2025-04-06 08:56:10,000 - httpx - INFO - HTTP Request: POST https://api.telegram.org/bot7209418219:AAG3PCfMo53ocGGHYov1O04kzn56OKUhcP4/deleteWebhook "HTTP/1.1 200 OK"
2025-04-06 08:56:10,001 - telegram.ext.Application - INFO - Application started
2025-04-06 08:56:10,367 - httpx - INFO - HTTP Request: POST https://api.telegram.org/bot7209418219:AAG3PCfMo53ocGGHYov1O04kzn56OKUhcP4/getUpdates "HTTP/1.1 200 OK"
2025-04-06 08:56:13,736 - httpx - INFO - HTTP Request: POST https://api.telegram.org/bot7209418219:AAG3PCfMo53ocGGHYov1O04kzn56OKUhcP4/getUpdates "HTTP/1.1 200 OK"
2025-04-06 08:56:13,738 - conversation_handler - INFO - Ignoring message in group chat that's not directed at the bot
2025-04-06 08:56:23,855 - httpx - INFO - HTTP Request: POST https://api.telegram.org/bot7209418219:AAG3PCfMo53ocGGHYov1O04kzn56OKUhcP4/getUpdates "HTTP/1.1 200 OK"
2025-04-06 08:56:33,981 - httpx - INFO - HTTP Request: POST https://api.telegram.org/bot7209418219:AAG3PCfMo53ocGGHYov1O04kzn56OKUhcP4/getUpdates "HTTP/1.1 200 OK"
2025-04-06 08:56:44,101 - httpx - INFO - HTTP Request: POST https://api.telegram.org/bot7209418219:AAG3PCfMo53ocGGHYov1O04kzn56OKUhcP4/getUpdates "HTTP/1.1 200 OK"
2025-04-06 08:56:54,220 - httpx - INFO - HTTP Request: POST https://api.telegram.org/bot7209418219:AAG3PCfMo53ocGGHYov1O04kzn56OKUhcP4/getUpdates "HTTP/1.1 200 OK"
2025-04-06 08:56:55,003 - httpx - INFO - HTTP Request: POST https://api.telegram.org/bot7209418219:AAG3PCfMo53ocGGHYov1O04kzn56OKUhcP4/getUpdates "HTTP/1.1 200 OK"
2025-04-06 08:57:05,129 - httpx - INFO - HTTP Request: POST https://api.telegram.org/bot7209418219:AAG3PCfMo53ocGGHYov1O04kzn56OKUhcP4/getUpdates "HTTP/1.1 200 OK"
2025-04-06 08:57:15,248 - httpx - INFO - HTTP Request: POST https://api.telegram.org/bot7209418219:AAG3PCfMo53ocGGHYov1O04kzn56OKUhcP4/getUpdates "HTTP/1.1 200 OK"
2025-04-06 08:57:25,370 - httpx - INFO - HTTP Request: POST https://api.telegram.org/bot7209418219:AAG3PCfMo53ocGGHYov1O04kzn56OKUhcP4/getUpdates "HTTP/1.1 200 OK"
2025-04-06 08:57:34,206 - httpx - INFO - HTTP Request: POST https://api.telegram.org/bot7209418219:AAG3PCfMo53ocGGHYov1O04kzn56OKUhcP4/getUpdates "HTTP/1.1 200 OK"
2025-04-06 08:57:44,325 - httpx - INFO - HTTP Request: POST https://api.telegram.org/bot7209418219:AAG3PCfMo53ocGGHYov1O04kzn56OKUhcP4/getUpdates "HTTP/1.1 200 OK"
2025-04-06 08:57:49,907 - httpx - INFO - HTTP Request: POST https://api.telegram.org/bot7209418219:AAG3PCfMo53ocGGHYov1O04kzn56OKUhcP4/getUpdates "HTTP/1.1 200 OK"
2025-04-06 08:57:49,909 - conversation_handler - INFO - Ignoring message in group chat that's not directed at the bot
2025-04-06 08:58:00,026 - httpx - INFO - HTTP Request: POST https://api.telegram.org/bot7209418219:AAG3PCfMo53ocGGHYov1O04kzn56OKUhcP4/getUpdates "HTTP/1.1 200 OK"
2025-04-06 08:58:10,146 - httpx - INFO - HTTP Request: POST https://api.telegram.org/bot7209418219:AAG3PCfMo53ocGGHYov1O04kzn56OKUhcP4/getUpdates "HTTP/1.1 200 OK"
2025-04-06 08:58:15,907 - httpx - INFO - HTTP Request: POST https://api.telegram.org/bot7209418219:AAG3PCfMo53ocGGHYov1O04kzn56OKUhcP4/getUpdates "HTTP/1.1 200 OK"
2025-04-06 08:58:16,306 - httpx - INFO - HTTP Request: POST https://api.telegram.org/bot7209418219:AAG3PCfMo53ocGGHYov1O04kzn56OKUhcP4/sendMessage "HTTP/1.1 200 OK"
2025-04-06 08:58:22,458 - httpx - INFO - HTTP Request: POST https://api.telegram.org/bot7209418219:AAG3PCfMo53ocGGHYov1O04kzn56OKUhcP4/getUpdates "HTTP/1.1 200 OK"
2025-04-06 08:58:22,460 - conversation_handler - INFO - Ignoring message in group chat that's not directed at the bot
2025-04-06 08:58:25,517 - httpx - INFO - HTTP Request: POST https://api.telegram.org/bot7209418219:AAG3PCfMo53ocGGHYov1O04kzn56OKUhcP4/getUpdates "HTTP/1.1 200 OK"
2025-04-06 08:58:25,880 - httpx - INFO - HTTP Request: POST https://api.telegram.org/bot7209418219:AAG3PCfMo53ocGGHYov1O04kzn56OKUhcP4/answerCallbackQuery "HTTP/1.1 200 OK"
2025-04-06 08:58:26,056 - httpx - INFO - HTTP Request: POST https://api.telegram.org/bot7209418219:AAG3PCfMo53ocGGHYov1O04kzn56OKUhcP4/sendMessage "HTTP/1.1 200 OK"
2025-04-06 08:58:35,638 - httpx - INFO - HTTP Request: POST https://api.telegram.org/bot7209418219:AAG3PCfMo53ocGGHYov1O04kzn56OKUhcP4/getUpdates "HTTP/1.1 200 OK"
2025-04-06 08:58:45,758 - httpx - INFO - HTTP Request: POST https://api.telegram.org/bot7209418219:AAG3PCfMo53ocGGHYov1O04kzn56OKUhcP4/getUpdates "HTTP/1.1 200 OK"
2025-04-06 08:58:55,879 - httpx - INFO - HTTP Request: POST https://api.telegram.org/bot7209418219:AAG3PCfMo53ocGGHYov1O04kzn56OKUhcP4/getUpdates "HTTP/1.1 200 OK"
2025-04-06 08:59:05,999 - httpx - INFO - HTTP Request: POST https://api.telegram.org/bot7209418219:AAG3PCfMo53ocGGHYov1O04kzn56OKUhcP4/getUpdates "HTTP/1.1 200 OK"
2025-04-06 08:59:16,126 - httpx - INFO - HTTP Request: POST https://api.telegram.org/bot7209418219:AAG3PCfMo53ocGGHYov1O04kzn56OKUhcP4/getUpdates "HTTP/1.1 200 OK"
2025-04-06 08:59:26,258 - httpx - INFO - HTTP Request: POST https://api.telegram.org/bot7209418219:AAG3PCfMo53ocGGHYov1O04kzn56OKUhcP4/getUpdates "HTTP/1.1 200 OK"
2025-04-06 08:59:36,377 - httpx - INFO - HTTP Request: POST https://api.telegram.org/bot7209418219:AAG3PCfMo53ocGGHYov1O04kzn56OKUhcP4/getUpdates "HTTP/1.1 200 OK"
2025-04-06 08:59:46,496 - httpx - INFO - HTTP Request: POST https://api.telegram.org/bot7209418219:AAG3PCfMo53ocGGHYov1O04kzn56OKUhcP4/getUpdates "HTTP/1.1 200 OK"
2025-04-06 08:59:55,111 - httpx - INFO - HTTP Request: POST https://api.telegram.org/bot7209418219:AAG3PCfMo53ocGGHYov1O04kzn56OKUhcP4/getUpdates "HTTP/1.1 200 OK"
2025-04-06 08:59:55,112 - telegram.ext.Application - INFO - Application is stopping. This might take a moment.
2025-04-06 08:59:55,112 - telegram.ext.Application - INFO - Application.stop() complete
2025-04-06 08:59:55,709 - root - INFO - Bot started!
2025-04-06 08:59:56,074 - httpx - INFO - HTTP Request: POST https://api.telegram.org/bot7209418219:AAG3PCfMo53ocGGHYov1O04kzn56OKUhcP4/getMe "HTTP/1.1 200 OK"
2025-04-06 08:59:56,194 - httpx - INFO - HTTP Request: POST https://api.telegram.org/bot7209418219:AAG3PCfMo53ocGGHYov1O04kzn56OKUhcP4/deleteWebhook "HTTP/1.1 200 OK"
2025-04-06 08:59:56,195 - telegram.ext.Application - INFO - Application started
2025-04-06 09:00:06,563 - httpx - INFO - HTTP Request: POST https://api.telegram.org/bot7209418219:AAG3PCfMo53ocGGHYov1O04kzn56OKUhcP4/getUpdates "HTTP/1.1 200 OK"
2025-04-06 09:00:16,681 - httpx - INFO - HTTP Request: POST https://api.telegram.org/bot7209418219:AAG3PCfMo53ocGGHYov1O04kzn56OKUhcP4/getUpdates "HTTP/1.1 200 OK"
2025-04-06 09:00:26,807 - httpx - INFO - HTTP Request: POST https://api.telegram.org/bot7209418219:AAG3PCfMo53ocGGHYov1O04kzn56OKUhcP4/getUpdates "HTTP/1.1 200 OK"
2025-04-06 09:00:36,926 - httpx - INFO - HTTP Request: POST https://api.telegram.org/bot7209418219:AAG3PCfMo53ocGGHYov1O04kzn56OKUhcP4/getUpdates "HTTP/1.1 200 OK"
2025-04-06 09:00:47,046 - httpx - INFO - HTTP Request: POST https://api.telegram.org/bot7209418219:AAG3PCfMo53ocGGHYov1O04kzn56OKUhcP4/getUpdates "HTTP/1.1 200 OK"
2025-04-06 09:00:57,165 - httpx - INFO - HTTP Request: POST https://api.telegram.org/bot7209418219:AAG3PCfMo53ocGGHYov1O04kzn56OKUhcP4/getUpdates "HTTP/1.1 200 OK"
2025-04-06 09:01:07,287 - httpx - INFO - HTTP Request: POST https://api.telegram.org/bot7209418219:AAG3PCfMo53ocGGHYov1O04kzn56OKUhcP4/getUpdates "HTTP/1.1 200 OK"
2025-04-06 09:01:17,407 - httpx - INFO - HTTP Request: POST https://api.telegram.org/bot7209418219:AAG3PCfMo53ocGGHYov1O04kzn56OKUhcP4/getUpdates "HTTP/1.1 200 OK"
2025-04-06 09:01:27,529 - httpx - INFO - HTTP Request: POST https://api.telegram.org/bot7209418219:AAG3PCfMo53ocGGHYov1O04kzn56OKUhcP4/getUpdates "HTTP/1.1 200 OK"
2025-04-06 09:01:27,698 - httpx - INFO - HTTP Request: POST https://api.telegram.org/bot7209418219:AAG3PCfMo53ocGGHYov1O04kzn56OKUhcP4/getUpdates "HTTP/1.1 200 OK"
2025-04-06 09:01:37,819 - httpx - INFO - HTTP Request: POST https://api.telegram.org/bot7209418219:AAG3PCfMo53ocGGHYov1O04kzn56OKUhcP4/getUpdates "HTTP/1.1 200 OK"
2025-04-06 09:01:47,940 - httpx - INFO - HTTP Request: POST https://api.telegram.org/bot7209418219:AAG3PCfMo53ocGGHYov1O04kzn56OKUhcP4/getUpdates "HTTP/1.1 200 OK"
2025-04-06 09:01:57,792 - httpx - INFO - HTTP Request: POST https://api.telegram.org/bot7209418219:AAG3PCfMo53ocGGHYov1O04kzn56OKUhcP4/getUpdates "HTTP/1.1 200 OK"
2025-04-06 09:01:58,225 - httpx - INFO - HTTP Request: POST https://api.telegram.org/bot7209418219:AAG3PCfMo53ocGGHYov1O04kzn56OKUhcP4/sendMessage "HTTP/1.1 200 OK"
2025-04-06 09:01:59,902 - httpx - INFO - HTTP Request: POST https://api.telegram.org/bot7209418219:AAG3PCfMo53ocGGHYov1O04kzn56OKUhcP4/getUpdates "HTTP/1.1 200 OK"
2025-04-06 09:02:00,025 - httpx - INFO - HTTP Request: POST https://api.telegram.org/bot7209418219:AAG3PCfMo53ocGGHYov1O04kzn56OKUhcP4/answerCallbackQuery "HTTP/1.1 200 OK"
2025-04-06 09:02:00,187 - httpx - INFO - HTTP Request: POST https://api.telegram.org/bot7209418219:AAG3PCfMo53ocGGHYov1O04kzn56OKUhcP4/sendMessage "HTTP/1.1 200 OK"
2025-04-06 09:02:00,975 - httpx - INFO - HTTP Request: POST https://api.telegram.org/bot7209418219:AAG3PCfMo53ocGGHYov1O04kzn56OKUhcP4/getUpdates "HTTP/1.1 200 OK"
2025-04-06 09:02:04,968 - httpx - INFO - HTTP Request: POST https://api.telegram.org/bot7209418219:AAG3PCfMo53ocGGHYov1O04kzn56OKUhcP4/getUpdates "HTTP/1.1 200 OK"
2025-04-06 09:02:05,100 - httpx - INFO - HTTP Request: POST https://api.telegram.org/bot7209418219:AAG3PCfMo53ocGGHYov1O04kzn56OKUhcP4/answerCallbackQuery "HTTP/1.1 200 OK"
2025-04-06 09:02:05,276 - httpx - INFO - HTTP Request: POST https://api.telegram.org/bot7209418219:AAG3PCfMo53ocGGHYov1O04kzn56OKUhcP4/editMessageText "HTTP/1.1 200 OK"
2025-04-06 09:02:11,169 - httpx - INFO - HTTP Request: POST https://api.telegram.org/bot7209418219:AAG3PCfMo53ocGGHYov1O04kzn56OKUhcP4/getUpdates "HTTP/1.1 200 OK"
2025-04-06 09:02:11,171 - conversation_handler - INFO - User 1159603709 replied to the bot in a group chat
2025-04-06 09:02:11,535 - httpx - INFO - HTTP Request: POST https://api.telegram.org/bot7209418219:AAG3PCfMo53ocGGHYov1O04kzn56OKUhcP4/sendChatAction "HTTP/1.1 200 OK"
2025-04-06 09:02:13,621 - httpx - INFO - HTTP Request: POST https://api.telegram.org/bot7209418219:AAG3PCfMo53ocGGHYov1O04kzn56OKUhcP4/sendMessage "HTTP/1.1 200 OK"
2025-04-06 09:02:19,798 - httpx - INFO - HTTP Request: POST https://api.telegram.org/bot7209418219:AAG3PCfMo53ocGGHYov1O04kzn56OKUhcP4/getUpdates "HTTP/1.1 200 OK"
2025-04-06 09:02:19,800 - conversation_handler - INFO - User 1159603709 replied to the bot in a group chat
2025-04-06 09:02:20,212 - httpx - INFO - HTTP Request: POST https://api.telegram.org/bot7209418219:AAG3PCfMo53ocGGHYov1O04kzn56OKUhcP4/sendChatAction "HTTP/1.1 200 OK"
2025-04-06 09:02:21,764 - httpx - INFO - HTTP Request: POST https://api.telegram.org/bot7209418219:AAG3PCfMo53ocGGHYov1O04kzn56OKUhcP4/sendMessage "HTTP/1.1 200 OK"
2025-04-06 09:02:27,798 - httpx - INFO - HTTP Request: POST https://api.telegram.org/bot7209418219:AAG3PCfMo53ocGGHYov1O04kzn56OKUhcP4/getUpdates "HTTP/1.1 200 OK"
2025-04-06 09:02:27,799 - conversation_handler - INFO - User 1159603709 replied to the bot in a group chat
2025-04-06 09:02:28,162 - httpx - INFO - HTTP Request: POST https://api.telegram.org/bot7209418219:AAG3PCfMo53ocGGHYov1O04kzn56OKUhcP4/sendChatAction "HTTP/1.1 200 OK"
2025-04-06 09:02:29,534 - httpx - INFO - HTTP Request: POST https://api.telegram.org/bot7209418219:AAG3PCfMo53ocGGHYov1O04kzn56OKUhcP4/getUpdates "HTTP/1.1 200 OK"
2025-04-06 09:02:30,286 - httpx - INFO - HTTP Request: POST https://api.telegram.org/bot7209418219:AAG3PCfMo53ocGGHYov1O04kzn56OKUhcP4/sendMessage "HTTP/1.1 200 OK"
2025-04-06 09:02:38,444 - httpx - INFO - HTTP Request: POST https://api.telegram.org/bot7209418219:AAG3PCfMo53ocGGHYov1O04kzn56OKUhcP4/getUpdates "HTTP/1.1 200 OK"
2025-04-06 09:02:38,445 - conversation_handler - INFO - User 1159603709 replied to the bot in a group chat
2025-04-06 09:02:38,871 - httpx - INFO - HTTP Request: POST https://api.telegram.org/bot7209418219:AAG3PCfMo53ocGGHYov1O04kzn56OKUhcP4/sendChatAction "HTTP/1.1 200 OK"
2025-04-06 09:02:42,302 - httpx - INFO - HTTP Request: POST https://api.telegram.org/bot7209418219:AAG3PCfMo53ocGGHYov1O04kzn56OKUhcP4/getUpdates "HTTP/1.1 200 OK"
2025-04-06 09:02:43,123 - httpx - INFO - HTTP Request: POST https://api.telegram.org/bot7209418219:AAG3PCfMo53ocGGHYov1O04kzn56OKUhcP4/sendMessage "HTTP/1.1 200 OK"
2025-04-06 09:02:43,124 - conversation_handler - INFO - Ignoring message in group chat that's not directed at the bot
2025-04-06 09:02:46,153 - httpx - INFO - HTTP Request: POST https://api.telegram.org/bot7209418219:AAG3PCfMo53ocGGHYov1O04kzn56OKUhcP4/getUpdates "HTTP/1.1 200 OK"
2025-04-06 09:02:56,273 - httpx - INFO - HTTP Request: POST https://api.telegram.org/bot7209418219:AAG3PCfMo53ocGGHYov1O04kzn56OKUhcP4/getUpdates "HTTP/1.1 200 OK"
2025-04-06 09:02:57,776 - httpx - INFO - HTTP Request: POST https://api.telegram.org/bot7209418219:AAG3PCfMo53ocGGHYov1O04kzn56OKUhcP4/getUpdates "HTTP/1.1 200 OK"
2025-04-06 09:02:57,777 - conversation_handler - INFO - User 6336835164 replied to the bot in a group chat
2025-04-06 09:02:58,214 - httpx - INFO - HTTP Request: POST https://api.telegram.org/bot7209418219:AAG3PCfMo53ocGGHYov1O04kzn56OKUhcP4/sendMessage "HTTP/1.1 200 OK"
2025-04-06 09:03:02,135 - httpx - INFO - HTTP Request: POST https://api.telegram.org/bot7209418219:AAG3PCfMo53ocGGHYov1O04kzn56OKUhcP4/getUpdates "HTTP/1.1 200 OK"
2025-04-06 09:03:02,262 - httpx - INFO - HTTP Request: POST https://api.telegram.org/bot7209418219:AAG3PCfMo53ocGGHYov1O04kzn56OKUhcP4/answerCallbackQuery "HTTP/1.1 200 OK"
2025-04-06 09:03:02,426 - httpx - INFO - HTTP Request: POST https://api.telegram.org/bot7209418219:AAG3PCfMo53ocGGHYov1O04kzn56OKUhcP4/sendMessage "HTTP/1.1 200 OK"
2025-04-06 09:03:12,255 - httpx - INFO - HTTP Request: POST https://api.telegram.org/bot7209418219:AAG3PCfMo53ocGGHYov1O04kzn56OKUhcP4/getUpdates "HTTP/1.1 200 OK"
2025-04-06 09:03:15,309 - httpx - INFO - HTTP Request: POST https://api.telegram.org/bot7209418219:AAG3PCfMo53ocGGHYov1O04kzn56OKUhcP4/getUpdates "HTTP/1.1 200 OK"
2025-04-06 09:03:15,679 - httpx - INFO - HTTP Request: POST https://api.telegram.org/bot7209418219:AAG3PCfMo53ocGGHYov1O04kzn56OKUhcP4/answerCallbackQuery "HTTP/1.1 200 OK"
2025-04-06 09:03:15,832 - httpx - INFO - HTTP Request: POST https://api.telegram.org/bot7209418219:AAG3PCfMo53ocGGHYov1O04kzn56OKUhcP4/editMessageText "HTTP/1.1 200 OK"
2025-04-06 09:03:25,430 - httpx - INFO - HTTP Request: POST https://api.telegram.org/bot7209418219:AAG3PCfMo53ocGGHYov1O04kzn56OKUhcP4/getUpdates "HTTP/1.1 200 OK"
2025-04-06 09:03:35,176 - httpx - INFO - HTTP Request: POST https://api.telegram.org/bot7209418219:AAG3PCfMo53ocGGHYov1O04kzn56OKUhcP4/getUpdates "HTTP/1.1 200 OK"
2025-04-06 09:03:35,178 - conversation_handler - INFO - User 6336835164 replied to the bot in a group chat
2025-04-06 09:03:35,545 - httpx - INFO - HTTP Request: POST https://api.telegram.org/bot7209418219:AAG3PCfMo53ocGGHYov1O04kzn56OKUhcP4/sendChatAction "HTTP/1.1 200 OK"
2025-04-06 09:03:37,124 - httpx - INFO - HTTP Request: POST https://api.telegram.org/bot7209418219:AAG3PCfMo53ocGGHYov1O04kzn56OKUhcP4/sendMessage "HTTP/1.1 200 OK"
2025-04-06 09:03:37,775 - httpx - INFO - HTTP Request: POST https://api.telegram.org/bot7209418219:AAG3PCfMo53ocGGHYov1O04kzn56OKUhcP4/getUpdates "HTTP/1.1 200 OK"
2025-04-06 09:03:47,897 - httpx - INFO - HTTP Request: POST https://api.telegram.org/bot7209418219:AAG3PCfMo53ocGGHYov1O04kzn56OKUhcP4/getUpdates "HTTP/1.1 200 OK"
2025-04-06 09:03:55,272 - httpx - INFO - HTTP Request: POST https://api.telegram.org/bot7209418219:AAG3PCfMo53ocGGHYov1O04kzn56OKUhcP4/getUpdates "HTTP/1.1 200 OK"
2025-04-06 09:03:55,273 - telegram.ext.Application - INFO - Application is stopping. This might take a moment.
2025-04-06 09:03:55,273 - telegram.ext.Application - INFO - Application.stop() complete
2025-04-06 09:03:57,335 - root - INFO - Bot started!
2025-04-06 09:03:57,753 - httpx - INFO - HTTP Request: POST https://api.telegram.org/bot7209418219:AAG3PCfMo53ocGGHYov1O04kzn56OKUhcP4/getMe "HTTP/1.1 200 OK"
2025-04-06 09:03:57,873 - httpx - INFO - HTTP Request: POST https://api.telegram.org/bot7209418219:AAG3PCfMo53ocGGHYov1O04kzn56OKUhcP4/deleteWebhook "HTTP/1.1 200 OK"
2025-04-06 09:03:57,876 - telegram.ext.Application - INFO - Application started
2025-04-06 09:04:04,645 - httpx - INFO - HTTP Request: POST https://api.telegram.org/bot7209418219:AAG3PCfMo53ocGGHYov1O04kzn56OKUhcP4/getUpdates "HTTP/1.1 200 OK"
2025-04-06 09:04:04,647 - conversation_handler - INFO - User 6336835164 replied to the bot in a group chat
2025-04-06 09:04:05,075 - httpx - INFO - HTTP Request: POST https://api.telegram.org/bot7209418219:AAG3PCfMo53ocGGHYov1O04kzn56OKUhcP4/sendChatAction "HTTP/1.1 200 OK"
2025-04-06 09:04:06,813 - httpx - INFO - HTTP Request: POST https://api.telegram.org/bot7209418219:AAG3PCfMo53ocGGHYov1O04kzn56OKUhcP4/sendMessage "HTTP/1.1 200 OK"
2025-04-06 09:04:12,292 - httpx - INFO - HTTP Request: POST https://api.telegram.org/bot7209418219:AAG3PCfMo53ocGGHYov1O04kzn56OKUhcP4/getUpdates "HTTP/1.1 200 OK"
2025-04-06 09:04:12,293 - conversation_handler - INFO - User 1159603709 replied to the bot in a group chat
2025-04-06 09:04:12,656 - httpx - INFO - HTTP Request: POST https://api.telegram.org/bot7209418219:AAG3PCfMo53ocGGHYov1O04kzn56OKUhcP4/sendChatAction "HTTP/1.1 200 OK"
2025-04-06 09:04:15,668 - httpx - INFO - HTTP Request: POST https://api.telegram.org/bot7209418219:AAG3PCfMo53ocGGHYov1O04kzn56OKUhcP4/sendMessage "HTTP/1.1 200 OK"
2025-04-06 09:04:22,416 - httpx - INFO - HTTP Request: POST https://api.telegram.org/bot7209418219:AAG3PCfMo53ocGGHYov1O04kzn56OKUhcP4/getUpdates "HTTP/1.1 200 OK"
2025-04-06 09:04:32,544 - httpx - INFO - HTTP Request: POST https://api.telegram.org/bot7209418219:AAG3PCfMo53ocGGHYov1O04kzn56OKUhcP4/getUpdates "HTTP/1.1 200 OK"
2025-04-06 09:04:42,668 - httpx - INFO - HTTP Request: POST https://api.telegram.org/bot7209418219:AAG3PCfMo53ocGGHYov1O04kzn56OKUhcP4/getUpdates "HTTP/1.1 200 OK"
2025-04-06 09:04:52,787 - httpx - INFO - HTTP Request: POST https://api.telegram.org/bot7209418219:AAG3PCfMo53ocGGHYov1O04kzn56OKUhcP4/getUpdates "HTTP/1.1 200 OK"
2025-04-06 09:05:00,213 - httpx - INFO - HTTP Request: POST https://api.telegram.org/bot7209418219:AAG3PCfMo53ocGGHYov1O04kzn56OKUhcP4/getUpdates "HTTP/1.1 200 OK"
2025-04-06 09:05:00,214 - conversation_handler - INFO - User 6336835164 replied to the bot in a group chat
2025-04-06 09:05:00,612 - httpx - INFO - HTTP Request: POST https://api.telegram.org/bot7209418219:AAG3PCfMo53ocGGHYov1O04kzn56OKUhcP4/sendChatAction "HTTP/1.1 200 OK"
2025-04-06 09:05:03,188 - httpx - INFO - HTTP Request: POST https://api.telegram.org/bot7209418219:AAG3PCfMo53ocGGHYov1O04kzn56OKUhcP4/sendMessage "HTTP/1.1 200 OK"
2025-04-06 09:05:05,281 - httpx - INFO - HTTP Request: POST https://api.telegram.org/bot7209418219:AAG3PCfMo53ocGGHYov1O04kzn56OKUhcP4/getUpdates "HTTP/1.1 200 OK"
2025-04-06 09:05:05,283 - conversation_handler - INFO - User 1159603709 replied to the bot in a group chat
2025-04-06 09:05:05,409 - httpx - INFO - HTTP Request: POST https://api.telegram.org/bot7209418219:AAG3PCfMo53ocGGHYov1O04kzn56OKUhcP4/sendChatAction "HTTP/1.1 200 OK"
2025-04-06 09:05:08,821 - httpx - INFO - HTTP Request: POST https://api.telegram.org/bot7209418219:AAG3PCfMo53ocGGHYov1O04kzn56OKUhcP4/sendMessage "HTTP/1.1 200 OK"
2025-04-06 09:05:15,405 - httpx - INFO - HTTP Request: POST https://api.telegram.org/bot7209418219:AAG3PCfMo53ocGGHYov1O04kzn56OKUhcP4/getUpdates "HTTP/1.1 200 OK"
2025-04-06 09:05:25,527 - httpx - INFO - HTTP Request: POST https://api.telegram.org/bot7209418219:AAG3PCfMo53ocGGHYov1O04kzn56OKUhcP4/getUpdates "HTTP/1.1 200 OK"
2025-04-06 09:05:31,819 - httpx - INFO - HTTP Request: POST https://api.telegram.org/bot7209418219:AAG3PCfMo53ocGGHYov1O04kzn56OKUhcP4/getUpdates "HTTP/1.1 200 OK"
2025-04-06 09:05:31,820 - conversation_handler - INFO - User 1159603709 replied to the bot in a group chat
2025-04-06 09:05:32,191 - httpx - INFO - HTTP Request: POST https://api.telegram.org/bot7209418219:AAG3PCfMo53ocGGHYov1O04kzn56OKUhcP4/sendChatAction "HTTP/1.1 200 OK"
2025-04-06 09:05:38,352 - httpx - INFO - HTTP Request: POST https://api.telegram.org/bot7209418219:AAG3PCfMo53ocGGHYov1O04kzn56OKUhcP4/sendMessage "HTTP/1.1 200 OK"
2025-04-06 09:05:41,750 - httpx - INFO - HTTP Request: POST https://api.telegram.org/bot7209418219:AAG3PCfMo53ocGGHYov1O04kzn56OKUhcP4/getUpdates "HTTP/1.1 200 OK"
2025-04-06 09:05:41,752 - conversation_handler - INFO - User 6336835164 replied to the bot in a group chat
2025-04-06 09:05:41,886 - httpx - INFO - HTTP Request: POST https://api.telegram.org/bot7209418219:AAG3PCfMo53ocGGHYov1O04kzn56OKUhcP4/sendChatAction "HTTP/1.1 200 OK"
2025-04-06 09:05:44,416 - httpx - INFO - HTTP Request: POST https://api.telegram.org/bot7209418219:AAG3PCfMo53ocGGHYov1O04kzn56OKUhcP4/sendMessage "HTTP/1.1 200 OK"
2025-04-06 09:05:51,872 - httpx - INFO - HTTP Request: POST https://api.telegram.org/bot7209418219:AAG3PCfMo53ocGGHYov1O04kzn56OKUhcP4/getUpdates "HTTP/1.1 200 OK"
2025-04-06 09:06:02,001 - httpx - INFO - HTTP Request: POST https://api.telegram.org/bot7209418219:AAG3PCfMo53ocGGHYov1O04kzn56OKUhcP4/getUpdates "HTTP/1.1 200 OK"
2025-04-06 09:06:04,948 - httpx - INFO - HTTP Request: POST https://api.telegram.org/bot7209418219:AAG3PCfMo53ocGGHYov1O04kzn56OKUhcP4/getUpdates "HTTP/1.1 200 OK"
2025-04-06 09:06:04,950 - conversation_handler - INFO - User 6336835164 replied to the bot in a group chat
2025-04-06 09:06:05,318 - httpx - INFO - HTTP Request: POST https://api.telegram.org/bot7209418219:AAG3PCfMo53ocGGHYov1O04kzn56OKUhcP4/sendChatAction "HTTP/1.1 200 OK"
2025-04-06 09:06:07,945 - httpx - INFO - HTTP Request: POST https://api.telegram.org/bot7209418219:AAG3PCfMo53ocGGHYov1O04kzn56OKUhcP4/sendMessage "HTTP/1.1 200 OK"
2025-04-06 09:06:15,071 - httpx - INFO - HTTP Request: POST https://api.telegram.org/bot7209418219:AAG3PCfMo53ocGGHYov1O04kzn56OKUhcP4/getUpdates "HTTP/1.1 200 OK"
2025-04-06 09:06:23,680 - httpx - INFO - HTTP Request: POST https://api.telegram.org/bot7209418219:AAG3PCfMo53ocGGHYov1O04kzn56OKUhcP4/getUpdates "HTTP/1.1 200 OK"
2025-04-06 09:06:23,681 - telegram.ext.Application - INFO - Application is stopping. This might take a moment.
2025-04-06 09:06:23,681 - telegram.ext.Application - INFO - Application.stop() complete
2025-04-06 09:06:24,719 - root - INFO - Bot started!
2025-04-06 09:06:25,085 - httpx - INFO - HTTP Request: POST https://api.telegram.org/bot7209418219:AAG3PCfMo53ocGGHYov1O04kzn56OKUhcP4/getMe "HTTP/1.1 200 OK"
2025-04-06 09:06:25,206 - httpx - INFO - HTTP Request: POST https://api.telegram.org/bot7209418219:AAG3PCfMo53ocGGHYov1O04kzn56OKUhcP4/deleteWebhook "HTTP/1.1 200 OK"
2025-04-06 09:06:25,207 - telegram.ext.Application - INFO - Application started
2025-04-06 09:06:35,561 - httpx - INFO - HTTP Request: POST https://api.telegram.org/bot7209418219:AAG3PCfMo53ocGGHYov1O04kzn56OKUhcP4/getUpdates "HTTP/1.1 200 OK"
2025-04-06 09:06:44,859 - httpx - INFO - HTTP Request: POST https://api.telegram.org/bot7209418219:AAG3PCfMo53ocGGHYov1O04kzn56OKUhcP4/getUpdates "HTTP/1.1 200 OK"
2025-04-06 09:06:44,861 - conversation_handler - INFO - Ignoring message in group chat that's not directed at the bot
2025-04-06 09:06:47,535 - httpx - INFO - HTTP Request: POST https://api.telegram.org/bot7209418219:AAG3PCfMo53ocGGHYov1O04kzn56OKUhcP4/getUpdates "HTTP/1.1 200 OK"
2025-04-06 09:06:47,537 - conversation_handler - INFO - User 6336835164 replied to the bot in a group chat
2025-04-06 09:06:47,949 - httpx - INFO - HTTP Request: POST https://api.telegram.org/bot7209418219:AAG3PCfMo53ocGGHYov1O04kzn56OKUhcP4/sendChatAction "HTTP/1.1 200 OK"
2025-04-06 09:06:50,226 - httpx - INFO - HTTP Request: POST https://api.telegram.org/bot7209418219:AAG3PCfMo53ocGGHYov1O04kzn56OKUhcP4/getUpdates "HTTP/1.1 200 OK"
2025-04-06 09:06:51,104 - httpx - INFO - HTTP Request: POST https://api.telegram.org/bot7209418219:AAG3PCfMo53ocGGHYov1O04kzn56OKUhcP4/sendMessage "HTTP/1.1 200 OK"
2025-04-06 09:06:51,105 - conversation_handler - INFO - Ignoring message in group chat that's not directed at the bot
2025-04-06 09:06:53,476 - httpx - INFO - HTTP Request: POST https://api.telegram.org/bot7209418219:AAG3PCfMo53ocGGHYov1O04kzn56OKUhcP4/getUpdates "HTTP/1.1 200 OK"
2025-04-06 09:07:03,596 - httpx - INFO - HTTP Request: POST https://api.telegram.org/bot7209418219:AAG3PCfMo53ocGGHYov1O04kzn56OKUhcP4/getUpdates "HTTP/1.1 200 OK"
2025-04-06 09:07:03,713 - httpx - INFO - HTTP Request: POST https://api.telegram.org/bot7209418219:AAG3PCfMo53ocGGHYov1O04kzn56OKUhcP4/getUpdates "HTTP/1.1 200 OK"
2025-04-06 09:07:03,715 - conversation_handler - INFO - Ignoring message in group chat that's not directed at the bot
2025-04-06 09:07:11,118 - httpx - INFO - HTTP Request: POST https://api.telegram.org/bot7209418219:AAG3PCfMo53ocGGHYov1O04kzn56OKUhcP4/getUpdates "HTTP/1.1 200 OK"
2025-04-06 09:07:11,120 - conversation_handler - INFO - Ignoring message in group chat that's not directed at the bot
2025-04-06 09:07:18,263 - httpx - INFO - HTTP Request: POST https://api.telegram.org/bot7209418219:AAG3PCfMo53ocGGHYov1O04kzn56OKUhcP4/getUpdates "HTTP/1.1 200 OK"
2025-04-06 09:07:28,386 - httpx - INFO - HTTP Request: POST https://api.telegram.org/bot7209418219:AAG3PCfMo53ocGGHYov1O04kzn56OKUhcP4/getUpdates "HTTP/1.1 200 OK"
2025-04-06 09:07:38,505 - httpx - INFO - HTTP Request: POST https://api.telegram.org/bot7209418219:AAG3PCfMo53ocGGHYov1O04kzn56OKUhcP4/getUpdates "HTTP/1.1 200 OK"
2025-04-06 09:07:48,624 - httpx - INFO - HTTP Request: POST https://api.telegram.org/bot7209418219:AAG3PCfMo53ocGGHYov1O04kzn56OKUhcP4/getUpdates "HTTP/1.1 200 OK"
2025-04-06 09:07:49,131 - httpx - INFO - HTTP Request: POST https://api.telegram.org/bot7209418219:AAG3PCfMo53ocGGHYov1O04kzn56OKUhcP4/getUpdates "HTTP/1.1 200 OK"
2025-04-06 09:07:49,133 - conversation_handler - INFO - Ignoring message in group chat that's not directed at the bot
2025-04-06 09:07:59,254 - httpx - INFO - HTTP Request: POST https://api.telegram.org/bot7209418219:AAG3PCfMo53ocGGHYov1O04kzn56OKUhcP4/getUpdates "HTTP/1.1 200 OK"
2025-04-06 09:08:02,352 - httpx - INFO - HTTP Request: POST https://api.telegram.org/bot7209418219:AAG3PCfMo53ocGGHYov1O04kzn56OKUhcP4/getUpdates "HTTP/1.1 200 OK"
2025-04-06 09:08:02,353 - conversation_handler - INFO - User 1159603709 replied to the bot in a group chat
2025-04-06 09:08:02,719 - httpx - INFO - HTTP Request: POST https://api.telegram.org/bot7209418219:AAG3PCfMo53ocGGHYov1O04kzn56OKUhcP4/sendChatAction "HTTP/1.1 200 OK"
2025-04-06 09:08:08,198 - httpx - INFO - HTTP Request: POST https://api.telegram.org/bot7209418219:AAG3PCfMo53ocGGHYov1O04kzn56OKUhcP4/sendMessage "HTTP/1.1 200 OK"
2025-04-06 09:08:11,706 - httpx - INFO - HTTP Request: POST https://api.telegram.org/bot7209418219:AAG3PCfMo53ocGGHYov1O04kzn56OKUhcP4/getUpdates "HTTP/1.1 200 OK"
2025-04-06 09:08:11,708 - conversation_handler - INFO - User 6336835164 replied to the bot in a group chat
2025-04-06 09:08:11,868 - httpx - INFO - HTTP Request: POST https://api.telegram.org/bot7209418219:AAG3PCfMo53ocGGHYov1O04kzn56OKUhcP4/sendChatAction "HTTP/1.1 200 OK"
2025-04-06 09:08:14,481 - httpx - INFO - HTTP Request: POST https://api.telegram.org/bot7209418219:AAG3PCfMo53ocGGHYov1O04kzn56OKUhcP4/sendMessage "HTTP/1.1 200 OK"
2025-04-06 09:08:21,827 - httpx - INFO - HTTP Request: POST https://api.telegram.org/bot7209418219:AAG3PCfMo53ocGGHYov1O04kzn56OKUhcP4/getUpdates "HTTP/1.1 200 OK"
2025-04-06 09:08:31,948 - httpx - INFO - HTTP Request: POST https://api.telegram.org/bot7209418219:AAG3PCfMo53ocGGHYov1O04kzn56OKUhcP4/getUpdates "HTTP/1.1 200 OK"
2025-04-06 09:08:42,069 - httpx - INFO - HTTP Request: POST https://api.telegram.org/bot7209418219:AAG3PCfMo53ocGGHYov1O04kzn56OKUhcP4/getUpdates "HTTP/1.1 200 OK"
2025-04-06 09:08:52,187 - httpx - INFO - HTTP Request: POST https://api.telegram.org/bot7209418219:AAG3PCfMo53ocGGHYov1O04kzn56OKUhcP4/getUpdates "HTTP/1.1 200 OK"
2025-04-06 09:09:00,529 - httpx - INFO - HTTP Request: POST https://api.telegram.org/bot7209418219:AAG3PCfMo53ocGGHYov1O04kzn56OKUhcP4/getUpdates "HTTP/1.1 200 OK"
2025-04-06 09:09:00,531 - conversation_handler - INFO - User 6336835164 replied to the bot in a group chat
2025-04-06 09:09:00,907 - httpx - INFO - HTTP Request: POST https://api.telegram.org/bot7209418219:AAG3PCfMo53ocGGHYov1O04kzn56OKUhcP4/sendChatAction "HTTP/1.1 200 OK"
2025-04-06 09:09:03,826 - httpx - INFO - HTTP Request: POST https://api.telegram.org/bot7209418219:AAG3PCfMo53ocGGHYov1O04kzn56OKUhcP4/sendMessage "HTTP/1.1 200 OK"
2025-04-06 09:09:04,004 - httpx - INFO - HTTP Request: POST https://api.telegram.org/bot7209418219:AAG3PCfMo53ocGGHYov1O04kzn56OKUhcP4/getUpdates "HTTP/1.1 200 OK"
2025-04-06 09:09:04,235 - httpx - INFO - HTTP Request: POST https://api.telegram.org/bot7209418219:AAG3PCfMo53ocGGHYov1O04kzn56OKUhcP4/sendMessage "HTTP/1.1 200 OK"
2025-04-06 09:09:06,479 - httpx - INFO - HTTP Request: POST https://api.telegram.org/bot7209418219:AAG3PCfMo53ocGGHYov1O04kzn56OKUhcP4/getUpdates "HTTP/1.1 200 OK"
2025-04-06 09:09:06,662 - httpx - INFO - HTTP Request: POST https://api.telegram.org/bot7209418219:AAG3PCfMo53ocGGHYov1O04kzn56OKUhcP4/answerCallbackQuery "HTTP/1.1 200 OK"
2025-04-06 09:09:06,846 - httpx - INFO - HTTP Request: POST https://api.telegram.org/bot7209418219:AAG3PCfMo53ocGGHYov1O04kzn56OKUhcP4/sendMessage "HTTP/1.1 200 OK"
2025-04-06 09:09:14,598 - httpx - INFO - HTTP Request: POST https://api.telegram.org/bot7209418219:AAG3PCfMo53ocGGHYov1O04kzn56OKUhcP4/getUpdates "HTTP/1.1 200 OK"
2025-04-06 09:09:14,964 - httpx - INFO - HTTP Request: POST https://api.telegram.org/bot7209418219:AAG3PCfMo53ocGGHYov1O04kzn56OKUhcP4/answerCallbackQuery "HTTP/1.1 200 OK"
2025-04-06 09:09:15,128 - httpx - INFO - HTTP Request: POST https://api.telegram.org/bot7209418219:AAG3PCfMo53ocGGHYov1O04kzn56OKUhcP4/editMessageText "HTTP/1.1 200 OK"
2025-04-06 09:09:24,720 - httpx - INFO - HTTP Request: POST https://api.telegram.org/bot7209418219:AAG3PCfMo53ocGGHYov1O04kzn56OKUhcP4/getUpdates "HTTP/1.1 200 OK"
2025-04-06 09:09:32,457 - httpx - INFO - HTTP Request: POST https://api.telegram.org/bot7209418219:AAG3PCfMo53ocGGHYov1O04kzn56OKUhcP4/getUpdates "HTTP/1.1 200 OK"
2025-04-06 09:09:32,909 - httpx - INFO - HTTP Request: POST https://api.telegram.org/bot7209418219:AAG3PCfMo53ocGGHYov1O04kzn56OKUhcP4/answerCallbackQuery "HTTP/1.1 200 OK"
2025-04-06 09:09:33,184 - httpx - INFO - HTTP Request: POST https://api.telegram.org/bot7209418219:AAG3PCfMo53ocGGHYov1O04kzn56OKUhcP4/sendMessage "HTTP/1.1 200 OK"
2025-04-06 09:09:40,804 - httpx - INFO - HTTP Request: POST https://api.telegram.org/bot7209418219:AAG3PCfMo53ocGGHYov1O04kzn56OKUhcP4/getUpdates "HTTP/1.1 200 OK"
2025-04-06 09:09:40,805 - conversation_handler - INFO - User 6336835164 replied to the bot in a group chat
2025-04-06 09:09:41,235 - httpx - INFO - HTTP Request: POST https://api.telegram.org/bot7209418219:AAG3PCfMo53ocGGHYov1O04kzn56OKUhcP4/sendChatAction "HTTP/1.1 200 OK"
2025-04-06 09:09:43,713 - httpx - INFO - HTTP Request: POST https://api.telegram.org/bot7209418219:AAG3PCfMo53ocGGHYov1O04kzn56OKUhcP4/sendMessage "HTTP/1.1 200 OK"
2025-04-06 09:09:50,925 - httpx - INFO - HTTP Request: POST https://api.telegram.org/bot7209418219:AAG3PCfMo53ocGGHYov1O04kzn56OKUhcP4/getUpdates "HTTP/1.1 200 OK"
2025-04-06 09:10:01,045 - httpx - INFO - HTTP Request: POST https://api.telegram.org/bot7209418219:AAG3PCfMo53ocGGHYov1O04kzn56OKUhcP4/getUpdates "HTTP/1.1 200 OK"
2025-04-06 09:10:01,498 - httpx - INFO - HTTP Request: POST https://api.telegram.org/bot7209418219:AAG3PCfMo53ocGGHYov1O04kzn56OKUhcP4/getUpdates "HTTP/1.1 200 OK"
2025-04-06 09:10:01,866 - httpx - INFO - HTTP Request: POST https://api.telegram.org/bot7209418219:AAG3PCfMo53ocGGHYov1O04kzn56OKUhcP4/answerCallbackQuery "HTTP/1.1 200 OK"
2025-04-06 09:10:02,048 - httpx - INFO - HTTP Request: POST https://api.telegram.org/bot7209418219:AAG3PCfMo53ocGGHYov1O04kzn56OKUhcP4/editMessageText "HTTP/1.1 200 OK"
2025-04-06 09:10:02,737 - httpx - INFO - HTTP Request: POST https://api.telegram.org/bot7209418219:AAG3PCfMo53ocGGHYov1O04kzn56OKUhcP4/getUpdates "HTTP/1.1 200 OK"
2025-04-06 09:10:06,624 - httpx - INFO - HTTP Request: POST https://api.telegram.org/bot7209418219:AAG3PCfMo53ocGGHYov1O04kzn56OKUhcP4/getUpdates "HTTP/1.1 200 OK"
2025-04-06 09:10:06,626 - conversation_handler - INFO - Ignoring message in group chat that's not directed at the bot
2025-04-06 09:10:12,449 - httpx - INFO - HTTP Request: POST https://api.telegram.org/bot7209418219:AAG3PCfMo53ocGGHYov1O04kzn56OKUhcP4/getUpdates "HTTP/1.1 200 OK"
2025-04-06 09:10:12,450 - conversation_handler - INFO - Ignoring message in group chat that's not directed at the bot
2025-04-06 09:10:16,978 - httpx - INFO - HTTP Request: POST https://api.telegram.org/bot7209418219:AAG3PCfMo53ocGGHYov1O04kzn56OKUhcP4/getUpdates "HTTP/1.1 200 OK"
2025-04-06 09:10:16,981 - conversation_handler - INFO - Ignoring message in group chat that's not directed at the bot
2025-04-06 09:10:21,077 - httpx - INFO - HTTP Request: POST https://api.telegram.org/bot7209418219:AAG3PCfMo53ocGGHYov1O04kzn56OKUhcP4/getUpdates "HTTP/1.1 200 OK"
2025-04-06 09:10:26,378 - root - INFO - Bot started!
2025-04-06 09:10:26,774 - httpx - INFO - HTTP Request: POST https://api.telegram.org/bot7209418219:AAG3PCfMo53ocGGHYov1O04kzn56OKUhcP4/getMe "HTTP/1.1 200 OK"
2025-04-06 09:10:26,892 - httpx - INFO - HTTP Request: POST https://api.telegram.org/bot7209418219:AAG3PCfMo53ocGGHYov1O04kzn56OKUhcP4/deleteWebhook "HTTP/1.1 200 OK"
2025-04-06 09:10:26,893 - telegram.ext.Application - INFO - Application started
2025-04-06 09:10:27,247 - httpx - INFO - HTTP Request: POST https://api.telegram.org/bot7209418219:AAG3PCfMo53ocGGHYov1O04kzn56OKUhcP4/getUpdates "HTTP/1.1 200 OK"
2025-04-06 09:10:31,208 - httpx - INFO - HTTP Request: POST https://api.telegram.org/bot7209418219:AAG3PCfMo53ocGGHYov1O04kzn56OKUhcP4/getUpdates "HTTP/1.1 200 OK"
2025-04-06 09:10:31,211 - conversation_handler - INFO - Ignoring message in group chat that's not directed at the bot
2025-04-06 09:10:33,732 - httpx - INFO - HTTP Request: POST https://api.telegram.org/bot7209418219:AAG3PCfMo53ocGGHYov1O04kzn56OKUhcP4/getUpdates "HTTP/1.1 200 OK"
2025-04-06 09:10:33,734 - telegram.ext.Application - INFO - Application is stopping. This might take a moment.
2025-04-06 09:10:33,734 - telegram.ext.Application - INFO - Application.stop() complete
2025-04-06 09:10:34,421 - root - INFO - Bot started!
2025-04-06 09:10:34,791 - httpx - INFO - HTTP Request: POST https://api.telegram.org/bot7209418219:AAG3PCfMo53ocGGHYov1O04kzn56OKUhcP4/getMe "HTTP/1.1 200 OK"
2025-04-06 09:10:34,909 - httpx - INFO - HTTP Request: POST https://api.telegram.org/bot7209418219:AAG3PCfMo53ocGGHYov1O04kzn56OKUhcP4/deleteWebhook "HTTP/1.1 200 OK"
2025-04-06 09:10:34,911 - telegram.ext.Application - INFO - Application started
2025-04-06 09:10:35,294 - httpx - INFO - HTTP Request: POST https://api.telegram.org/bot7209418219:AAG3PCfMo53ocGGHYov1O04kzn56OKUhcP4/getUpdates "HTTP/1.1 200 OK"
2025-04-06 09:10:35,296 - conversation_handler - INFO - Ignoring message in group chat that's not directed at the bot
2025-04-06 09:10:45,418 - httpx - INFO - HTTP Request: POST https://api.telegram.org/bot7209418219:AAG3PCfMo53ocGGHYov1O04kzn56OKUhcP4/getUpdates "HTTP/1.1 200 OK"
2025-04-06 09:10:54,169 - httpx - INFO - HTTP Request: POST https://api.telegram.org/bot7209418219:AAG3PCfMo53ocGGHYov1O04kzn56OKUhcP4/getUpdates "HTTP/1.1 200 OK"
2025-04-06 09:10:54,171 - conversation_handler - INFO - Ignoring message in group chat that's not directed at the bot
2025-04-06 09:10:57,450 - httpx - INFO - HTTP Request: POST https://api.telegram.org/bot7209418219:AAG3PCfMo53ocGGHYov1O04kzn56OKUhcP4/getUpdates "HTTP/1.1 200 OK"
2025-04-06 09:10:57,888 - httpx - INFO - HTTP Request: POST https://api.telegram.org/bot7209418219:AAG3PCfMo53ocGGHYov1O04kzn56OKUhcP4/sendMessage "HTTP/1.1 200 OK"
2025-04-06 09:11:07,573 - httpx - INFO - HTTP Request: POST https://api.telegram.org/bot7209418219:AAG3PCfMo53ocGGHYov1O04kzn56OKUhcP4/getUpdates "HTTP/1.1 200 OK"
2025-04-06 09:11:17,693 - httpx - INFO - HTTP Request: POST https://api.telegram.org/bot7209418219:AAG3PCfMo53ocGGHYov1O04kzn56OKUhcP4/getUpdates "HTTP/1.1 200 OK"
2025-04-06 09:11:19,310 - httpx - INFO - HTTP Request: POST https://api.telegram.org/bot7209418219:AAG3PCfMo53ocGGHYov1O04kzn56OKUhcP4/getUpdates "HTTP/1.1 200 OK"
2025-04-06 09:11:19,799 - httpx - INFO - HTTP Request: POST https://api.telegram.org/bot7209418219:AAG3PCfMo53ocGGHYov1O04kzn56OKUhcP4/sendMessage "HTTP/1.1 200 OK"
2025-04-06 09:11:29,433 - httpx - INFO - HTTP Request: POST https://api.telegram.org/bot7209418219:AAG3PCfMo53ocGGHYov1O04kzn56OKUhcP4/getUpdates "HTTP/1.1 200 OK"
2025-04-06 09:11:39,553 - httpx - INFO - HTTP Request: POST https://api.telegram.org/bot7209418219:AAG3PCfMo53ocGGHYov1O04kzn56OKUhcP4/getUpdates "HTTP/1.1 200 OK"
2025-04-06 09:11:49,674 - httpx - INFO - HTTP Request: POST https://api.telegram.org/bot7209418219:AAG3PCfMo53ocGGHYov1O04kzn56OKUhcP4/getUpdates "HTTP/1.1 200 OK"
2025-04-06 09:11:59,811 - httpx - INFO - HTTP Request: POST https://api.telegram.org/bot7209418219:AAG3PCfMo53ocGGHYov1O04kzn56OKUhcP4/getUpdates "HTTP/1.1 200 OK"
2025-04-06 09:12:09,930 - httpx - INFO - HTTP Request: POST https://api.telegram.org/bot7209418219:AAG3PCfMo53ocGGHYov1O04kzn56OKUhcP4/getUpdates "HTTP/1.1 200 OK"
2025-04-06 09:12:20,060 - httpx - INFO - HTTP Request: POST https://api.telegram.org/bot7209418219:AAG3PCfMo53ocGGHYov1O04kzn56OKUhcP4/getUpdates "HTTP/1.1 200 OK"
2025-04-06 09:12:30,181 - httpx - INFO - HTTP Request: POST https://api.telegram.org/bot7209418219:AAG3PCfMo53ocGGHYov1O04kzn56OKUhcP4/getUpdates "HTTP/1.1 200 OK"
2025-04-06 09:12:40,304 - httpx - INFO - HTTP Request: POST https://api.telegram.org/bot7209418219:AAG3PCfMo53ocGGHYov1O04kzn56OKUhcP4/getUpdates "HTTP/1.1 200 OK"
2025-04-06 09:12:50,423 - httpx - INFO - HTTP Request: POST https://api.telegram.org/bot7209418219:AAG3PCfMo53ocGGHYov1O04kzn56OKUhcP4/getUpdates "HTTP/1.1 200 OK"
2025-04-06 09:13:00,544 - httpx - INFO - HTTP Request: POST https://api.telegram.org/bot7209418219:AAG3PCfMo53ocGGHYov1O04kzn56OKUhcP4/getUpdates "HTTP/1.1 200 OK"
2025-04-06 09:13:08,482 - httpx - INFO - HTTP Request: POST https://api.telegram.org/bot7209418219:AAG3PCfMo53ocGGHYov1O04kzn56OKUhcP4/getUpdates "HTTP/1.1 200 OK"
2025-04-06 09:13:08,483 - conversation_handler - INFO - Ignoring message in group chat that's not directed at the bot
2025-04-06 09:13:18,602 - httpx - INFO - HTTP Request: POST https://api.telegram.org/bot7209418219:AAG3PCfMo53ocGGHYov1O04kzn56OKUhcP4/getUpdates "HTTP/1.1 200 OK"
2025-04-06 09:13:19,502 - httpx - INFO - HTTP Request: POST https://api.telegram.org/bot7209418219:AAG3PCfMo53ocGGHYov1O04kzn56OKUhcP4/getUpdates "HTTP/1.1 200 OK"
2025-04-06 09:13:19,504 - conversation_handler - INFO - User 1159603709 replied to the bot in a group chat
2025-04-06 09:13:19,915 - httpx - INFO - HTTP Request: POST https://api.telegram.org/bot7209418219:AAG3PCfMo53ocGGHYov1O04kzn56OKUhcP4/sendChatAction "HTTP/1.1 200 OK"
2025-04-06 09:13:25,423 - httpx - INFO - HTTP Request: POST https://api.telegram.org/bot7209418219:AAG3PCfMo53ocGGHYov1O04kzn56OKUhcP4/sendMessage "HTTP/1.1 200 OK"
2025-04-06 09:13:28,920 - httpx - INFO - HTTP Request: POST https://api.telegram.org/bot7209418219:AAG3PCfMo53ocGGHYov1O04kzn56OKUhcP4/getUpdates "HTTP/1.1 200 OK"
2025-04-06 09:13:28,921 - conversation_handler - INFO - Ignoring message in group chat that's not directed at the bot
2025-04-06 09:13:39,039 - httpx - INFO - HTTP Request: POST https://api.telegram.org/bot7209418219:AAG3PCfMo53ocGGHYov1O04kzn56OKUhcP4/getUpdates "HTTP/1.1 200 OK"
2025-04-06 09:13:43,587 - httpx - INFO - HTTP Request: POST https://api.telegram.org/bot7209418219:AAG3PCfMo53ocGGHYov1O04kzn56OKUhcP4/getUpdates "HTTP/1.1 200 OK"
2025-04-06 09:13:43,588 - conversation_handler - INFO - Ignoring message in group chat that's not directed at the bot
2025-04-06 09:13:48,920 - httpx - INFO - HTTP Request: POST https://api.telegram.org/bot7209418219:AAG3PCfMo53ocGGHYov1O04kzn56OKUhcP4/getUpdates "HTTP/1.1 200 OK"
2025-04-06 09:13:48,924 - conversation_handler - INFO - Ignoring message in group chat that's not directed at the bot
2025-04-06 09:13:57,528 - httpx - INFO - HTTP Request: POST https://api.telegram.org/bot7209418219:AAG3PCfMo53ocGGHYov1O04kzn56OKUhcP4/getUpdates "HTTP/1.1 200 OK"
2025-04-06 09:13:57,922 - httpx - INFO - HTTP Request: POST https://api.telegram.org/bot7209418219:AAG3PCfMo53ocGGHYov1O04kzn56OKUhcP4/sendMessage "HTTP/1.1 200 OK"
2025-04-06 09:14:02,332 - httpx - INFO - HTTP Request: POST https://api.telegram.org/bot7209418219:AAG3PCfMo53ocGGHYov1O04kzn56OKUhcP4/getUpdates "HTTP/1.1 200 OK"
2025-04-06 09:14:02,333 - conversation_handler - INFO - Ignoring message in group chat that's not directed at the bot
2025-04-06 09:14:06,960 - httpx - INFO - HTTP Request: POST https://api.telegram.org/bot7209418219:AAG3PCfMo53ocGGHYov1O04kzn56OKUhcP4/getUpdates "HTTP/1.1 200 OK"
2025-04-06 09:14:06,962 - conversation_handler - INFO - Ignoring message in group chat that's not directed at the bot
2025-04-06 09:14:09,681 - httpx - INFO - HTTP Request: POST https://api.telegram.org/bot7209418219:AAG3PCfMo53ocGGHYov1O04kzn56OKUhcP4/getUpdates "HTTP/1.1 200 OK"
2025-04-06 09:14:09,682 - conversation_handler - INFO - Ignoring message in group chat that's not directed at the bot
2025-04-06 09:14:15,215 - httpx - INFO - HTTP Request: POST https://api.telegram.org/bot7209418219:AAG3PCfMo53ocGGHYov1O04kzn56OKUhcP4/getUpdates "HTTP/1.1 200 OK"
2025-04-06 09:14:15,635 - httpx - INFO - HTTP Request: POST https://api.telegram.org/bot7209418219:AAG3PCfMo53ocGGHYov1O04kzn56OKUhcP4/sendMessage "HTTP/1.1 200 OK"
2025-04-06 09:14:22,037 - httpx - INFO - HTTP Request: POST https://api.telegram.org/bot7209418219:AAG3PCfMo53ocGGHYov1O04kzn56OKUhcP4/getUpdates "HTTP/1.1 200 OK"
2025-04-06 09:14:22,441 - httpx - INFO - HTTP Request: POST https://api.telegram.org/bot7209418219:AAG3PCfMo53ocGGHYov1O04kzn56OKUhcP4/sendMessage "HTTP/1.1 200 OK"
2025-04-06 09:14:24,890 - httpx - INFO - HTTP Request: POST https://api.telegram.org/bot7209418219:AAG3PCfMo53ocGGHYov1O04kzn56OKUhcP4/getUpdates "HTTP/1.1 200 OK"
2025-04-06 09:14:24,892 - conversation_handler - INFO - Ignoring message in group chat that's not directed at the bot
2025-04-06 09:14:35,009 - httpx - INFO - HTTP Request: POST https://api.telegram.org/bot7209418219:AAG3PCfMo53ocGGHYov1O04kzn56OKUhcP4/getUpdates "HTTP/1.1 200 OK"
2025-04-06 09:14:36,198 - httpx - INFO - HTTP Request: POST https://api.telegram.org/bot7209418219:AAG3PCfMo53ocGGHYov1O04kzn56OKUhcP4/getUpdates "HTTP/1.1 200 OK"
2025-04-06 09:14:36,607 - httpx - INFO - HTTP Request: POST https://api.telegram.org/bot7209418219:AAG3PCfMo53ocGGHYov1O04kzn56OKUhcP4/sendMessage "HTTP/1.1 200 OK"
2025-04-06 09:14:46,319 - httpx - INFO - HTTP Request: POST https://api.telegram.org/bot7209418219:AAG3PCfMo53ocGGHYov1O04kzn56OKUhcP4/getUpdates "HTTP/1.1 200 OK"
2025-04-06 09:14:56,438 - httpx - INFO - HTTP Request: POST https://api.telegram.org/bot7209418219:AAG3PCfMo53ocGGHYov1O04kzn56OKUhcP4/getUpdates "HTTP/1.1 200 OK"
2025-04-06 09:14:56,741 - httpx - INFO - HTTP Request: POST https://api.telegram.org/bot7209418219:AAG3PCfMo53ocGGHYov1O04kzn56OKUhcP4/getUpdates "HTTP/1.1 200 OK"
2025-04-06 09:14:56,743 - conversation_handler - INFO - Ignoring message in group chat that's not directed at the bot
2025-04-06 09:15:06,863 - httpx - INFO - HTTP Request: POST https://api.telegram.org/bot7209418219:AAG3PCfMo53ocGGHYov1O04kzn56OKUhcP4/getUpdates "HTTP/1.1 200 OK"
2025-04-06 09:15:08,214 - httpx - INFO - HTTP Request: POST https://api.telegram.org/bot7209418219:AAG3PCfMo53ocGGHYov1O04kzn56OKUhcP4/getUpdates "HTTP/1.1 200 OK"
2025-04-06 09:15:08,216 - conversation_handler - INFO - Ignoring message in group chat that's not directed at the bot
2025-04-06 09:15:18,334 - httpx - INFO - HTTP Request: POST https://api.telegram.org/bot7209418219:AAG3PCfMo53ocGGHYov1O04kzn56OKUhcP4/getUpdates "HTTP/1.1 200 OK"
2025-04-06 09:15:25,369 - httpx - INFO - HTTP Request: POST https://api.telegram.org/bot7209418219:AAG3PCfMo53ocGGHYov1O04kzn56OKUhcP4/getUpdates "HTTP/1.1 200 OK"
2025-04-06 09:15:25,778 - httpx - INFO - HTTP Request: POST https://api.telegram.org/bot7209418219:AAG3PCfMo53ocGGHYov1O04kzn56OKUhcP4/sendMessage "HTTP/1.1 200 OK"
2025-04-06 09:15:28,018 - httpx - INFO - HTTP Request: POST https://api.telegram.org/bot7209418219:AAG3PCfMo53ocGGHYov1O04kzn56OKUhcP4/getUpdates "HTTP/1.1 200 OK"
2025-04-06 09:15:28,188 - httpx - INFO - HTTP Request: POST https://api.telegram.org/bot7209418219:AAG3PCfMo53ocGGHYov1O04kzn56OKUhcP4/sendMessage "HTTP/1.1 200 OK"
2025-04-06 09:15:33,101 - httpx - INFO - HTTP Request: POST https://api.telegram.org/bot7209418219:AAG3PCfMo53ocGGHYov1O04kzn56OKUhcP4/getUpdates "HTTP/1.1 200 OK"
2025-04-06 09:15:33,290 - httpx - INFO - HTTP Request: POST https://api.telegram.org/bot7209418219:AAG3PCfMo53ocGGHYov1O04kzn56OKUhcP4/sendMessage "HTTP/1.1 200 OK"
2025-04-06 09:15:38,787 - httpx - INFO - HTTP Request: POST https://api.telegram.org/bot7209418219:AAG3PCfMo53ocGGHYov1O04kzn56OKUhcP4/getUpdates "HTTP/1.1 200 OK"
2025-04-06 09:15:38,788 - conversation_handler - INFO - Ignoring message in group chat that's not directed at the bot
2025-04-06 09:15:48,906 - httpx - INFO - HTTP Request: POST https://api.telegram.org/bot7209418219:AAG3PCfMo53ocGGHYov1O04kzn56OKUhcP4/getUpdates "HTTP/1.1 200 OK"
2025-04-06 09:15:57,218 - root - INFO - Bot started!
2025-04-06 09:15:57,656 - httpx - INFO - HTTP Request: POST https://api.telegram.org/bot7209418219:AAG3PCfMo53ocGGHYov1O04kzn56OKUhcP4/getMe "HTTP/1.1 200 OK"
2025-04-06 09:15:57,776 - httpx - INFO - HTTP Request: POST https://api.telegram.org/bot7209418219:AAG3PCfMo53ocGGHYov1O04kzn56OKUhcP4/deleteWebhook "HTTP/1.1 200 OK"
2025-04-06 09:15:57,779 - telegram.ext.Application - INFO - Application started
2025-04-06 09:16:03,309 - httpx - INFO - HTTP Request: POST https://api.telegram.org/bot7209418219:AAG3PCfMo53ocGGHYov1O04kzn56OKUhcP4/getUpdates "HTTP/1.1 200 OK"
2025-04-06 09:16:03,309 - telegram.ext.Application - INFO - Application is stopping. This might take a moment.
2025-04-06 09:16:03,310 - telegram.ext.Application - INFO - Application.stop() complete
2025-04-06 09:16:04,919 - root - INFO - Bot started!
2025-04-06 09:16:05,329 - httpx - INFO - HTTP Request: POST https://api.telegram.org/bot7209418219:AAG3PCfMo53ocGGHYov1O04kzn56OKUhcP4/getMe "HTTP/1.1 200 OK"
2025-04-06 09:16:05,451 - httpx - INFO - HTTP Request: POST https://api.telegram.org/bot7209418219:AAG3PCfMo53ocGGHYov1O04kzn56OKUhcP4/deleteWebhook "HTTP/1.1 200 OK"
2025-04-06 09:16:05,452 - telegram.ext.Application - INFO - Application started
2025-04-06 09:16:08,500 - httpx - INFO - HTTP Request: POST https://api.telegram.org/bot7209418219:AAG3PCfMo53ocGGHYov1O04kzn56OKUhcP4/getUpdates "HTTP/1.1 200 OK"
2025-04-06 09:16:08,502 - conversation_handler - INFO - Ignoring message in group chat that's not directed at the bot
2025-04-06 09:16:10,399 - httpx - INFO - HTTP Request: POST https://api.telegram.org/bot7209418219:AAG3PCfMo53ocGGHYov1O04kzn56OKUhcP4/getUpdates "HTTP/1.1 200 OK"
2025-04-06 09:16:10,401 - conversation_handler - INFO - Ignoring message in group chat that's not directed at the bot
2025-04-06 09:16:20,094 - root - INFO - Bot started!
2025-04-06 09:16:20,584 - httpx - INFO - HTTP Request: POST https://api.telegram.org/bot7209418219:AAG3PCfMo53ocGGHYov1O04kzn56OKUhcP4/getMe "HTTP/1.1 200 OK"
2025-04-06 09:16:20,704 - httpx - INFO - HTTP Request: POST https://api.telegram.org/bot7209418219:AAG3PCfMo53ocGGHYov1O04kzn56OKUhcP4/deleteWebhook "HTTP/1.1 200 OK"
2025-04-06 09:16:20,706 - telegram.ext.Application - INFO - Application started
2025-04-06 09:16:21,062 - httpx - INFO - HTTP Request: POST https://api.telegram.org/bot7209418219:AAG3PCfMo53ocGGHYov1O04kzn56OKUhcP4/getUpdates "HTTP/1.1 200 OK"
2025-04-06 09:16:21,066 - conversation_handler - INFO - Ignoring message in group chat that's not directed at the bot
2025-04-06 09:16:31,185 - httpx - INFO - HTTP Request: POST https://api.telegram.org/bot7209418219:AAG3PCfMo53ocGGHYov1O04kzn56OKUhcP4/getUpdates "HTTP/1.1 200 OK"
2025-04-06 09:16:41,311 - httpx - INFO - HTTP Request: POST https://api.telegram.org/bot7209418219:AAG3PCfMo53ocGGHYov1O04kzn56OKUhcP4/getUpdates "HTTP/1.1 200 OK"
2025-04-06 09:16:44,374 - httpx - INFO - HTTP Request: POST https://api.telegram.org/bot7209418219:AAG3PCfMo53ocGGHYov1O04kzn56OKUhcP4/getUpdates "HTTP/1.1 200 OK"
2025-04-06 09:16:44,376 - conversation_handler - INFO - User 1159603709 replied to the bot in a group chat
2025-04-06 09:16:44,775 - httpx - INFO - HTTP Request: POST https://api.telegram.org/bot7209418219:AAG3PCfMo53ocGGHYov1O04kzn56OKUhcP4/sendChatAction "HTTP/1.1 200 OK"
2025-04-06 09:16:50,373 - httpx - INFO - HTTP Request: POST https://api.telegram.org/bot7209418219:AAG3PCfMo53ocGGHYov1O04kzn56OKUhcP4/sendMessage "HTTP/1.1 200 OK"
2025-04-06 09:16:54,364 - httpx - INFO - HTTP Request: POST https://api.telegram.org/bot7209418219:AAG3PCfMo53ocGGHYov1O04kzn56OKUhcP4/getUpdates "HTTP/1.1 200 OK"
2025-04-06 09:17:01,812 - httpx - INFO - HTTP Request: POST https://api.telegram.org/bot7209418219:AAG3PCfMo53ocGGHYov1O04kzn56OKUhcP4/getUpdates "HTTP/1.1 200 OK"
2025-04-06 09:17:01,814 - conversation_handler - INFO - User 1159603709 replied to the bot in a group chat
2025-04-06 09:17:02,223 - httpx - INFO - HTTP Request: POST https://api.telegram.org/bot7209418219:AAG3PCfMo53ocGGHYov1O04kzn56OKUhcP4/sendChatAction "HTTP/1.1 200 OK"
2025-04-06 09:17:06,310 - httpx - INFO - HTTP Request: POST https://api.telegram.org/bot7209418219:AAG3PCfMo53ocGGHYov1O04kzn56OKUhcP4/sendMessage "HTTP/1.1 200 OK"
2025-04-06 09:17:07,028 - httpx - INFO - HTTP Request: POST https://api.telegram.org/bot7209418219:AAG3PCfMo53ocGGHYov1O04kzn56OKUhcP4/getUpdates "HTTP/1.1 200 OK"
2025-04-06 09:17:10,089 - httpx - INFO - HTTP Request: POST https://api.telegram.org/bot7209418219:AAG3PCfMo53ocGGHYov1O04kzn56OKUhcP4/getUpdates "HTTP/1.1 200 OK"
2025-04-06 09:17:20,208 - httpx - INFO - HTTP Request: POST https://api.telegram.org/bot7209418219:AAG3PCfMo53ocGGHYov1O04kzn56OKUhcP4/getUpdates "HTTP/1.1 200 OK"
2025-04-06 09:17:20,328 - httpx - INFO - HTTP Request: POST https://api.telegram.org/bot7209418219:AAG3PCfMo53ocGGHYov1O04kzn56OKUhcP4/getUpdates "HTTP/1.1 200 OK"
2025-04-06 09:17:20,331 - conversation_handler - INFO - Ignoring message in group chat that's not directed at the bot
2025-04-06 09:17:24,516 - httpx - INFO - HTTP Request: POST https://api.telegram.org/bot7209418219:AAG3PCfMo53ocGGHYov1O04kzn56OKUhcP4/getUpdates "HTTP/1.1 200 OK"
2025-04-06 09:17:24,518 - conversation_handler - INFO - Ignoring message in group chat that's not directed at the bot
2025-04-06 09:17:31,347 - httpx - INFO - HTTP Request: POST https://api.telegram.org/bot7209418219:AAG3PCfMo53ocGGHYov1O04kzn56OKUhcP4/getUpdates "HTTP/1.1 200 OK"
2025-04-06 09:17:31,349 - conversation_handler - INFO - User 6336835164 replied to the bot in a group chat
2025-04-06 09:17:31,715 - httpx - INFO - HTTP Request: POST https://api.telegram.org/bot7209418219:AAG3PCfMo53ocGGHYov1O04kzn56OKUhcP4/sendChatAction "HTTP/1.1 200 OK"
2025-04-06 09:17:34,040 - httpx - INFO - HTTP Request: POST https://api.telegram.org/bot7209418219:AAG3PCfMo53ocGGHYov1O04kzn56OKUhcP4/sendMessage "HTTP/1.1 200 OK"
2025-04-06 09:17:41,467 - httpx - INFO - HTTP Request: POST https://api.telegram.org/bot7209418219:AAG3PCfMo53ocGGHYov1O04kzn56OKUhcP4/getUpdates "HTTP/1.1 200 OK"
2025-04-06 09:17:43,492 - httpx - INFO - HTTP Request: POST https://api.telegram.org/bot7209418219:AAG3PCfMo53ocGGHYov1O04kzn56OKUhcP4/getUpdates "HTTP/1.1 200 OK"
2025-04-06 09:17:43,494 - conversation_handler - INFO - User 6336835164 replied to the bot in a group chat
2025-04-06 09:17:43,857 - httpx - INFO - HTTP Request: POST https://api.telegram.org/bot7209418219:AAG3PCfMo53ocGGHYov1O04kzn56OKUhcP4/sendChatAction "HTTP/1.1 200 OK"
2025-04-06 09:17:45,801 - httpx - INFO - HTTP Request: POST https://api.telegram.org/bot7209418219:AAG3PCfMo53ocGGHYov1O04kzn56OKUhcP4/getUpdates "HTTP/1.1 200 OK"
2025-04-06 09:17:46,177 - httpx - INFO - HTTP Request: POST https://api.telegram.org/bot7209418219:AAG3PCfMo53ocGGHYov1O04kzn56OKUhcP4/sendMessage "HTTP/1.1 200 OK"
2025-04-06 09:17:47,801 - httpx - INFO - HTTP Request: POST https://api.telegram.org/bot7209418219:AAG3PCfMo53ocGGHYov1O04kzn56OKUhcP4/getUpdates "HTTP/1.1 200 OK"
2025-04-06 09:17:57,920 - httpx - INFO - HTTP Request: POST https://api.telegram.org/bot7209418219:AAG3PCfMo53ocGGHYov1O04kzn56OKUhcP4/getUpdates "HTTP/1.1 200 OK"
2025-04-06 09:18:08,039 - httpx - INFO - HTTP Request: POST https://api.telegram.org/bot7209418219:AAG3PCfMo53ocGGHYov1O04kzn56OKUhcP4/getUpdates "HTTP/1.1 200 OK"
2025-04-06 09:18:18,160 - httpx - INFO - HTTP Request: POST https://api.telegram.org/bot7209418219:AAG3PCfMo53ocGGHYov1O04kzn56OKUhcP4/getUpdates "HTTP/1.1 200 OK"
2025-04-06 09:18:21,506 - httpx - INFO - HTTP Request: POST https://api.telegram.org/bot7209418219:AAG3PCfMo53ocGGHYov1O04kzn56OKUhcP4/getUpdates "HTTP/1.1 200 OK"
2025-04-06 09:18:21,897 - httpx - INFO - HTTP Request: POST https://api.telegram.org/bot7209418219:AAG3PCfMo53ocGGHYov1O04kzn56OKUhcP4/sendMessage "HTTP/1.1 200 OK"
2025-04-06 09:18:23,931 - httpx - INFO - HTTP Request: POST https://api.telegram.org/bot7209418219:AAG3PCfMo53ocGGHYov1O04kzn56OKUhcP4/getUpdates "HTTP/1.1 200 OK"
2025-04-06 09:18:23,933 - conversation_handler - INFO - Ignoring message in group chat that's not directed at the bot
2025-04-06 09:18:27,818 - httpx - INFO - HTTP Request: POST https://api.telegram.org/bot7209418219:AAG3PCfMo53ocGGHYov1O04kzn56OKUhcP4/getUpdates "HTTP/1.1 200 OK"
2025-04-06 09:18:28,219 - httpx - INFO - HTTP Request: POST https://api.telegram.org/bot7209418219:AAG3PCfMo53ocGGHYov1O04kzn56OKUhcP4/sendMessage "HTTP/1.1 200 OK"
2025-04-06 09:18:30,513 - httpx - INFO - HTTP Request: POST https://api.telegram.org/bot7209418219:AAG3PCfMo53ocGGHYov1O04kzn56OKUhcP4/getUpdates "HTTP/1.1 200 OK"
2025-04-06 09:18:34,696 - httpx - INFO - HTTP Request: POST https://api.telegram.org/bot7209418219:AAG3PCfMo53ocGGHYov1O04kzn56OKUhcP4/getUpdates "HTTP/1.1 200 OK"
2025-04-06 09:18:35,153 - httpx - INFO - HTTP Request: POST https://api.telegram.org/bot7209418219:AAG3PCfMo53ocGGHYov1O04kzn56OKUhcP4/sendMessage "HTTP/1.1 200 OK"
2025-04-06 09:18:39,040 - httpx - INFO - HTTP Request: POST https://api.telegram.org/bot7209418219:AAG3PCfMo53ocGGHYov1O04kzn56OKUhcP4/getUpdates "HTTP/1.1 200 OK"
2025-04-06 09:18:39,195 - httpx - INFO - HTTP Request: POST https://api.telegram.org/bot7209418219:AAG3PCfMo53ocGGHYov1O04kzn56OKUhcP4/sendMessage "HTTP/1.1 200 OK"
2025-04-06 09:18:47,968 - httpx - INFO - HTTP Request: POST https://api.telegram.org/bot7209418219:AAG3PCfMo53ocGGHYov1O04kzn56OKUhcP4/getUpdates "HTTP/1.1 200 OK"
2025-04-06 09:18:48,408 - httpx - INFO - HTTP Request: POST https://api.telegram.org/bot7209418219:AAG3PCfMo53ocGGHYov1O04kzn56OKUhcP4/sendMessage "HTTP/1.1 200 OK"
2025-04-06 09:18:58,104 - httpx - INFO - HTTP Request: POST https://api.telegram.org/bot7209418219:AAG3PCfMo53ocGGHYov1O04kzn56OKUhcP4/getUpdates "HTTP/1.1 200 OK"
2025-04-06 09:19:08,222 - httpx - INFO - HTTP Request: POST https://api.telegram.org/bot7209418219:AAG3PCfMo53ocGGHYov1O04kzn56OKUhcP4/getUpdates "HTTP/1.1 200 OK"
2025-04-06 09:19:15,663 - httpx - INFO - HTTP Request: POST https://api.telegram.org/bot7209418219:AAG3PCfMo53ocGGHYov1O04kzn56OKUhcP4/getUpdates "HTTP/1.1 200 OK"
2025-04-06 09:19:25,783 - httpx - INFO - HTTP Request: POST https://api.telegram.org/bot7209418219:AAG3PCfMo53ocGGHYov1O04kzn56OKUhcP4/getUpdates "HTTP/1.1 200 OK"
2025-04-06 09:19:32,736 - httpx - INFO - HTTP Request: POST https://api.telegram.org/bot7209418219:AAG3PCfMo53ocGGHYov1O04kzn56OKUhcP4/getUpdates "HTTP/1.1 200 OK"
2025-04-06 09:19:38,744 - root - INFO - Bot started!
2025-04-06 09:19:39,137 - httpx - INFO - HTTP Request: POST https://api.telegram.org/bot7209418219:AAG3PCfMo53ocGGHYov1O04kzn56OKUhcP4/getMe "HTTP/1.1 200 OK"
2025-04-06 09:19:39,256 - httpx - INFO - HTTP Request: POST https://api.telegram.org/bot7209418219:AAG3PCfMo53ocGGHYov1O04kzn56OKUhcP4/deleteWebhook "HTTP/1.1 200 OK"
2025-04-06 09:19:39,258 - telegram.ext.Application - INFO - Application started
2025-04-06 09:19:44,281 - httpx - INFO - HTTP Request: POST https://api.telegram.org/bot7209418219:AAG3PCfMo53ocGGHYov1O04kzn56OKUhcP4/getUpdates "HTTP/1.1 200 OK"
2025-04-06 09:19:44,283 - conversation_handler - INFO - User 6336835164 replied to the bot in a group chat
2025-04-06 09:19:44,661 - httpx - INFO - HTTP Request: POST https://api.telegram.org/bot7209418219:AAG3PCfMo53ocGGHYov1O04kzn56OKUhcP4/sendChatAction "HTTP/1.1 200 OK"
2025-04-06 09:19:45,935 - httpx - INFO - HTTP Request: POST https://api.telegram.org/bot7209418219:AAG3PCfMo53ocGGHYov1O04kzn56OKUhcP4/getUpdates "HTTP/1.1 200 OK"
2025-04-06 09:19:46,755 - httpx - INFO - HTTP Request: POST https://api.telegram.org/bot7209418219:AAG3PCfMo53ocGGHYov1O04kzn56OKUhcP4/sendMessage "HTTP/1.1 200 OK"
2025-04-06 09:19:49,755 - root - INFO - Bot started!
2025-04-06 09:19:50,123 - httpx - INFO - HTTP Request: POST https://api.telegram.org/bot7209418219:AAG3PCfMo53ocGGHYov1O04kzn56OKUhcP4/getMe "HTTP/1.1 200 OK"
2025-04-06 09:19:50,242 - httpx - INFO - HTTP Request: POST https://api.telegram.org/bot7209418219:AAG3PCfMo53ocGGHYov1O04kzn56OKUhcP4/deleteWebhook "HTTP/1.1 200 OK"
2025-04-06 09:19:50,244 - telegram.ext.Application - INFO - Application started
2025-04-06 09:19:56,805 - httpx - INFO - HTTP Request: POST https://api.telegram.org/bot7209418219:AAG3PCfMo53ocGGHYov1O04kzn56OKUhcP4/getUpdates "HTTP/1.1 200 OK"
2025-04-06 09:19:56,809 - conversation_handler - INFO - User 6336835164 replied to the bot in a group chat
2025-04-06 09:19:57,179 - httpx - INFO - HTTP Request: POST https://api.telegram.org/bot7209418219:AAG3PCfMo53ocGGHYov1O04kzn56OKUhcP4/sendChatAction "HTTP/1.1 200 OK"
2025-04-06 09:20:04,768 - httpx - INFO - HTTP Request: POST https://api.telegram.org/bot7209418219:AAG3PCfMo53ocGGHYov1O04kzn56OKUhcP4/sendMessage "HTTP/1.1 200 OK"
2025-04-06 09:20:06,928 - httpx - INFO - HTTP Request: POST https://api.telegram.org/bot7209418219:AAG3PCfMo53ocGGHYov1O04kzn56OKUhcP4/getUpdates "HTTP/1.1 200 OK"
2025-04-06 09:20:15,301 - httpx - INFO - HTTP Request: POST https://api.telegram.org/bot7209418219:AAG3PCfMo53ocGGHYov1O04kzn56OKUhcP4/getUpdates "HTTP/1.1 200 OK"
2025-04-06 09:20:25,420 - httpx - INFO - HTTP Request: POST https://api.telegram.org/bot7209418219:AAG3PCfMo53ocGGHYov1O04kzn56OKUhcP4/getUpdates "HTTP/1.1 200 OK"
2025-04-06 09:20:34,839 - httpx - INFO - HTTP Request: POST https://api.telegram.org/bot7209418219:AAG3PCfMo53ocGGHYov1O04kzn56OKUhcP4/getUpdates "HTTP/1.1 200 OK"
2025-04-06 09:20:35,251 - httpx - INFO - HTTP Request: POST https://api.telegram.org/bot7209418219:AAG3PCfMo53ocGGHYov1O04kzn56OKUhcP4/sendMessage "HTTP/1.1 200 OK"
2025-04-06 09:20:38,002 - httpx - INFO - HTTP Request: POST https://api.telegram.org/bot7209418219:AAG3PCfMo53ocGGHYov1O04kzn56OKUhcP4/getUpdates "HTTP/1.1 200 OK"
2025-04-06 09:20:38,132 - httpx - INFO - HTTP Request: POST https://api.telegram.org/bot7209418219:AAG3PCfMo53ocGGHYov1O04kzn56OKUhcP4/answerCallbackQuery "HTTP/1.1 200 OK"
2025-04-06 09:20:38,298 - httpx - INFO - HTTP Request: POST https://api.telegram.org/bot7209418219:AAG3PCfMo53ocGGHYov1O04kzn56OKUhcP4/sendMessage "HTTP/1.1 200 OK"
2025-04-06 09:20:48,124 - httpx - INFO - HTTP Request: POST https://api.telegram.org/bot7209418219:AAG3PCfMo53ocGGHYov1O04kzn56OKUhcP4/getUpdates "HTTP/1.1 200 OK"
2025-04-06 09:20:55,765 - httpx - INFO - HTTP Request: POST https://api.telegram.org/bot7209418219:AAG3PCfMo53ocGGHYov1O04kzn56OKUhcP4/getUpdates "HTTP/1.1 200 OK"
2025-04-06 09:20:55,767 - conversation_handler - INFO - User 6336835164 replied to the bot in a group chat
2025-04-06 09:20:56,035 - httpx - INFO - HTTP Request: POST https://api.telegram.org/bot7209418219:AAG3PCfMo53ocGGHYov1O04kzn56OKUhcP4/getUpdates "HTTP/1.1 200 OK"
2025-04-06 09:20:56,145 - httpx - INFO - HTTP Request: POST https://api.telegram.org/bot7209418219:AAG3PCfMo53ocGGHYov1O04kzn56OKUhcP4/sendChatAction "HTTP/1.1 200 OK"
2025-04-06 09:21:06,158 - httpx - INFO - HTTP Request: POST https://api.telegram.org/bot7209418219:AAG3PCfMo53ocGGHYov1O04kzn56OKUhcP4/getUpdates "HTTP/1.1 200 OK"
2025-04-06 09:21:06,366 - httpx - INFO - HTTP Request: POST https://api.telegram.org/bot7209418219:AAG3PCfMo53ocGGHYov1O04kzn56OKUhcP4/sendMessage "HTTP/1.1 200 OK"
2025-04-06 09:21:16,277 - httpx - INFO - HTTP Request: POST https://api.telegram.org/bot7209418219:AAG3PCfMo53ocGGHYov1O04kzn56OKUhcP4/getUpdates "HTTP/1.1 200 OK"
2025-04-06 09:21:20,428 - httpx - INFO - HTTP Request: POST https://api.telegram.org/bot7209418219:AAG3PCfMo53ocGGHYov1O04kzn56OKUhcP4/getUpdates "HTTP/1.1 200 OK"
2025-04-06 09:21:20,430 - conversation_handler - INFO - Ignoring message in group chat that's not directed at the bot
2025-04-06 09:21:21,729 - httpx - INFO - HTTP Request: POST https://api.telegram.org/bot7209418219:AAG3PCfMo53ocGGHYov1O04kzn56OKUhcP4/getUpdates "HTTP/1.1 200 OK"
2025-04-06 09:21:21,731 - conversation_handler - INFO - User 6336835164 replied to the bot in a group chat
2025-04-06 09:21:22,095 - httpx - INFO - HTTP Request: POST https://api.telegram.org/bot7209418219:AAG3PCfMo53ocGGHYov1O04kzn56OKUhcP4/sendChatAction "HTTP/1.1 200 OK"
2025-04-06 09:21:28,571 - httpx - INFO - HTTP Request: POST https://api.telegram.org/bot7209418219:AAG3PCfMo53ocGGHYov1O04kzn56OKUhcP4/sendMessage "HTTP/1.1 200 OK"
2025-04-06 09:21:31,852 - httpx - INFO - HTTP Request: POST https://api.telegram.org/bot7209418219:AAG3PCfMo53ocGGHYov1O04kzn56OKUhcP4/getUpdates "HTTP/1.1 200 OK"
2025-04-06 09:21:41,424 - httpx - INFO - HTTP Request: POST https://api.telegram.org/bot7209418219:AAG3PCfMo53ocGGHYov1O04kzn56OKUhcP4/getUpdates "HTTP/1.1 200 OK"
2025-04-06 09:21:41,426 - conversation_handler - INFO - User 5634159332 replied to the bot in a group chat
2025-04-06 09:21:41,820 - httpx - INFO - HTTP Request: POST https://api.telegram.org/bot7209418219:AAG3PCfMo53ocGGHYov1O04kzn56OKUhcP4/sendChatAction "HTTP/1.1 200 OK"
2025-04-06 09:21:44,826 - httpx - INFO - HTTP Request: POST https://api.telegram.org/bot7209418219:AAG3PCfMo53ocGGHYov1O04kzn56OKUhcP4/sendMessage "HTTP/1.1 200 OK"
2025-04-06 09:21:51,545 - httpx - INFO - HTTP Request: POST https://api.telegram.org/bot7209418219:AAG3PCfMo53ocGGHYov1O04kzn56OKUhcP4/getUpdates "HTTP/1.1 200 OK"
2025-04-06 09:21:51,753 - httpx - INFO - HTTP Request: POST https://api.telegram.org/bot7209418219:AAG3PCfMo53ocGGHYov1O04kzn56OKUhcP4/getUpdates "HTTP/1.1 200 OK"
2025-04-06 09:21:51,754 - conversation_handler - INFO - User 6336835164 replied to the bot in a group chat
2025-04-06 09:21:52,126 - httpx - INFO - HTTP Request: POST https://api.telegram.org/bot7209418219:AAG3PCfMo53ocGGHYov1O04kzn56OKUhcP4/sendChatAction "HTTP/1.1 200 OK"
2025-04-06 09:21:59,985 - httpx - INFO - HTTP Request: POST https://api.telegram.org/bot7209418219:AAG3PCfMo53ocGGHYov1O04kzn56OKUhcP4/getUpdates "HTTP/1.1 200 OK"
2025-04-06 09:22:01,720 - httpx - INFO - HTTP Request: POST https://api.telegram.org/bot7209418219:AAG3PCfMo53ocGGHYov1O04kzn56OKUhcP4/sendMessage "HTTP/1.1 200 OK"
2025-04-06 09:22:01,721 - conversation_handler - INFO - Ignoring message in group chat that's not directed at the bot
2025-04-06 09:22:04,740 - root - INFO - Bot started!
2025-04-06 09:22:05,123 - httpx - INFO - HTTP Request: POST https://api.telegram.org/bot7209418219:AAG3PCfMo53ocGGHYov1O04kzn56OKUhcP4/getMe "HTTP/1.1 200 OK"
2025-04-06 09:22:05,244 - httpx - INFO - HTTP Request: POST https://api.telegram.org/bot7209418219:AAG3PCfMo53ocGGHYov1O04kzn56OKUhcP4/deleteWebhook "HTTP/1.1 200 OK"
2025-04-06 09:22:05,245 - telegram.ext.Application - INFO - Application started
2025-04-06 09:22:10,746 - httpx - INFO - HTTP Request: POST https://api.telegram.org/bot7209418219:AAG3PCfMo53ocGGHYov1O04kzn56OKUhcP4/getUpdates "HTTP/1.1 200 OK"
2025-04-06 09:22:10,749 - conversation_handler - INFO - Ignoring message in group chat that's not directed at the bot
2025-04-06 09:22:13,361 - httpx - INFO - HTTP Request: POST https://api.telegram.org/bot7209418219:AAG3PCfMo53ocGGHYov1O04kzn56OKUhcP4/getUpdates "HTTP/1.1 200 OK"
2025-04-06 09:22:13,362 - telegram.ext.Application - INFO - Application is stopping. This might take a moment.
2025-04-06 09:22:13,363 - telegram.ext.Application - INFO - Application.stop() complete
2025-04-06 09:22:14,109 - root - INFO - Bot started!
2025-04-06 09:22:14,489 - httpx - INFO - HTTP Request: POST https://api.telegram.org/bot7209418219:AAG3PCfMo53ocGGHYov1O04kzn56OKUhcP4/getMe "HTTP/1.1 200 OK"
2025-04-06 09:22:14,618 - httpx - INFO - HTTP Request: POST https://api.telegram.org/bot7209418219:AAG3PCfMo53ocGGHYov1O04kzn56OKUhcP4/deleteWebhook "HTTP/1.1 200 OK"
2025-04-06 09:22:14,620 - telegram.ext.Application - INFO - Application started
2025-04-06 09:22:14,974 - httpx - INFO - HTTP Request: POST https://api.telegram.org/bot7209418219:AAG3PCfMo53ocGGHYov1O04kzn56OKUhcP4/getUpdates "HTTP/1.1 200 OK"
2025-04-06 09:22:17,225 - httpx - INFO - HTTP Request: POST https://api.telegram.org/bot7209418219:AAG3PCfMo53ocGGHYov1O04kzn56OKUhcP4/getUpdates "HTTP/1.1 200 OK"
2025-04-06 09:22:26,351 - httpx - INFO - HTTP Request: POST https://api.telegram.org/bot7209418219:AAG3PCfMo53ocGGHYov1O04kzn56OKUhcP4/getUpdates "HTTP/1.1 200 OK"
2025-04-06 09:22:30,499 - httpx - INFO - HTTP Request: POST https://api.telegram.org/bot7209418219:AAG3PCfMo53ocGGHYov1O04kzn56OKUhcP4/getUpdates "HTTP/1.1 200 OK"
2025-04-06 09:22:32,274 - httpx - INFO - HTTP Request: POST https://api.telegram.org/bot7209418219:AAG3PCfMo53ocGGHYov1O04kzn56OKUhcP4/getUpdates "HTTP/1.1 200 OK"
2025-04-06 09:22:32,692 - httpx - INFO - HTTP Request: POST https://api.telegram.org/bot7209418219:AAG3PCfMo53ocGGHYov1O04kzn56OKUhcP4/sendMessage "HTTP/1.1 200 OK"
2025-04-06 09:22:35,777 - httpx - INFO - HTTP Request: POST https://api.telegram.org/bot7209418219:AAG3PCfMo53ocGGHYov1O04kzn56OKUhcP4/getUpdates "HTTP/1.1 200 OK"
2025-04-06 09:22:35,779 - conversation_handler - INFO - User 6336835164 replied to the bot in a group chat
2025-04-06 09:22:35,917 - httpx - INFO - HTTP Request: POST https://api.telegram.org/bot7209418219:AAG3PCfMo53ocGGHYov1O04kzn56OKUhcP4/sendChatAction "HTTP/1.1 200 OK"
2025-04-06 09:22:45,665 - httpx - INFO - HTTP Request: POST https://api.telegram.org/bot7209418219:AAG3PCfMo53ocGGHYov1O04kzn56OKUhcP4/sendMessage "HTTP/1.1 200 OK"
2025-04-06 09:22:45,897 - httpx - INFO - HTTP Request: POST https://api.telegram.org/bot7209418219:AAG3PCfMo53ocGGHYov1O04kzn56OKUhcP4/getUpdates "HTTP/1.1 200 OK"
2025-04-06 09:22:47,431 - httpx - INFO - HTTP Request: POST https://api.telegram.org/bot7209418219:AAG3PCfMo53ocGGHYov1O04kzn56OKUhcP4/getUpdates "HTTP/1.1 200 OK"
2025-04-06 09:22:47,621 - httpx - INFO - HTTP Request: POST https://api.telegram.org/bot7209418219:AAG3PCfMo53ocGGHYov1O04kzn56OKUhcP4/sendMessage "HTTP/1.1 200 OK"
2025-04-06 09:22:57,551 - httpx - INFO - HTTP Request: POST https://api.telegram.org/bot7209418219:AAG3PCfMo53ocGGHYov1O04kzn56OKUhcP4/getUpdates "HTTP/1.1 200 OK"
2025-04-06 09:23:01,288 - httpx - INFO - HTTP Request: POST https://api.telegram.org/bot7209418219:AAG3PCfMo53ocGGHYov1O04kzn56OKUhcP4/getUpdates "HTTP/1.1 200 OK"
2025-04-06 09:23:01,695 - httpx - INFO - HTTP Request: POST https://api.telegram.org/bot7209418219:AAG3PCfMo53ocGGHYov1O04kzn56OKUhcP4/sendMessage "HTTP/1.1 200 OK"
2025-04-06 09:23:08,447 - httpx - INFO - HTTP Request: POST https://api.telegram.org/bot7209418219:AAG3PCfMo53ocGGHYov1O04kzn56OKUhcP4/getUpdates "HTTP/1.1 200 OK"
2025-04-06 09:23:08,865 - httpx - INFO - HTTP Request: POST https://api.telegram.org/bot7209418219:AAG3PCfMo53ocGGHYov1O04kzn56OKUhcP4/getUpdates "HTTP/1.1 200 OK"
2025-04-06 09:23:08,867 - httpx - INFO - HTTP Request: POST https://api.telegram.org/bot7209418219:AAG3PCfMo53ocGGHYov1O04kzn56OKUhcP4/sendMessage "HTTP/1.1 200 OK"
2025-04-06 09:23:08,868 - conversation_handler - INFO - Ignoring message in group chat that's not directed at the bot
2025-04-06 09:23:15,347 - httpx - INFO - HTTP Request: POST https://api.telegram.org/bot7209418219:AAG3PCfMo53ocGGHYov1O04kzn56OKUhcP4/getUpdates "HTTP/1.1 200 OK"
2025-04-06 09:23:15,754 - httpx - INFO - HTTP Request: POST https://api.telegram.org/bot7209418219:AAG3PCfMo53ocGGHYov1O04kzn56OKUhcP4/sendMessage "HTTP/1.1 200 OK"
2025-04-06 09:23:25,468 - httpx - INFO - HTTP Request: POST https://api.telegram.org/bot7209418219:AAG3PCfMo53ocGGHYov1O04kzn56OKUhcP4/getUpdates "HTTP/1.1 200 OK"
2025-04-06 09:23:27,009 - httpx - INFO - HTTP Request: POST https://api.telegram.org/bot7209418219:AAG3PCfMo53ocGGHYov1O04kzn56OKUhcP4/getUpdates "HTTP/1.1 200 OK"
2025-04-06 09:23:27,410 - httpx - INFO - HTTP Request: POST https://api.telegram.org/bot7209418219:AAG3PCfMo53ocGGHYov1O04kzn56OKUhcP4/sendMessage "HTTP/1.1 200 OK"
2025-04-06 09:23:29,615 - httpx - INFO - HTTP Request: POST https://api.telegram.org/bot7209418219:AAG3PCfMo53ocGGHYov1O04kzn56OKUhcP4/getUpdates "HTTP/1.1 200 OK"
2025-04-06 09:23:29,617 - conversation_handler - INFO - User 6336835164 replied to the bot in a group chat
2025-04-06 09:23:29,746 - httpx - INFO - HTTP Request: POST https://api.telegram.org/bot7209418219:AAG3PCfMo53ocGGHYov1O04kzn56OKUhcP4/sendChatAction "HTTP/1.1 200 OK"
2025-04-06 09:23:29,854 - httpx - INFO - HTTP Request: POST https://api.telegram.org/bot7209418219:AAG3PCfMo53ocGGHYov1O04kzn56OKUhcP4/getUpdates "HTTP/1.1 200 OK"
2025-04-06 09:23:34,890 - httpx - INFO - HTTP Request: POST https://api.telegram.org/bot7209418219:AAG3PCfMo53ocGGHYov1O04kzn56OKUhcP4/getUpdates "HTTP/1.1 200 OK"
2025-04-06 09:23:36,285 - httpx - INFO - HTTP Request: POST https://api.telegram.org/bot7209418219:AAG3PCfMo53ocGGHYov1O04kzn56OKUhcP4/sendMessage "HTTP/1.1 200 OK"
2025-04-06 09:23:36,436 - httpx - INFO - HTTP Request: POST https://api.telegram.org/bot7209418219:AAG3PCfMo53ocGGHYov1O04kzn56OKUhcP4/sendMessage "HTTP/1.1 200 OK"
2025-04-06 09:23:45,010 - httpx - INFO - HTTP Request: POST https://api.telegram.org/bot7209418219:AAG3PCfMo53ocGGHYov1O04kzn56OKUhcP4/getUpdates "HTTP/1.1 200 OK"
2025-04-06 09:23:51,578 - httpx - INFO - HTTP Request: POST https://api.telegram.org/bot7209418219:AAG3PCfMo53ocGGHYov1O04kzn56OKUhcP4/getUpdates "HTTP/1.1 200 OK"
2025-04-06 09:23:51,579 - conversation_handler - INFO - User 6336835164 replied to the bot in a group chat
2025-04-06 09:23:51,946 - httpx - INFO - HTTP Request: POST https://api.telegram.org/bot7209418219:AAG3PCfMo53ocGGHYov1O04kzn56OKUhcP4/sendChatAction "HTTP/1.1 200 OK"
2025-04-06 09:23:54,410 - httpx - INFO - HTTP Request: POST https://api.telegram.org/bot7209418219:AAG3PCfMo53ocGGHYov1O04kzn56OKUhcP4/getUpdates "HTTP/1.1 200 OK"
2025-04-06 09:23:55,551 - httpx - INFO - HTTP Request: POST https://api.telegram.org/bot7209418219:AAG3PCfMo53ocGGHYov1O04kzn56OKUhcP4/getUpdates "HTTP/1.1 200 OK"
2025-04-06 09:23:59,462 - httpx - INFO - HTTP Request: POST https://api.telegram.org/bot7209418219:AAG3PCfMo53ocGGHYov1O04kzn56OKUhcP4/sendMessage "HTTP/1.1 200 OK"
2025-04-06 09:23:59,463 - conversation_handler - INFO - User 1159603709 replied to the bot in a group chat
2025-04-06 09:23:59,627 - httpx - INFO - HTTP Request: POST https://api.telegram.org/bot7209418219:AAG3PCfMo53ocGGHYov1O04kzn56OKUhcP4/sendChatAction "HTTP/1.1 200 OK"
2025-04-06 09:24:02,409 - httpx - INFO - HTTP Request: POST https://api.telegram.org/bot7209418219:AAG3PCfMo53ocGGHYov1O04kzn56OKUhcP4/sendMessage "HTTP/1.1 200 OK"
2025-04-06 09:24:05,331 - httpx - INFO - HTTP Request: POST https://api.telegram.org/bot7209418219:AAG3PCfMo53ocGGHYov1O04kzn56OKUhcP4/getUpdates "HTTP/1.1 200 OK"
2025-04-06 09:24:05,496 - httpx - INFO - HTTP Request: POST https://api.telegram.org/bot7209418219:AAG3PCfMo53ocGGHYov1O04kzn56OKUhcP4/sendMessage "HTTP/1.1 200 OK"
2025-04-06 09:24:15,450 - httpx - INFO - HTTP Request: POST https://api.telegram.org/bot7209418219:AAG3PCfMo53ocGGHYov1O04kzn56OKUhcP4/getUpdates "HTTP/1.1 200 OK"
2025-04-06 09:24:21,993 - httpx - INFO - HTTP Request: POST https://api.telegram.org/bot7209418219:AAG3PCfMo53ocGGHYov1O04kzn56OKUhcP4/getUpdates "HTTP/1.1 200 OK"
2025-04-06 09:24:21,995 - conversation_handler - INFO - Ignoring message in group chat that's not directed at the bot
2025-04-06 09:24:32,113 - httpx - INFO - HTTP Request: POST https://api.telegram.org/bot7209418219:AAG3PCfMo53ocGGHYov1O04kzn56OKUhcP4/getUpdates "HTTP/1.1 200 OK"
2025-04-06 09:24:40,355 - httpx - INFO - HTTP Request: POST https://api.telegram.org/bot7209418219:AAG3PCfMo53ocGGHYov1O04kzn56OKUhcP4/getUpdates "HTTP/1.1 200 OK"
2025-04-06 09:24:40,357 - conversation_handler - INFO - User 6336835164 replied to the bot in a group chat
2025-04-06 09:24:40,723 - httpx - INFO - HTTP Request: POST https://api.telegram.org/bot7209418219:AAG3PCfMo53ocGGHYov1O04kzn56OKUhcP4/sendChatAction "HTTP/1.1 200 OK"
2025-04-06 09:24:48,105 - httpx - INFO - HTTP Request: POST https://api.telegram.org/bot7209418219:AAG3PCfMo53ocGGHYov1O04kzn56OKUhcP4/sendMessage "HTTP/1.1 200 OK"
2025-04-06 09:24:50,494 - httpx - INFO - HTTP Request: POST https://api.telegram.org/bot7209418219:AAG3PCfMo53ocGGHYov1O04kzn56OKUhcP4/getUpdates "HTTP/1.1 200 OK"
2025-04-06 09:24:58,713 - httpx - INFO - HTTP Request: POST https://api.telegram.org/bot7209418219:AAG3PCfMo53ocGGHYov1O04kzn56OKUhcP4/getUpdates "HTTP/1.1 200 OK"
2025-04-06 09:25:05,934 - httpx - INFO - HTTP Request: POST https://api.telegram.org/bot7209418219:AAG3PCfMo53ocGGHYov1O04kzn56OKUhcP4/getUpdates "HTTP/1.1 200 OK"
2025-04-06 09:25:15,915 - httpx - INFO - HTTP Request: POST https://api.telegram.org/bot7209418219:AAG3PCfMo53ocGGHYov1O04kzn56OKUhcP4/getUpdates "HTTP/1.1 200 OK"
2025-04-06 09:25:25,993 - httpx - INFO - HTTP Request: POST https://api.telegram.org/bot7209418219:AAG3PCfMo53ocGGHYov1O04kzn56OKUhcP4/getUpdates "HTTP/1.1 200 OK"
2025-04-06 09:25:33,254 - httpx - INFO - HTTP Request: POST https://api.telegram.org/bot7209418219:AAG3PCfMo53ocGGHYov1O04kzn56OKUhcP4/getUpdates "HTTP/1.1 200 OK"
2025-04-06 09:25:33,255 - conversation_handler - INFO - User 6336835164 replied to the bot in a group chat
2025-04-06 09:25:33,617 - httpx - INFO - HTTP Request: POST https://api.telegram.org/bot7209418219:AAG3PCfMo53ocGGHYov1O04kzn56OKUhcP4/sendChatAction "HTTP/1.1 200 OK"
2025-04-06 09:25:34,341 - httpx - INFO - HTTP Request: POST https://api.telegram.org/bot7209418219:AAG3PCfMo53ocGGHYov1O04kzn56OKUhcP4/getUpdates "HTTP/1.1 200 OK"
2025-04-06 09:25:41,899 - httpx - INFO - HTTP Request: POST https://api.telegram.org/bot7209418219:AAG3PCfMo53ocGGHYov1O04kzn56OKUhcP4/getUpdates "HTTP/1.1 200 OK"
2025-04-06 09:25:42,011 - httpx - INFO - HTTP Request: POST https://api.telegram.org/bot7209418219:AAG3PCfMo53ocGGHYov1O04kzn56OKUhcP4/sendMessage "HTTP/1.1 200 OK"
2025-04-06 09:25:42,178 - httpx - INFO - HTTP Request: POST https://api.telegram.org/bot7209418219:AAG3PCfMo53ocGGHYov1O04kzn56OKUhcP4/sendMessage "HTTP/1.1 200 OK"
2025-04-06 09:25:49,451 - httpx - INFO - HTTP Request: POST https://api.telegram.org/bot7209418219:AAG3PCfMo53ocGGHYov1O04kzn56OKUhcP4/getUpdates "HTTP/1.1 200 OK"
2025-04-06 09:25:49,949 - httpx - INFO - HTTP Request: POST https://api.telegram.org/bot7209418219:AAG3PCfMo53ocGGHYov1O04kzn56OKUhcP4/sendMessage "HTTP/1.1 200 OK"
2025-04-06 09:25:57,912 - httpx - INFO - HTTP Request: POST https://api.telegram.org/bot7209418219:AAG3PCfMo53ocGGHYov1O04kzn56OKUhcP4/getUpdates "HTTP/1.1 200 OK"
2025-04-06 09:25:57,914 - conversation_handler - INFO - User 6336835164 replied to the bot in a group chat
2025-04-06 09:25:58,324 - httpx - INFO - HTTP Request: POST https://api.telegram.org/bot7209418219:AAG3PCfMo53ocGGHYov1O04kzn56OKUhcP4/sendChatAction "HTTP/1.1 200 OK"
2025-04-06 09:26:02,963 - httpx - INFO - HTTP Request: POST https://api.telegram.org/bot7209418219:AAG3PCfMo53ocGGHYov1O04kzn56OKUhcP4/getUpdates "HTTP/1.1 200 OK"
2025-04-06 09:26:04,987 - httpx - INFO - HTTP Request: POST https://api.telegram.org/bot7209418219:AAG3PCfMo53ocGGHYov1O04kzn56OKUhcP4/sendMessage "HTTP/1.1 200 OK"
2025-04-06 09:26:05,161 - httpx - INFO - HTTP Request: POST https://api.telegram.org/bot7209418219:AAG3PCfMo53ocGGHYov1O04kzn56OKUhcP4/sendMessage "HTTP/1.1 200 OK"
2025-04-06 09:26:06,141 - httpx - INFO - HTTP Request: POST https://api.telegram.org/bot7209418219:AAG3PCfMo53ocGGHYov1O04kzn56OKUhcP4/getUpdates "HTTP/1.1 200 OK"
2025-04-06 09:26:06,143 - conversation_handler - INFO - User 6336835164 replied to the bot in a group chat
2025-04-06 09:26:06,405 - httpx - INFO - HTTP Request: POST https://api.telegram.org/bot7209418219:AAG3PCfMo53ocGGHYov1O04kzn56OKUhcP4/sendChatAction "HTTP/1.1 200 OK"
2025-04-06 09:26:08,033 - httpx - INFO - HTTP Request: POST https://api.telegram.org/bot7209418219:AAG3PCfMo53ocGGHYov1O04kzn56OKUhcP4/getUpdates "HTTP/1.1 200 OK"
2025-04-06 09:26:11,641 - httpx - INFO - HTTP Request: POST https://api.telegram.org/bot7209418219:AAG3PCfMo53ocGGHYov1O04kzn56OKUhcP4/getUpdates "HTTP/1.1 200 OK"
2025-04-06 09:26:14,919 - httpx - INFO - HTTP Request: POST https://api.telegram.org/bot7209418219:AAG3PCfMo53ocGGHYov1O04kzn56OKUhcP4/sendMessage "HTTP/1.1 200 OK"
2025-04-06 09:26:15,047 - httpx - INFO - HTTP Request: POST https://api.telegram.org/bot7209418219:AAG3PCfMo53ocGGHYov1O04kzn56OKUhcP4/answerCallbackQuery "HTTP/1.1 200 OK"
2025-04-06 09:26:15,233 - httpx - INFO - HTTP Request: POST https://api.telegram.org/bot7209418219:AAG3PCfMo53ocGGHYov1O04kzn56OKUhcP4/sendMessage "HTTP/1.1 200 OK"
2025-04-06 09:26:15,400 - httpx - INFO - HTTP Request: POST https://api.telegram.org/bot7209418219:AAG3PCfMo53ocGGHYov1O04kzn56OKUhcP4/sendMessage "HTTP/1.1 200 OK"
2025-04-06 09:26:21,760 - httpx - INFO - HTTP Request: POST https://api.telegram.org/bot7209418219:AAG3PCfMo53ocGGHYov1O04kzn56OKUhcP4/getUpdates "HTTP/1.1 200 OK"
2025-04-06 09:26:25,155 - httpx - INFO - HTTP Request: POST https://api.telegram.org/bot7209418219:AAG3PCfMo53ocGGHYov1O04kzn56OKUhcP4/getUpdates "HTTP/1.1 200 OK"
2025-04-06 09:26:25,156 - conversation_handler - INFO - User 6336835164 replied to the bot in a group chat
2025-04-06 09:26:25,576 - httpx - INFO - HTTP Request: POST https://api.telegram.org/bot7209418219:AAG3PCfMo53ocGGHYov1O04kzn56OKUhcP4/sendChatAction "HTTP/1.1 200 OK"
2025-04-06 09:26:25,632 - httpx - INFO - HTTP Request: POST https://api.telegram.org/bot7209418219:AAG3PCfMo53ocGGHYov1O04kzn56OKUhcP4/getUpdates "HTTP/1.1 200 OK"
2025-04-06 09:26:26,259 - httpx - INFO - HTTP Request: POST https://api.telegram.org/bot7209418219:AAG3PCfMo53ocGGHYov1O04kzn56OKUhcP4/getUpdates "HTTP/1.1 200 OK"
2025-04-06 09:26:30,545 - httpx - INFO - HTTP Request: POST https://api.telegram.org/bot7209418219:AAG3PCfMo53ocGGHYov1O04kzn56OKUhcP4/getUpdates "HTTP/1.1 200 OK"
2025-04-06 09:26:32,370 - httpx - INFO - HTTP Request: POST https://api.telegram.org/bot7209418219:AAG3PCfMo53ocGGHYov1O04kzn56OKUhcP4/sendMessage "HTTP/1.1 200 OK"
2025-04-06 09:26:32,529 - httpx - INFO - HTTP Request: POST https://api.telegram.org/bot7209418219:AAG3PCfMo53ocGGHYov1O04kzn56OKUhcP4/sendMessage "HTTP/1.1 200 OK"
2025-04-06 09:26:40,244 - httpx - INFO - HTTP Request: POST https://api.telegram.org/bot7209418219:AAG3PCfMo53ocGGHYov1O04kzn56OKUhcP4/getUpdates "HTTP/1.1 200 OK"
2025-04-06 09:26:40,699 - httpx - INFO - HTTP Request: POST https://api.telegram.org/bot7209418219:AAG3PCfMo53ocGGHYov1O04kzn56OKUhcP4/sendMessage "HTTP/1.1 200 OK"
2025-04-06 09:26:45,011 - httpx - INFO - HTTP Request: POST https://api.telegram.org/bot7209418219:AAG3PCfMo53ocGGHYov1O04kzn56OKUhcP4/getUpdates "HTTP/1.1 200 OK"
2025-04-06 09:26:45,013 - conversation_handler - INFO - Ignoring message in group chat that's not directed at the bot
2025-04-06 09:26:48,660 - httpx - INFO - HTTP Request: POST https://api.telegram.org/bot7209418219:AAG3PCfMo53ocGGHYov1O04kzn56OKUhcP4/getUpdates "HTTP/1.1 200 OK"
2025-04-06 09:26:58,781 - httpx - INFO - HTTP Request: POST https://api.telegram.org/bot7209418219:AAG3PCfMo53ocGGHYov1O04kzn56OKUhcP4/getUpdates "HTTP/1.1 200 OK"
2025-04-06 09:27:02,425 - httpx - INFO - HTTP Request: POST https://api.telegram.org/bot7209418219:AAG3PCfMo53ocGGHYov1O04kzn56OKUhcP4/getUpdates "HTTP/1.1 200 OK"
2025-04-06 09:27:02,426 - telegram.ext.Application - INFO - Application is stopping. This might take a moment.
2025-04-06 09:27:02,426 - telegram.ext.Application - INFO - Application.stop() complete
2025-04-06 09:27:06,508 - root - INFO - Bot started!
2025-04-06 09:27:06,882 - httpx - INFO - HTTP Request: POST https://api.telegram.org/bot7209418219:AAG3PCfMo53ocGGHYov1O04kzn56OKUhcP4/getMe "HTTP/1.1 200 OK"
2025-04-06 09:27:07,001 - httpx - INFO - HTTP Request: POST https://api.telegram.org/bot7209418219:AAG3PCfMo53ocGGHYov1O04kzn56OKUhcP4/deleteWebhook "HTTP/1.1 200 OK"
2025-04-06 09:27:07,003 - telegram.ext.Application - INFO - Application started
2025-04-06 09:27:17,362 - httpx - INFO - HTTP Request: POST https://api.telegram.org/bot7209418219:AAG3PCfMo53ocGGHYov1O04kzn56OKUhcP4/getUpdates "HTTP/1.1 200 OK"
2025-04-06 09:27:22,410 - httpx - INFO - HTTP Request: POST https://api.telegram.org/bot7209418219:AAG3PCfMo53ocGGHYov1O04kzn56OKUhcP4/getUpdates "HTTP/1.1 200 OK"
2025-04-06 09:27:22,411 - telegram.ext.Application - INFO - Application is stopping. This might take a moment.
2025-04-06 09:27:22,411 - telegram.ext.Application - INFO - Application.stop() complete
2025-04-06 09:27:23,080 - root - INFO - Bot started!
2025-04-06 09:27:23,445 - httpx - INFO - HTTP Request: POST https://api.telegram.org/bot7209418219:AAG3PCfMo53ocGGHYov1O04kzn56OKUhcP4/getMe "HTTP/1.1 200 OK"
2025-04-06 09:27:23,588 - httpx - INFO - HTTP Request: POST https://api.telegram.org/bot7209418219:AAG3PCfMo53ocGGHYov1O04kzn56OKUhcP4/deleteWebhook "HTTP/1.1 200 OK"
2025-04-06 09:27:23,589 - telegram.ext.Application - INFO - Application started
2025-04-06 09:27:33,943 - httpx - INFO - HTTP Request: POST https://api.telegram.org/bot7209418219:AAG3PCfMo53ocGGHYov1O04kzn56OKUhcP4/getUpdates "HTTP/1.1 200 OK"
2025-04-06 09:27:44,063 - httpx - INFO - HTTP Request: POST https://api.telegram.org/bot7209418219:AAG3PCfMo53ocGGHYov1O04kzn56OKUhcP4/getUpdates "HTTP/1.1 200 OK"
2025-04-06 09:27:54,183 - httpx - INFO - HTTP Request: POST https://api.telegram.org/bot7209418219:AAG3PCfMo53ocGGHYov1O04kzn56OKUhcP4/getUpdates "HTTP/1.1 200 OK"
2025-04-06 09:28:04,303 - httpx - INFO - HTTP Request: POST https://api.telegram.org/bot7209418219:AAG3PCfMo53ocGGHYov1O04kzn56OKUhcP4/getUpdates "HTTP/1.1 200 OK"
2025-04-06 09:28:10,159 - httpx - INFO - HTTP Request: POST https://api.telegram.org/bot7209418219:AAG3PCfMo53ocGGHYov1O04kzn56OKUhcP4/getUpdates "HTTP/1.1 200 OK"
2025-04-06 09:28:10,161 - conversation_handler - INFO - User 6336835164 replied to the bot in a group chat
2025-04-06 09:28:10,525 - httpx - INFO - HTTP Request: POST https://api.telegram.org/bot7209418219:AAG3PCfMo53ocGGHYov1O04kzn56OKUhcP4/getUpdates "HTTP/1.1 200 OK"
2025-04-06 09:28:10,535 - httpx - INFO - HTTP Request: POST https://api.telegram.org/bot7209418219:AAG3PCfMo53ocGGHYov1O04kzn56OKUhcP4/sendChatAction "HTTP/1.1 200 OK"
2025-04-06 09:28:17,501 - httpx - INFO - HTTP Request: POST https://api.telegram.org/bot7209418219:AAG3PCfMo53ocGGHYov1O04kzn56OKUhcP4/getUpdates "HTTP/1.1 200 OK"
2025-04-06 09:28:18,591 - httpx - INFO - HTTP Request: POST https://api.telegram.org/bot7209418219:AAG3PCfMo53ocGGHYov1O04kzn56OKUhcP4/sendMessage "HTTP/1.1 200 OK"
2025-04-06 09:28:23,066 - httpx - INFO - HTTP Request: POST https://api.telegram.org/bot7209418219:AAG3PCfMo53ocGGHYov1O04kzn56OKUhcP4/getUpdates "HTTP/1.1 200 OK"
2025-04-06 09:28:33,186 - httpx - INFO - HTTP Request: POST https://api.telegram.org/bot7209418219:AAG3PCfMo53ocGGHYov1O04kzn56OKUhcP4/getUpdates "HTTP/1.1 200 OK"
2025-04-06 09:28:43,304 - httpx - INFO - HTTP Request: POST https://api.telegram.org/bot7209418219:AAG3PCfMo53ocGGHYov1O04kzn56OKUhcP4/getUpdates "HTTP/1.1 200 OK"
2025-04-06 09:28:50,760 - httpx - INFO - HTTP Request: POST https://api.telegram.org/bot7209418219:AAG3PCfMo53ocGGHYov1O04kzn56OKUhcP4/getUpdates "HTTP/1.1 200 OK"
2025-04-06 09:28:50,762 - conversation_handler - INFO - User 5014709103 replied to the bot in a group chat
2025-04-06 09:28:51,127 - httpx - INFO - HTTP Request: POST https://api.telegram.org/bot7209418219:AAG3PCfMo53ocGGHYov1O04kzn56OKUhcP4/sendChatAction "HTTP/1.1 200 OK"
2025-04-06 09:29:00,787 - httpx - INFO - HTTP Request: POST https://api.telegram.org/bot7209418219:AAG3PCfMo53ocGGHYov1O04kzn56OKUhcP4/sendMessage "HTTP/1.1 200 OK"
2025-04-06 09:29:01,198 - httpx - INFO - HTTP Request: POST https://api.telegram.org/bot7209418219:AAG3PCfMo53ocGGHYov1O04kzn56OKUhcP4/getUpdates "HTTP/1.1 200 OK"
2025-04-06 09:29:01,199 - telegram.ext.Application - INFO - Application is stopping. This might take a moment.
2025-04-06 09:29:01,199 - telegram.ext.Application - INFO - Application.stop() complete
2025-04-06 09:29:02,752 - root - INFO - Bot started!
2025-04-06 09:29:03,183 - httpx - INFO - HTTP Request: POST https://api.telegram.org/bot7209418219:AAG3PCfMo53ocGGHYov1O04kzn56OKUhcP4/getMe "HTTP/1.1 200 OK"
2025-04-06 09:29:03,303 - httpx - INFO - HTTP Request: POST https://api.telegram.org/bot7209418219:AAG3PCfMo53ocGGHYov1O04kzn56OKUhcP4/deleteWebhook "HTTP/1.1 200 OK"
2025-04-06 09:29:03,304 - telegram.ext.Application - INFO - Application started
2025-04-06 09:29:12,782 - httpx - INFO - HTTP Request: POST https://api.telegram.org/bot7209418219:AAG3PCfMo53ocGGHYov1O04kzn56OKUhcP4/getUpdates "HTTP/1.1 200 OK"
2025-04-06 09:29:12,784 - conversation_handler - INFO - User 6336835164 replied to the bot in a group chat
2025-04-06 09:29:13,186 - httpx - INFO - HTTP Request: POST https://api.telegram.org/bot7209418219:AAG3PCfMo53ocGGHYov1O04kzn56OKUhcP4/sendChatAction "HTTP/1.1 200 OK"
2025-04-06 09:29:20,653 - httpx - INFO - HTTP Request: POST https://api.telegram.org/bot7209418219:AAG3PCfMo53ocGGHYov1O04kzn56OKUhcP4/sendMessage "HTTP/1.1 200 OK"
2025-04-06 09:29:20,908 - httpx - INFO - HTTP Request: POST https://api.telegram.org/bot7209418219:AAG3PCfMo53ocGGHYov1O04kzn56OKUhcP4/getUpdates "HTTP/1.1 200 OK"
2025-04-06 09:29:24,410 - httpx - INFO - HTTP Request: POST https://api.telegram.org/bot7209418219:AAG3PCfMo53ocGGHYov1O04kzn56OKUhcP4/getUpdates "HTTP/1.1 200 OK"
2025-04-06 09:29:24,412 - conversation_handler - INFO - User 5014709103 replied to the bot in a group chat
2025-04-06 09:29:24,550 - httpx - INFO - HTTP Request: POST https://api.telegram.org/bot7209418219:AAG3PCfMo53ocGGHYov1O04kzn56OKUhcP4/sendChatAction "HTTP/1.1 200 OK"
2025-04-06 09:29:29,011 - httpx - INFO - HTTP Request: POST https://api.telegram.org/bot7209418219:AAG3PCfMo53ocGGHYov1O04kzn56OKUhcP4/getUpdates "HTTP/1.1 200 OK"
2025-04-06 09:29:34,162 - httpx - INFO - HTTP Request: POST https://api.telegram.org/bot7209418219:AAG3PCfMo53ocGGHYov1O04kzn56OKUhcP4/sendMessage "HTTP/1.1 200 OK"
2025-04-06 09:29:34,320 - httpx - INFO - HTTP Request: POST https://api.telegram.org/bot7209418219:AAG3PCfMo53ocGGHYov1O04kzn56OKUhcP4/sendMessage "HTTP/1.1 200 OK"
2025-04-06 09:29:38,267 - httpx - INFO - HTTP Request: POST https://api.telegram.org/bot7209418219:AAG3PCfMo53ocGGHYov1O04kzn56OKUhcP4/getUpdates "HTTP/1.1 200 OK"
2025-04-06 09:29:38,454 - httpx - INFO - HTTP Request: POST https://api.telegram.org/bot7209418219:AAG3PCfMo53ocGGHYov1O04kzn56OKUhcP4/answerCallbackQuery "HTTP/1.1 200 OK"
2025-04-06 09:29:38,628 - httpx - INFO - HTTP Request: POST https://api.telegram.org/bot7209418219:AAG3PCfMo53ocGGHYov1O04kzn56OKUhcP4/sendMessage "HTTP/1.1 200 OK"
2025-04-06 09:29:42,735 - httpx - INFO - HTTP Request: POST https://api.telegram.org/bot7209418219:AAG3PCfMo53ocGGHYov1O04kzn56OKUhcP4/getUpdates "HTTP/1.1 200 OK"
2025-04-06 09:29:42,861 - httpx - INFO - HTTP Request: POST https://api.telegram.org/bot7209418219:AAG3PCfMo53ocGGHYov1O04kzn56OKUhcP4/answerCallbackQuery "HTTP/1.1 200 OK"
2025-04-06 09:29:43,088 - httpx - INFO - HTTP Request: POST https://api.telegram.org/bot7209418219:AAG3PCfMo53ocGGHYov1O04kzn56OKUhcP4/editMessageText "HTTP/1.1 200 OK"
2025-04-06 09:29:51,757 - httpx - INFO - HTTP Request: POST https://api.telegram.org/bot7209418219:AAG3PCfMo53ocGGHYov1O04kzn56OKUhcP4/getUpdates "HTTP/1.1 200 OK"
2025-04-06 09:29:51,758 - conversation_handler - INFO - Ignoring message in group chat that's not directed at the bot
2025-04-06 09:29:54,019 - httpx - INFO - HTTP Request: POST https://api.telegram.org/bot7209418219:AAG3PCfMo53ocGGHYov1O04kzn56OKUhcP4/getUpdates "HTTP/1.1 200 OK"
2025-04-06 09:29:54,021 - conversation_handler - INFO - User 6336835164 replied to the bot in a group chat
2025-04-06 09:29:54,389 - httpx - INFO - HTTP Request: POST https://api.telegram.org/bot7209418219:AAG3PCfMo53ocGGHYov1O04kzn56OKUhcP4/sendChatAction "HTTP/1.1 200 OK"
2025-04-06 09:30:01,693 - httpx - INFO - HTTP Request: POST https://api.telegram.org/bot7209418219:AAG3PCfMo53ocGGHYov1O04kzn56OKUhcP4/sendMessage "HTTP/1.1 200 OK"
2025-04-06 09:30:02,836 - httpx - INFO - HTTP Request: POST https://api.telegram.org/bot7209418219:AAG3PCfMo53ocGGHYov1O04kzn56OKUhcP4/getUpdates "HTTP/1.1 200 OK"
2025-04-06 09:30:02,838 - conversation_handler - INFO - User 5014709103 replied to the bot in a group chat
2025-04-06 09:30:02,983 - httpx - INFO - HTTP Request: POST https://api.telegram.org/bot7209418219:AAG3PCfMo53ocGGHYov1O04kzn56OKUhcP4/sendChatAction "HTTP/1.1 200 OK"
2025-04-06 09:30:05,705 - httpx - INFO - HTTP Request: POST https://api.telegram.org/bot7209418219:AAG3PCfMo53ocGGHYov1O04kzn56OKUhcP4/getUpdates "HTTP/1.1 200 OK"
2025-04-06 09:30:12,556 - httpx - INFO - HTTP Request: POST https://api.telegram.org/bot7209418219:AAG3PCfMo53ocGGHYov1O04kzn56OKUhcP4/sendMessage "HTTP/1.1 200 OK"
2025-04-06 09:30:12,557 - conversation_handler - INFO - User 1159603709 replied to the bot in a group chat
2025-04-06 09:30:12,695 - httpx - INFO - HTTP Request: POST https://api.telegram.org/bot7209418219:AAG3PCfMo53ocGGHYov1O04kzn56OKUhcP4/sendChatAction "HTTP/1.1 200 OK"
2025-04-06 09:30:14,128 - httpx - INFO - HTTP Request: POST https://api.telegram.org/bot7209418219:AAG3PCfMo53ocGGHYov1O04kzn56OKUhcP4/sendMessage "HTTP/1.1 200 OK"
2025-04-06 09:30:15,825 - httpx - INFO - HTTP Request: POST https://api.telegram.org/bot7209418219:AAG3PCfMo53ocGGHYov1O04kzn56OKUhcP4/getUpdates "HTTP/1.1 200 OK"
2025-04-06 09:30:20,686 - httpx - INFO - HTTP Request: POST https://api.telegram.org/bot7209418219:AAG3PCfMo53ocGGHYov1O04kzn56OKUhcP4/getUpdates "HTTP/1.1 200 OK"
2025-04-06 09:30:20,688 - conversation_handler - INFO - Ignoring message in group chat that's not directed at the bot
2025-04-06 09:30:27,953 - httpx - INFO - HTTP Request: POST https://api.telegram.org/bot7209418219:AAG3PCfMo53ocGGHYov1O04kzn56OKUhcP4/getUpdates "HTTP/1.1 200 OK"
2025-04-06 09:30:27,954 - conversation_handler - INFO - User 1159603709 replied to the bot in a group chat
2025-04-06 09:30:28,317 - httpx - INFO - HTTP Request: POST https://api.telegram.org/bot7209418219:AAG3PCfMo53ocGGHYov1O04kzn56OKUhcP4/sendChatAction "HTTP/1.1 200 OK"
2025-04-06 09:30:30,113 - httpx - INFO - HTTP Request: POST https://api.telegram.org/bot7209418219:AAG3PCfMo53ocGGHYov1O04kzn56OKUhcP4/sendMessage "HTTP/1.1 200 OK"
2025-04-06 09:30:32,534 - httpx - INFO - HTTP Request: POST https://api.telegram.org/bot7209418219:AAG3PCfMo53ocGGHYov1O04kzn56OKUhcP4/getUpdates "HTTP/1.1 200 OK"
2025-04-06 09:30:32,535 - conversation_handler - INFO - User 6336835164 replied to the bot in a group chat
2025-04-06 09:30:32,665 - httpx - INFO - HTTP Request: POST https://api.telegram.org/bot7209418219:AAG3PCfMo53ocGGHYov1O04kzn56OKUhcP4/sendChatAction "HTTP/1.1 200 OK"
2025-04-06 09:30:39,640 - httpx - INFO - HTTP Request: POST https://api.telegram.org/bot7209418219:AAG3PCfMo53ocGGHYov1O04kzn56OKUhcP4/sendMessage "HTTP/1.1 200 OK"
2025-04-06 09:30:42,017 - httpx - INFO - HTTP Request: POST https://api.telegram.org/bot7209418219:AAG3PCfMo53ocGGHYov1O04kzn56OKUhcP4/getUpdates "HTTP/1.1 200 OK"
2025-04-06 09:30:42,018 - conversation_handler - INFO - User 1159603709 replied to the bot in a group chat
2025-04-06 09:30:42,149 - httpx - INFO - HTTP Request: POST https://api.telegram.org/bot7209418219:AAG3PCfMo53ocGGHYov1O04kzn56OKUhcP4/sendChatAction "HTTP/1.1 200 OK"
2025-04-06 09:30:43,654 - httpx - INFO - HTTP Request: POST https://api.telegram.org/bot7209418219:AAG3PCfMo53ocGGHYov1O04kzn56OKUhcP4/sendMessage "HTTP/1.1 200 OK"
2025-04-06 09:30:45,919 - httpx - INFO - HTTP Request: POST https://api.telegram.org/bot7209418219:AAG3PCfMo53ocGGHYov1O04kzn56OKUhcP4/getUpdates "HTTP/1.1 200 OK"
2025-04-06 09:30:45,921 - conversation_handler - INFO - User 5014709103 replied to the bot in a group chat
2025-04-06 09:30:46,054 - httpx - INFO - HTTP Request: POST https://api.telegram.org/bot7209418219:AAG3PCfMo53ocGGHYov1O04kzn56OKUhcP4/sendChatAction "HTTP/1.1 200 OK"
2025-04-06 09:30:51,351 - httpx - INFO - HTTP Request: POST https://api.telegram.org/bot7209418219:AAG3PCfMo53ocGGHYov1O04kzn56OKUhcP4/getUpdates "HTTP/1.1 200 OK"
2025-04-06 09:30:55,872 - httpx - INFO - HTTP Request: POST https://api.telegram.org/bot7209418219:AAG3PCfMo53ocGGHYov1O04kzn56OKUhcP4/sendMessage "HTTP/1.1 200 OK"
2025-04-06 09:30:55,880 - conversation_handler - INFO - User 1159603709 replied to the bot in a group chat
2025-04-06 09:30:56,007 - httpx - INFO - HTTP Request: POST https://api.telegram.org/bot7209418219:AAG3PCfMo53ocGGHYov1O04kzn56OKUhcP4/sendChatAction "HTTP/1.1 200 OK"
2025-04-06 09:30:58,114 - httpx - INFO - HTTP Request: POST https://api.telegram.org/bot7209418219:AAG3PCfMo53ocGGHYov1O04kzn56OKUhcP4/sendMessage "HTTP/1.1 200 OK"
2025-04-06 09:30:59,955 - httpx - INFO - HTTP Request: POST https://api.telegram.org/bot7209418219:AAG3PCfMo53ocGGHYov1O04kzn56OKUhcP4/getUpdates "HTTP/1.1 200 OK"
2025-04-06 09:30:59,957 - conversation_handler - INFO - Ignoring message in group chat that's not directed at the bot
2025-04-06 09:31:03,346 - httpx - INFO - HTTP Request: POST https://api.telegram.org/bot7209418219:AAG3PCfMo53ocGGHYov1O04kzn56OKUhcP4/getUpdates "HTTP/1.1 200 OK"
2025-04-06 09:31:03,763 - httpx - INFO - HTTP Request: POST https://api.telegram.org/bot7209418219:AAG3PCfMo53ocGGHYov1O04kzn56OKUhcP4/sendMessage "HTTP/1.1 200 OK"
2025-04-06 09:31:12,291 - httpx - INFO - HTTP Request: POST https://api.telegram.org/bot7209418219:AAG3PCfMo53ocGGHYov1O04kzn56OKUhcP4/getUpdates "HTTP/1.1 200 OK"
2025-04-06 09:31:12,659 - httpx - INFO - HTTP Request: POST https://api.telegram.org/bot7209418219:AAG3PCfMo53ocGGHYov1O04kzn56OKUhcP4/answerCallbackQuery "HTTP/1.1 200 OK"
2025-04-06 09:31:12,882 - httpx - INFO - HTTP Request: POST https://api.telegram.org/bot7209418219:AAG3PCfMo53ocGGHYov1O04kzn56OKUhcP4/editMessageText "HTTP/1.1 200 OK"
2025-04-06 09:31:19,978 - httpx - INFO - HTTP Request: POST https://api.telegram.org/bot7209418219:AAG3PCfMo53ocGGHYov1O04kzn56OKUhcP4/getUpdates "HTTP/1.1 200 OK"
2025-04-06 09:31:19,979 - conversation_handler - INFO - User 6336835164 replied to the bot in a group chat
2025-04-06 09:31:20,353 - httpx - INFO - HTTP Request: POST https://api.telegram.org/bot7209418219:AAG3PCfMo53ocGGHYov1O04kzn56OKUhcP4/sendChatAction "HTTP/1.1 200 OK"
2025-04-06 09:31:24,507 - httpx - INFO - HTTP Request: POST https://api.telegram.org/bot7209418219:AAG3PCfMo53ocGGHYov1O04kzn56OKUhcP4/getUpdates "HTTP/1.1 200 OK"
2025-04-06 09:31:28,213 - httpx - INFO - HTTP Request: POST https://api.telegram.org/bot7209418219:AAG3PCfMo53ocGGHYov1O04kzn56OKUhcP4/sendMessage "HTTP/1.1 200 OK"
2025-04-06 09:31:28,215 - conversation_handler - INFO - User 5014709103 replied to the bot in a group chat
2025-04-06 09:31:28,342 - httpx - INFO - HTTP Request: POST https://api.telegram.org/bot7209418219:AAG3PCfMo53ocGGHYov1O04kzn56OKUhcP4/sendChatAction "HTTP/1.1 200 OK"
2025-04-06 09:31:29,263 - httpx - INFO - HTTP Request: POST https://api.telegram.org/bot7209418219:AAG3PCfMo53ocGGHYov1O04kzn56OKUhcP4/sendMessage "HTTP/1.1 200 OK"
2025-04-06 09:31:34,627 - httpx - INFO - HTTP Request: POST https://api.telegram.org/bot7209418219:AAG3PCfMo53ocGGHYov1O04kzn56OKUhcP4/getUpdates "HTTP/1.1 200 OK"
2025-04-06 09:31:43,205 - httpx - INFO - HTTP Request: POST https://api.telegram.org/bot7209418219:AAG3PCfMo53ocGGHYov1O04kzn56OKUhcP4/getUpdates "HTTP/1.1 200 OK"
2025-04-06 09:31:43,206 - conversation_handler - INFO - User 6336835164 replied to the bot in a group chat
2025-04-06 09:31:43,589 - httpx - INFO - HTTP Request: POST https://api.telegram.org/bot7209418219:AAG3PCfMo53ocGGHYov1O04kzn56OKUhcP4/sendChatAction "HTTP/1.1 200 OK"
2025-04-06 09:31:50,023 - httpx - INFO - HTTP Request: POST https://api.telegram.org/bot7209418219:AAG3PCfMo53ocGGHYov1O04kzn56OKUhcP4/getUpdates "HTTP/1.1 200 OK"
2025-04-06 09:31:50,583 - httpx - INFO - HTTP Request: POST https://api.telegram.org/bot7209418219:AAG3PCfMo53ocGGHYov1O04kzn56OKUhcP4/sendMessage "HTTP/1.1 200 OK"
2025-04-06 09:31:50,584 - conversation_handler - INFO - Ignoring message in group chat that's not directed at the bot
2025-04-06 09:31:52,602 - httpx - INFO - HTTP Request: POST https://api.telegram.org/bot7209418219:AAG3PCfMo53ocGGHYov1O04kzn56OKUhcP4/getUpdates "HTTP/1.1 200 OK"
2025-04-06 09:31:52,604 - conversation_handler - INFO - User 5014709103 replied to the bot in a group chat
2025-04-06 09:31:52,733 - httpx - INFO - HTTP Request: POST https://api.telegram.org/bot7209418219:AAG3PCfMo53ocGGHYov1O04kzn56OKUhcP4/sendChatAction "HTTP/1.1 200 OK"
2025-04-06 09:31:55,172 - httpx - INFO - HTTP Request: POST https://api.telegram.org/bot7209418219:AAG3PCfMo53ocGGHYov1O04kzn56OKUhcP4/sendMessage "HTTP/1.1 200 OK"
2025-04-06 09:31:59,680 - httpx - INFO - HTTP Request: POST https://api.telegram.org/bot7209418219:AAG3PCfMo53ocGGHYov1O04kzn56OKUhcP4/getUpdates "HTTP/1.1 200 OK"
2025-04-06 09:31:59,861 - httpx - INFO - HTTP Request: POST https://api.telegram.org/bot7209418219:AAG3PCfMo53ocGGHYov1O04kzn56OKUhcP4/sendMessage "HTTP/1.1 200 OK"
2025-04-06 09:32:03,089 - httpx - INFO - HTTP Request: POST https://api.telegram.org/bot7209418219:AAG3PCfMo53ocGGHYov1O04kzn56OKUhcP4/getUpdates "HTTP/1.1 200 OK"
2025-04-06 09:32:03,250 - httpx - INFO - HTTP Request: POST https://api.telegram.org/bot7209418219:AAG3PCfMo53ocGGHYov1O04kzn56OKUhcP4/answerCallbackQuery "HTTP/1.1 200 OK"
2025-04-06 09:32:03,427 - httpx - INFO - HTTP Request: POST https://api.telegram.org/bot7209418219:AAG3PCfMo53ocGGHYov1O04kzn56OKUhcP4/editMessageText "HTTP/1.1 200 OK"
2025-04-06 09:32:12,988 - httpx - INFO - HTTP Request: POST https://api.telegram.org/bot7209418219:AAG3PCfMo53ocGGHYov1O04kzn56OKUhcP4/getUpdates "HTTP/1.1 200 OK"
2025-04-06 09:32:12,990 - conversation_handler - INFO - User 5634159332 replied to the bot in a group chat
2025-04-06 09:32:13,111 - httpx - INFO - HTTP Request: POST https://api.telegram.org/bot7209418219:AAG3PCfMo53ocGGHYov1O04kzn56OKUhcP4/getUpdates "HTTP/1.1 200 OK"
2025-04-06 09:32:13,385 - httpx - INFO - HTTP Request: POST https://api.telegram.org/bot7209418219:AAG3PCfMo53ocGGHYov1O04kzn56OKUhcP4/sendChatAction "HTTP/1.1 200 OK"
2025-04-06 09:32:14,685 - httpx - INFO - HTTP Request: POST https://api.telegram.org/bot7209418219:AAG3PCfMo53ocGGHYov1O04kzn56OKUhcP4/sendMessage "HTTP/1.1 200 OK"
2025-04-06 09:32:14,686 - conversation_handler - INFO - User 6336835164 replied to the bot in a group chat
2025-04-06 09:32:14,836 - httpx - INFO - HTTP Request: POST https://api.telegram.org/bot7209418219:AAG3PCfMo53ocGGHYov1O04kzn56OKUhcP4/sendChatAction "HTTP/1.1 200 OK"
2025-04-06 09:32:15,058 - mistral_integration - ERROR - Mistral API error: {"message":"Requests rate limit exceeded"}
2025-04-06 09:32:15,058 - conversation_handler - ERROR - Error generating response: Mistral API error: 429
2025-04-06 09:32:15,223 - httpx - INFO - HTTP Request: POST https://api.telegram.org/bot7209418219:AAG3PCfMo53ocGGHYov1O04kzn56OKUhcP4/sendMessage "HTTP/1.1 200 OK"
2025-04-06 09:32:22,143 - httpx - INFO - HTTP Request: POST https://api.telegram.org/bot7209418219:AAG3PCfMo53ocGGHYov1O04kzn56OKUhcP4/getUpdates "HTTP/1.1 200 OK"
2025-04-06 09:32:22,144 - conversation_handler - INFO - User 5014709103 replied to the bot in a group chat
2025-04-06 09:32:22,568 - httpx - INFO - HTTP Request: POST https://api.telegram.org/bot7209418219:AAG3PCfMo53ocGGHYov1O04kzn56OKUhcP4/sendChatAction "HTTP/1.1 200 OK"
2025-04-06 09:32:28,379 - httpx - INFO - HTTP Request: POST https://api.telegram.org/bot7209418219:AAG3PCfMo53ocGGHYov1O04kzn56OKUhcP4/sendMessage "HTTP/1.1 200 OK"
2025-04-06 09:32:29,626 - httpx - INFO - HTTP Request: POST https://api.telegram.org/bot7209418219:AAG3PCfMo53ocGGHYov1O04kzn56OKUhcP4/getUpdates "HTTP/1.1 200 OK"
2025-04-06 09:32:29,627 - conversation_handler - INFO - User 6336835164 replied to the bot in a group chat
2025-04-06 09:32:29,777 - httpx - INFO - HTTP Request: POST https://api.telegram.org/bot7209418219:AAG3PCfMo53ocGGHYov1O04kzn56OKUhcP4/sendChatAction "HTTP/1.1 200 OK"
2025-04-06 09:32:37,834 - httpx - INFO - HTTP Request: POST https://api.telegram.org/bot7209418219:AAG3PCfMo53ocGGHYov1O04kzn56OKUhcP4/sendMessage "HTTP/1.1 200 OK"
2025-04-06 09:32:39,746 - httpx - INFO - HTTP Request: POST https://api.telegram.org/bot7209418219:AAG3PCfMo53ocGGHYov1O04kzn56OKUhcP4/getUpdates "HTTP/1.1 200 OK"
2025-04-06 09:32:46,744 - httpx - INFO - HTTP Request: POST https://api.telegram.org/bot7209418219:AAG3PCfMo53ocGGHYov1O04kzn56OKUhcP4/getUpdates "HTTP/1.1 200 OK"
2025-04-06 09:32:51,691 - httpx - INFO - HTTP Request: POST https://api.telegram.org/bot7209418219:AAG3PCfMo53ocGGHYov1O04kzn56OKUhcP4/getUpdates "HTTP/1.1 200 OK"
2025-04-06 09:32:51,692 - telegram.ext.Application - INFO - Application is stopping. This might take a moment.
2025-04-06 09:32:51,692 - telegram.ext.Application - INFO - Application.stop() complete
2025-04-06 09:32:52,350 - root - INFO - Bot started!
2025-04-06 09:32:52,715 - httpx - INFO - HTTP Request: POST https://api.telegram.org/bot7209418219:AAG3PCfMo53ocGGHYov1O04kzn56OKUhcP4/getMe "HTTP/1.1 200 OK"
2025-04-06 09:32:52,834 - httpx - INFO - HTTP Request: POST https://api.telegram.org/bot7209418219:AAG3PCfMo53ocGGHYov1O04kzn56OKUhcP4/deleteWebhook "HTTP/1.1 200 OK"
2025-04-06 09:32:52,836 - telegram.ext.Application - INFO - Application started
2025-04-06 09:32:53,193 - httpx - INFO - HTTP Request: POST https://api.telegram.org/bot7209418219:AAG3PCfMo53ocGGHYov1O04kzn56OKUhcP4/getUpdates "HTTP/1.1 200 OK"
2025-04-06 09:33:03,326 - httpx - INFO - HTTP Request: POST https://api.telegram.org/bot7209418219:AAG3PCfMo53ocGGHYov1O04kzn56OKUhcP4/getUpdates "HTTP/1.1 200 OK"
2025-04-06 09:33:07,820 - httpx - INFO - HTTP Request: POST https://api.telegram.org/bot7209418219:AAG3PCfMo53ocGGHYov1O04kzn56OKUhcP4/getUpdates "HTTP/1.1 200 OK"
2025-04-06 09:33:07,821 - conversation_handler - INFO - User 6336835164 replied to the bot in a group chat
2025-04-06 09:33:08,193 - httpx - INFO - HTTP Request: POST https://api.telegram.org/bot7209418219:AAG3PCfMo53ocGGHYov1O04kzn56OKUhcP4/sendChatAction "HTTP/1.1 200 OK"
2025-04-06 09:33:16,228 - httpx - INFO - HTTP Request: POST https://api.telegram.org/bot7209418219:AAG3PCfMo53ocGGHYov1O04kzn56OKUhcP4/sendMessage "HTTP/1.1 200 OK"
2025-04-06 09:33:17,941 - httpx - INFO - HTTP Request: POST https://api.telegram.org/bot7209418219:AAG3PCfMo53ocGGHYov1O04kzn56OKUhcP4/getUpdates "HTTP/1.1 200 OK"
2025-04-06 09:33:22,987 - httpx - INFO - HTTP Request: POST https://api.telegram.org/bot7209418219:AAG3PCfMo53ocGGHYov1O04kzn56OKUhcP4/getUpdates "HTTP/1.1 200 OK"
2025-04-06 09:33:22,989 - conversation_handler - INFO - User 5014709103 replied to the bot in a group chat
2025-04-06 09:33:23,356 - httpx - INFO - HTTP Request: POST https://api.telegram.org/bot7209418219:AAG3PCfMo53ocGGHYov1O04kzn56OKUhcP4/sendChatAction "HTTP/1.1 200 OK"
2025-04-06 09:33:24,662 - httpx - INFO - HTTP Request: POST https://api.telegram.org/bot7209418219:AAG3PCfMo53ocGGHYov1O04kzn56OKUhcP4/getUpdates "HTTP/1.1 200 OK"
2025-04-06 09:33:26,889 - httpx - INFO - HTTP Request: POST https://api.telegram.org/bot7209418219:AAG3PCfMo53ocGGHYov1O04kzn56OKUhcP4/sendMessage "HTTP/1.1 200 OK"
2025-04-06 09:33:34,805 - httpx - INFO - HTTP Request: POST https://api.telegram.org/bot7209418219:AAG3PCfMo53ocGGHYov1O04kzn56OKUhcP4/getUpdates "HTTP/1.1 200 OK"
2025-04-06 09:33:44,940 - httpx - INFO - HTTP Request: POST https://api.telegram.org/bot7209418219:AAG3PCfMo53ocGGHYov1O04kzn56OKUhcP4/getUpdates "HTTP/1.1 200 OK"
2025-04-06 09:33:47,273 - httpx - INFO - HTTP Request: POST https://api.telegram.org/bot7209418219:AAG3PCfMo53ocGGHYov1O04kzn56OKUhcP4/getUpdates "HTTP/1.1 200 OK"
2025-04-06 09:33:47,274 - conversation_handler - INFO - User 6336835164 replied to the bot in a group chat
2025-04-06 09:33:47,640 - httpx - INFO - HTTP Request: POST https://api.telegram.org/bot7209418219:AAG3PCfMo53ocGGHYov1O04kzn56OKUhcP4/sendChatAction "HTTP/1.1 200 OK"
2025-04-06 09:33:54,962 - httpx - INFO - HTTP Request: POST https://api.telegram.org/bot7209418219:AAG3PCfMo53ocGGHYov1O04kzn56OKUhcP4/sendMessage "HTTP/1.1 200 OK"
2025-04-06 09:33:57,394 - httpx - INFO - HTTP Request: POST https://api.telegram.org/bot7209418219:AAG3PCfMo53ocGGHYov1O04kzn56OKUhcP4/getUpdates "HTTP/1.1 200 OK"
2025-04-06 09:34:00,882 - httpx - INFO - HTTP Request: POST https://api.telegram.org/bot7209418219:AAG3PCfMo53ocGGHYov1O04kzn56OKUhcP4/getUpdates "HTTP/1.1 200 OK"
2025-04-06 09:34:00,888 - conversation_handler - INFO - User 5014709103 replied to the bot in a group chat
2025-04-06 09:34:01,276 - httpx - INFO - HTTP Request: POST https://api.telegram.org/bot7209418219:AAG3PCfMo53ocGGHYov1O04kzn56OKUhcP4/sendChatAction "HTTP/1.1 200 OK"
2025-04-06 09:34:03,847 - httpx - INFO - HTTP Request: POST https://api.telegram.org/bot7209418219:AAG3PCfMo53ocGGHYov1O04kzn56OKUhcP4/sendMessage "HTTP/1.1 200 OK"
2025-04-06 09:34:11,020 - httpx - INFO - HTTP Request: POST https://api.telegram.org/bot7209418219:AAG3PCfMo53ocGGHYov1O04kzn56OKUhcP4/getUpdates "HTTP/1.1 200 OK"
2025-04-06 09:34:11,633 - httpx - INFO - HTTP Request: POST https://api.telegram.org/bot7209418219:AAG3PCfMo53ocGGHYov1O04kzn56OKUhcP4/getUpdates "HTTP/1.1 200 OK"
2025-04-06 09:34:11,635 - conversation_handler - INFO - User 6336835164 replied to the bot in a group chat
2025-04-06 09:34:12,024 - httpx - INFO - HTTP Request: POST https://api.telegram.org/bot7209418219:AAG3PCfMo53ocGGHYov1O04kzn56OKUhcP4/sendChatAction "HTTP/1.1 200 OK"
2025-04-06 09:34:15,438 - root - INFO - Bot started!
2025-04-06 09:34:15,803 - httpx - INFO - HTTP Request: POST https://api.telegram.org/bot7209418219:AAG3PCfMo53ocGGHYov1O04kzn56OKUhcP4/getMe "HTTP/1.1 200 OK"
2025-04-06 09:34:15,923 - httpx - INFO - HTTP Request: POST https://api.telegram.org/bot7209418219:AAG3PCfMo53ocGGHYov1O04kzn56OKUhcP4/deleteWebhook "HTTP/1.1 200 OK"
2025-04-06 09:34:15,925 - telegram.ext.Application - INFO - Application started
2025-04-06 09:34:26,281 - httpx - INFO - HTTP Request: POST https://api.telegram.org/bot7209418219:AAG3PCfMo53ocGGHYov1O04kzn56OKUhcP4/getUpdates "HTTP/1.1 200 OK"
2025-04-06 09:34:36,401 - httpx - INFO - HTTP Request: POST https://api.telegram.org/bot7209418219:AAG3PCfMo53ocGGHYov1O04kzn56OKUhcP4/getUpdates "HTTP/1.1 200 OK"
2025-04-06 09:34:41,380 - httpx - INFO - HTTP Request: POST https://api.telegram.org/bot7209418219:AAG3PCfMo53ocGGHYov1O04kzn56OKUhcP4/getUpdates "HTTP/1.1 200 OK"
2025-04-06 09:34:41,382 - conversation_handler - INFO - User 6336835164 replied to the bot in a group chat
2025-04-06 09:34:41,752 - httpx - INFO - HTTP Request: POST https://api.telegram.org/bot7209418219:AAG3PCfMo53ocGGHYov1O04kzn56OKUhcP4/sendChatAction "HTTP/1.1 200 OK"
2025-04-06 09:34:50,603 - httpx - INFO - HTTP Request: POST https://api.telegram.org/bot7209418219:AAG3PCfMo53ocGGHYov1O04kzn56OKUhcP4/sendMessage "HTTP/1.1 200 OK"
2025-04-06 09:34:51,501 - httpx - INFO - HTTP Request: POST https://api.telegram.org/bot7209418219:AAG3PCfMo53ocGGHYov1O04kzn56OKUhcP4/getUpdates "HTTP/1.1 200 OK"
2025-04-06 09:34:58,049 - httpx - INFO - HTTP Request: POST https://api.telegram.org/bot7209418219:AAG3PCfMo53ocGGHYov1O04kzn56OKUhcP4/getUpdates "HTTP/1.1 200 OK"
2025-04-06 09:34:58,051 - conversation_handler - INFO - User 1159603709 replied to the bot in a group chat
2025-04-06 09:34:58,427 - httpx - INFO - HTTP Request: POST https://api.telegram.org/bot7209418219:AAG3PCfMo53ocGGHYov1O04kzn56OKUhcP4/sendChatAction "HTTP/1.1 200 OK"
2025-04-06 09:35:00,285 - httpx - INFO - HTTP Request: POST https://api.telegram.org/bot7209418219:AAG3PCfMo53ocGGHYov1O04kzn56OKUhcP4/sendMessage "HTTP/1.1 200 OK"
2025-04-06 09:35:08,171 - httpx - INFO - HTTP Request: POST https://api.telegram.org/bot7209418219:AAG3PCfMo53ocGGHYov1O04kzn56OKUhcP4/getUpdates "HTTP/1.1 200 OK"
2025-04-06 09:35:14,334 - httpx - INFO - HTTP Request: POST https://api.telegram.org/bot7209418219:AAG3PCfMo53ocGGHYov1O04kzn56OKUhcP4/getUpdates "HTTP/1.1 200 OK"
2025-04-06 09:35:14,336 - conversation_handler - INFO - User 5634159332 replied to the bot in a group chat
2025-04-06 09:35:14,725 - httpx - INFO - HTTP Request: POST https://api.telegram.org/bot7209418219:AAG3PCfMo53ocGGHYov1O04kzn56OKUhcP4/sendChatAction "HTTP/1.1 200 OK"
2025-04-06 09:35:16,439 - httpx - INFO - HTTP Request: POST https://api.telegram.org/bot7209418219:AAG3PCfMo53ocGGHYov1O04kzn56OKUhcP4/sendMessage "HTTP/1.1 200 OK"
2025-04-06 09:35:22,450 - httpx - INFO - HTTP Request: POST https://api.telegram.org/bot7209418219:AAG3PCfMo53ocGGHYov1O04kzn56OKUhcP4/getUpdates "HTTP/1.1 200 OK"
2025-04-06 09:35:22,452 - conversation_handler - INFO - User 1159603709 replied to the bot in a group chat
2025-04-06 09:35:22,832 - httpx - INFO - HTTP Request: POST https://api.telegram.org/bot7209418219:AAG3PCfMo53ocGGHYov1O04kzn56OKUhcP4/sendChatAction "HTTP/1.1 200 OK"
2025-04-06 09:35:26,320 - httpx - INFO - HTTP Request: POST https://api.telegram.org/bot7209418219:AAG3PCfMo53ocGGHYov1O04kzn56OKUhcP4/sendMessage "HTTP/1.1 200 OK"
2025-04-06 09:35:32,572 - httpx - INFO - HTTP Request: POST https://api.telegram.org/bot7209418219:AAG3PCfMo53ocGGHYov1O04kzn56OKUhcP4/getUpdates "HTTP/1.1 200 OK"
2025-04-06 09:35:42,690 - httpx - INFO - HTTP Request: POST https://api.telegram.org/bot7209418219:AAG3PCfMo53ocGGHYov1O04kzn56OKUhcP4/getUpdates "HTTP/1.1 200 OK"
2025-04-06 09:35:45,117 - httpx - INFO - HTTP Request: POST https://api.telegram.org/bot7209418219:AAG3PCfMo53ocGGHYov1O04kzn56OKUhcP4/getUpdates "HTTP/1.1 200 OK"
2025-04-06 09:35:45,118 - conversation_handler - INFO - User 1159603709 replied to the bot in a group chat
2025-04-06 09:35:45,493 - httpx - INFO - HTTP Request: POST https://api.telegram.org/bot7209418219:AAG3PCfMo53ocGGHYov1O04kzn56OKUhcP4/sendChatAction "HTTP/1.1 200 OK"
2025-04-06 09:35:47,141 - httpx - INFO - HTTP Request: POST https://api.telegram.org/bot7209418219:AAG3PCfMo53ocGGHYov1O04kzn56OKUhcP4/sendMessage "HTTP/1.1 200 OK"
2025-04-06 09:35:55,237 - httpx - INFO - HTTP Request: POST https://api.telegram.org/bot7209418219:AAG3PCfMo53ocGGHYov1O04kzn56OKUhcP4/getUpdates "HTTP/1.1 200 OK"
2025-04-06 09:36:02,149 - httpx - INFO - HTTP Request: POST https://api.telegram.org/bot7209418219:AAG3PCfMo53ocGGHYov1O04kzn56OKUhcP4/getUpdates "HTTP/1.1 200 OK"
2025-04-06 09:36:02,151 - conversation_handler - INFO - User 6336835164 replied to the bot in a group chat
2025-04-06 09:36:02,521 - httpx - INFO - HTTP Request: POST https://api.telegram.org/bot7209418219:AAG3PCfMo53ocGGHYov1O04kzn56OKUhcP4/sendChatAction "HTTP/1.1 200 OK"
2025-04-06 09:36:10,768 - httpx - INFO - HTTP Request: POST https://api.telegram.org/bot7209418219:AAG3PCfMo53ocGGHYov1O04kzn56OKUhcP4/sendMessage "HTTP/1.1 200 OK"
2025-04-06 09:36:10,905 - httpx - INFO - HTTP Request: POST https://api.telegram.org/bot7209418219:AAG3PCfMo53ocGGHYov1O04kzn56OKUhcP4/getUpdates "HTTP/1.1 200 OK"
2025-04-06 09:36:10,907 - conversation_handler - INFO - User 5634159332 replied to the bot in a group chat
2025-04-06 09:36:11,096 - httpx - INFO - HTTP Request: POST https://api.telegram.org/bot7209418219:AAG3PCfMo53ocGGHYov1O04kzn56OKUhcP4/sendChatAction "HTTP/1.1 200 OK"
2025-04-06 09:36:14,731 - httpx - INFO - HTTP Request: POST https://api.telegram.org/bot7209418219:AAG3PCfMo53ocGGHYov1O04kzn56OKUhcP4/sendMessage "HTTP/1.1 200 OK"
2025-04-06 09:36:21,026 - httpx - INFO - HTTP Request: POST https://api.telegram.org/bot7209418219:AAG3PCfMo53ocGGHYov1O04kzn56OKUhcP4/getUpdates "HTTP/1.1 200 OK"
2025-04-06 09:36:21,575 - httpx - INFO - HTTP Request: POST https://api.telegram.org/bot7209418219:AAG3PCfMo53ocGGHYov1O04kzn56OKUhcP4/getUpdates "HTTP/1.1 200 OK"
2025-04-06 09:36:21,577 - conversation_handler - INFO - User 6336835164 replied to the bot in a group chat
2025-04-06 09:36:21,940 - httpx - INFO - HTTP Request: POST https://api.telegram.org/bot7209418219:AAG3PCfMo53ocGGHYov1O04kzn56OKUhcP4/sendChatAction "HTTP/1.1 200 OK"
2025-04-06 09:36:27,446 - httpx - INFO - HTTP Request: POST https://api.telegram.org/bot7209418219:AAG3PCfMo53ocGGHYov1O04kzn56OKUhcP4/getUpdates "HTTP/1.1 200 OK"
2025-04-06 09:36:28,440 - httpx - INFO - HTTP Request: POST https://api.telegram.org/bot7209418219:AAG3PCfMo53ocGGHYov1O04kzn56OKUhcP4/sendMessage "HTTP/1.1 200 OK"
2025-04-06 09:36:37,564 - httpx - INFO - HTTP Request: POST https://api.telegram.org/bot7209418219:AAG3PCfMo53ocGGHYov1O04kzn56OKUhcP4/getUpdates "HTTP/1.1 200 OK"
2025-04-06 09:36:39,817 - httpx - INFO - HTTP Request: POST https://api.telegram.org/bot7209418219:AAG3PCfMo53ocGGHYov1O04kzn56OKUhcP4/getUpdates "HTTP/1.1 200 OK"
2025-04-06 09:36:39,819 - conversation_handler - INFO - Ignoring message in group chat that's not directed at the bot
2025-04-06 09:36:49,937 - httpx - INFO - HTTP Request: POST https://api.telegram.org/bot7209418219:AAG3PCfMo53ocGGHYov1O04kzn56OKUhcP4/getUpdates "HTTP/1.1 200 OK"
2025-04-06 09:36:59,016 - httpx - INFO - HTTP Request: POST https://api.telegram.org/bot7209418219:AAG3PCfMo53ocGGHYov1O04kzn56OKUhcP4/getUpdates "HTTP/1.1 200 OK"
2025-04-06 09:36:59,018 - conversation_handler - INFO - User 6336835164 replied to the bot in a group chat
2025-04-06 09:36:59,418 - httpx - INFO - HTTP Request: POST https://api.telegram.org/bot7209418219:AAG3PCfMo53ocGGHYov1O04kzn56OKUhcP4/sendChatAction "HTTP/1.1 200 OK"
2025-04-06 09:37:06,628 - httpx - INFO - HTTP Request: POST https://api.telegram.org/bot7209418219:AAG3PCfMo53ocGGHYov1O04kzn56OKUhcP4/sendMessage "HTTP/1.1 200 OK"
2025-04-06 09:37:09,136 - httpx - INFO - HTTP Request: POST https://api.telegram.org/bot7209418219:AAG3PCfMo53ocGGHYov1O04kzn56OKUhcP4/getUpdates "HTTP/1.1 200 OK"
2025-04-06 09:37:19,254 - httpx - INFO - HTTP Request: POST https://api.telegram.org/bot7209418219:AAG3PCfMo53ocGGHYov1O04kzn56OKUhcP4/getUpdates "HTTP/1.1 200 OK"
2025-04-06 09:37:22,923 - httpx - INFO - HTTP Request: POST https://api.telegram.org/bot7209418219:AAG3PCfMo53ocGGHYov1O04kzn56OKUhcP4/getUpdates "HTTP/1.1 200 OK"
2025-04-06 09:37:22,925 - conversation_handler - INFO - User 6336835164 replied to the bot in a group chat
2025-04-06 09:37:23,310 - httpx - INFO - HTTP Request: POST https://api.telegram.org/bot7209418219:AAG3PCfMo53ocGGHYov1O04kzn56OKUhcP4/sendChatAction "HTTP/1.1 200 OK"
2025-04-06 09:37:25,675 - httpx - INFO - HTTP Request: POST https://api.telegram.org/bot7209418219:AAG3PCfMo53ocGGHYov1O04kzn56OKUhcP4/getUpdates "HTTP/1.1 200 OK"
2025-04-06 09:37:29,809 - httpx - INFO - HTTP Request: POST https://api.telegram.org/bot7209418219:AAG3PCfMo53ocGGHYov1O04kzn56OKUhcP4/sendMessage "HTTP/1.1 200 OK"
2025-04-06 09:37:35,795 - httpx - INFO - HTTP Request: POST https://api.telegram.org/bot7209418219:AAG3PCfMo53ocGGHYov1O04kzn56OKUhcP4/getUpdates "HTTP/1.1 200 OK"
2025-04-06 09:37:43,451 - httpx - INFO - HTTP Request: POST https://api.telegram.org/bot7209418219:AAG3PCfMo53ocGGHYov1O04kzn56OKUhcP4/getUpdates "HTTP/1.1 200 OK"
2025-04-06 09:37:43,453 - conversation_handler - INFO - User 6336835164 replied to the bot in a group chat
2025-04-06 09:37:43,908 - httpx - INFO - HTTP Request: POST https://api.telegram.org/bot7209418219:AAG3PCfMo53ocGGHYov1O04kzn56OKUhcP4/sendChatAction "HTTP/1.1 200 OK"
2025-04-06 09:37:50,871 - httpx - INFO - HTTP Request: POST https://api.telegram.org/bot7209418219:AAG3PCfMo53ocGGHYov1O04kzn56OKUhcP4/sendMessage "HTTP/1.1 200 OK"
2025-04-06 09:37:53,572 - httpx - INFO - HTTP Request: POST https://api.telegram.org/bot7209418219:AAG3PCfMo53ocGGHYov1O04kzn56OKUhcP4/getUpdates "HTTP/1.1 200 OK"
2025-04-06 09:37:59,565 - httpx - INFO - HTTP Request: POST https://api.telegram.org/bot7209418219:AAG3PCfMo53ocGGHYov1O04kzn56OKUhcP4/getUpdates "HTTP/1.1 200 OK"
2025-04-06 09:37:59,567 - conversation_handler - INFO - User 6336835164 replied to the bot in a group chat
2025-04-06 09:37:59,937 - httpx - INFO - HTTP Request: POST https://api.telegram.org/bot7209418219:AAG3PCfMo53ocGGHYov1O04kzn56OKUhcP4/sendChatAction "HTTP/1.1 200 OK"
2025-04-06 09:38:03,596 - httpx - INFO - HTTP Request: POST https://api.telegram.org/bot7209418219:AAG3PCfMo53ocGGHYov1O04kzn56OKUhcP4/getUpdates "HTTP/1.1 200 OK"
2025-04-06 09:38:03,598 - telegram.ext.Application - INFO - Application is stopping. This might take a moment.
2025-04-06 09:38:06,873 - root - INFO - Bot started!
2025-04-06 09:38:07,246 - httpx - INFO - HTTP Request: POST https://api.telegram.org/bot7209418219:AAG3PCfMo53ocGGHYov1O04kzn56OKUhcP4/getMe "HTTP/1.1 200 OK"
2025-04-06 09:38:07,364 - httpx - INFO - HTTP Request: POST https://api.telegram.org/bot7209418219:AAG3PCfMo53ocGGHYov1O04kzn56OKUhcP4/deleteWebhook "HTTP/1.1 200 OK"
2025-04-06 09:38:07,366 - telegram.ext.Application - INFO - Application started
2025-04-06 09:38:12,349 - httpx - INFO - HTTP Request: POST https://api.telegram.org/bot7209418219:AAG3PCfMo53ocGGHYov1O04kzn56OKUhcP4/getUpdates "HTTP/1.1 200 OK"
2025-04-06 09:38:12,350 - telegram.ext.Application - INFO - Application is stopping. This might take a moment.
2025-04-06 09:38:12,350 - telegram.ext.Application - INFO - Application.stop() complete
2025-04-06 09:38:13,072 - root - INFO - Bot started!
2025-04-06 09:38:13,441 - httpx - INFO - HTTP Request: POST https://api.telegram.org/bot7209418219:AAG3PCfMo53ocGGHYov1O04kzn56OKUhcP4/getMe "HTTP/1.1 200 OK"
2025-04-06 09:38:13,561 - httpx - INFO - HTTP Request: POST https://api.telegram.org/bot7209418219:AAG3PCfMo53ocGGHYov1O04kzn56OKUhcP4/deleteWebhook "HTTP/1.1 200 OK"
2025-04-06 09:38:13,563 - telegram.ext.Application - INFO - Application started
2025-04-06 09:38:23,203 - httpx - INFO - HTTP Request: POST https://api.telegram.org/bot7209418219:AAG3PCfMo53ocGGHYov1O04kzn56OKUhcP4/getUpdates "HTTP/1.1 200 OK"
2025-04-06 09:38:26,127 - httpx - INFO - HTTP Request: POST https://api.telegram.org/bot7209418219:AAG3PCfMo53ocGGHYov1O04kzn56OKUhcP4/getUpdates "HTTP/1.1 200 OK"
2025-04-06 09:38:36,252 - httpx - INFO - HTTP Request: POST https://api.telegram.org/bot7209418219:AAG3PCfMo53ocGGHYov1O04kzn56OKUhcP4/getUpdates "HTTP/1.1 200 OK"
2025-04-06 09:38:40,891 - httpx - INFO - HTTP Request: POST https://api.telegram.org/bot7209418219:AAG3PCfMo53ocGGHYov1O04kzn56OKUhcP4/getUpdates "HTTP/1.1 200 OK"
2025-04-06 09:38:40,893 - conversation_handler - INFO - User 6336835164 replied to the bot in a group chat
2025-04-06 09:38:41,309 - httpx - INFO - HTTP Request: POST https://api.telegram.org/bot7209418219:AAG3PCfMo53ocGGHYov1O04kzn56OKUhcP4/sendChatAction "HTTP/1.1 200 OK"
2025-04-06 09:38:51,018 - httpx - INFO - HTTP Request: POST https://api.telegram.org/bot7209418219:AAG3PCfMo53ocGGHYov1O04kzn56OKUhcP4/getUpdates "HTTP/1.1 200 OK"
2025-04-06 09:38:51,604 - httpx - INFO - HTTP Request: POST https://api.telegram.org/bot7209418219:AAG3PCfMo53ocGGHYov1O04kzn56OKUhcP4/sendMessage "HTTP/1.1 200 OK"
2025-04-06 09:38:58,099 - httpx - INFO - HTTP Request: POST https://api.telegram.org/bot7209418219:AAG3PCfMo53ocGGHYov1O04kzn56OKUhcP4/getUpdates "HTTP/1.1 200 OK"
2025-04-06 09:38:58,102 - conversation_handler - INFO - User 6336835164 replied to the bot in a group chat
2025-04-06 09:38:58,473 - httpx - INFO - HTTP Request: POST https://api.telegram.org/bot7209418219:AAG3PCfMo53ocGGHYov1O04kzn56OKUhcP4/sendChatAction "HTTP/1.1 200 OK"
2025-04-06 09:39:08,229 - httpx - INFO - HTTP Request: POST https://api.telegram.org/bot7209418219:AAG3PCfMo53ocGGHYov1O04kzn56OKUhcP4/getUpdates "HTTP/1.1 200 OK"
2025-04-06 09:39:08,518 - httpx - INFO - HTTP Request: POST https://api.telegram.org/bot7209418219:AAG3PCfMo53ocGGHYov1O04kzn56OKUhcP4/sendMessage "HTTP/1.1 400 Bad Request"
2025-04-06 09:39:08,519 - conversation_handler - ERROR - Error generating response: Message to be replied not found
2025-04-06 09:39:08,636 - httpx - INFO - HTTP Request: POST https://api.telegram.org/bot7209418219:AAG3PCfMo53ocGGHYov1O04kzn56OKUhcP4/sendMessage "HTTP/1.1 400 Bad Request"
2025-04-06 09:39:08,637 - utils - ERROR - Update Update(message=Message(channel_chat_created=False, chat=Chat(id=-1002023560648, title="Clowns Servant's 𓀐𓂺", type=<ChatType.SUPERGROUP>), date=datetime.datetime(2025, 4, 6, 9, 38, 58, tzinfo=datetime.timezone.utc), delete_chat_photo=False, from_user=User(first_name='Obito', id=6336835164, is_bot=False, is_premium=True, language_code='en', username='Obito120'), group_chat_created=False, message_id=411725, message_thread_id=411524, reply_to_message=Message(channel_chat_created=False, chat=Chat(id=-1002023560648, title="Clowns Servant's 𓀐𓂺", type=<ChatType.SUPERGROUP>), date=datetime.datetime(2025, 4, 6, 9, 37, 50, tzinfo=datetime.timezone.utc), delete_chat_photo=False, from_user=User(first_name='C ai', id=7209418219, is_bot=True, username='Character0_a1_bot'), group_chat_created=False, message_id=411719, message_thread_id=411524, supergroup_chat_created=False, text="I'm sorry that you feel that way. I am here to provide information and to engage in respectful and positive conversations. If you have any questions or concerns, please let me know and I will do my best to help. If you would prefer not to continue our conversation, I understand and respect your decision. 💖💖💖💖💖💖💖💖💖💖💖💖💖💖💖💖💖💖💖💖💖💖💖💖💖💖💖💖💖💖💖💖💖💖💖💖💖💖💖💖💖💖💖💖💖💖💖💖💖💖"), supergroup_chat_created=False, text='What would you advice a girl for her future'), update_id=604784387) caused error Message to be replied not found
2025-04-06 09:39:08,798 - httpx - INFO - HTTP Request: POST https://api.telegram.org/bot7209418219:AAG3PCfMo53ocGGHYov1O04kzn56OKUhcP4/sendMessage "HTTP/1.1 200 OK"
2025-04-06 09:39:18,351 - httpx - INFO - HTTP Request: POST https://api.telegram.org/bot7209418219:AAG3PCfMo53ocGGHYov1O04kzn56OKUhcP4/getUpdates "HTTP/1.1 200 OK"
2025-04-06 09:39:28,480 - httpx - INFO - HTTP Request: POST https://api.telegram.org/bot7209418219:AAG3PCfMo53ocGGHYov1O04kzn56OKUhcP4/getUpdates "HTTP/1.1 200 OK"
2025-04-06 09:39:30,289 - httpx - INFO - HTTP Request: POST https://api.telegram.org/bot7209418219:AAG3PCfMo53ocGGHYov1O04kzn56OKUhcP4/getUpdates "HTTP/1.1 200 OK"
2025-04-06 09:39:30,717 - httpx - INFO - HTTP Request: POST https://api.telegram.org/bot7209418219:AAG3PCfMo53ocGGHYov1O04kzn56OKUhcP4/sendMessage "HTTP/1.1 200 OK"
2025-04-06 09:39:40,409 - httpx - INFO - HTTP Request: POST https://api.telegram.org/bot7209418219:AAG3PCfMo53ocGGHYov1O04kzn56OKUhcP4/getUpdates "HTTP/1.1 200 OK"
2025-04-06 09:39:44,445 - httpx - INFO - HTTP Request: POST https://api.telegram.org/bot7209418219:AAG3PCfMo53ocGGHYov1O04kzn56OKUhcP4/getUpdates "HTTP/1.1 200 OK"
2025-04-06 09:39:44,851 - httpx - INFO - HTTP Request: POST https://api.telegram.org/bot7209418219:AAG3PCfMo53ocGGHYov1O04kzn56OKUhcP4/sendMessage "HTTP/1.1 200 OK"
2025-04-06 09:39:54,566 - httpx - INFO - HTTP Request: POST https://api.telegram.org/bot7209418219:AAG3PCfMo53ocGGHYov1O04kzn56OKUhcP4/getUpdates "HTTP/1.1 200 OK"
2025-04-06 09:40:04,687 - httpx - INFO - HTTP Request: POST https://api.telegram.org/bot7209418219:AAG3PCfMo53ocGGHYov1O04kzn56OKUhcP4/getUpdates "HTTP/1.1 200 OK"
2025-04-06 09:40:14,806 - httpx - INFO - HTTP Request: POST https://api.telegram.org/bot7209418219:AAG3PCfMo53ocGGHYov1O04kzn56OKUhcP4/getUpdates "HTTP/1.1 200 OK"
2025-04-06 09:40:24,924 - httpx - INFO - HTTP Request: POST https://api.telegram.org/bot7209418219:AAG3PCfMo53ocGGHYov1O04kzn56OKUhcP4/getUpdates "HTTP/1.1 200 OK"
2025-04-06 09:40:35,044 - httpx - INFO - HTTP Request: POST https://api.telegram.org/bot7209418219:AAG3PCfMo53ocGGHYov1O04kzn56OKUhcP4/getUpdates "HTTP/1.1 200 OK"
2025-04-06 09:40:45,166 - httpx - INFO - HTTP Request: POST https://api.telegram.org/bot7209418219:AAG3PCfMo53ocGGHYov1O04kzn56OKUhcP4/getUpdates "HTTP/1.1 200 OK"
2025-04-06 09:40:53,332 - httpx - INFO - HTTP Request: POST https://api.telegram.org/bot7209418219:AAG3PCfMo53ocGGHYov1O04kzn56OKUhcP4/getUpdates "HTTP/1.1 200 OK"
2025-04-06 09:40:53,723 - httpx - INFO - HTTP Request: POST https://api.telegram.org/bot7209418219:AAG3PCfMo53ocGGHYov1O04kzn56OKUhcP4/sendMessage "HTTP/1.1 200 OK"
2025-04-06 09:41:00,234 - httpx - INFO - HTTP Request: POST https://api.telegram.org/bot7209418219:AAG3PCfMo53ocGGHYov1O04kzn56OKUhcP4/getUpdates "HTTP/1.1 200 OK"
2025-04-06 09:41:00,630 - httpx - INFO - HTTP Request: POST https://api.telegram.org/bot7209418219:AAG3PCfMo53ocGGHYov1O04kzn56OKUhcP4/sendMessage "HTTP/1.1 200 OK"
2025-04-06 09:41:04,174 - httpx - INFO - HTTP Request: POST https://api.telegram.org/bot7209418219:AAG3PCfMo53ocGGHYov1O04kzn56OKUhcP4/getUpdates "HTTP/1.1 200 OK"
2025-04-06 09:41:09,686 - httpx - INFO - HTTP Request: POST https://api.telegram.org/bot7209418219:AAG3PCfMo53ocGGHYov1O04kzn56OKUhcP4/getUpdates "HTTP/1.1 200 OK"
2025-04-06 09:41:10,158 - httpx - INFO - HTTP Request: POST https://api.telegram.org/bot7209418219:AAG3PCfMo53ocGGHYov1O04kzn56OKUhcP4/sendMessage "HTTP/1.1 200 OK"
2025-04-06 09:41:15,015 - httpx - INFO - HTTP Request: POST https://api.telegram.org/bot7209418219:AAG3PCfMo53ocGGHYov1O04kzn56OKUhcP4/getUpdates "HTTP/1.1 200 OK"
2025-04-06 09:41:15,016 - conversation_handler - INFO - User 6336835164 replied to the bot in a group chat
2025-04-06 09:41:15,158 - httpx - INFO - HTTP Request: POST https://api.telegram.org/bot7209418219:AAG3PCfMo53ocGGHYov1O04kzn56OKUhcP4/sendChatAction "HTTP/1.1 200 OK"
2025-04-06 09:41:17,184 - httpx - INFO - HTTP Request: POST https://api.telegram.org/bot7209418219:AAG3PCfMo53ocGGHYov1O04kzn56OKUhcP4/sendMessage "HTTP/1.1 200 OK"
2025-04-06 09:41:25,136 - httpx - INFO - HTTP Request: POST https://api.telegram.org/bot7209418219:AAG3PCfMo53ocGGHYov1O04kzn56OKUhcP4/getUpdates "HTTP/1.1 200 OK"
2025-04-06 09:41:28,658 - httpx - INFO - HTTP Request: POST https://api.telegram.org/bot7209418219:AAG3PCfMo53ocGGHYov1O04kzn56OKUhcP4/getUpdates "HTTP/1.1 200 OK"
2025-04-06 09:41:28,660 - conversation_handler - INFO - User 6336835164 replied to the bot in a group chat
2025-04-06 09:41:29,076 - httpx - INFO - HTTP Request: POST https://api.telegram.org/bot7209418219:AAG3PCfMo53ocGGHYov1O04kzn56OKUhcP4/sendChatAction "HTTP/1.1 200 OK"
2025-04-06 09:41:30,759 - httpx - INFO - HTTP Request: POST https://api.telegram.org/bot7209418219:AAG3PCfMo53ocGGHYov1O04kzn56OKUhcP4/sendMessage "HTTP/1.1 200 OK"
2025-04-06 09:41:38,778 - httpx - INFO - HTTP Request: POST https://api.telegram.org/bot7209418219:AAG3PCfMo53ocGGHYov1O04kzn56OKUhcP4/getUpdates "HTTP/1.1 200 OK"
2025-04-06 09:41:39,781 - httpx - INFO - HTTP Request: POST https://api.telegram.org/bot7209418219:AAG3PCfMo53ocGGHYov1O04kzn56OKUhcP4/getUpdates "HTTP/1.1 200 OK"
2025-04-06 09:41:39,783 - conversation_handler - INFO - User 6336835164 replied to the bot in a group chat
2025-04-06 09:41:40,166 - httpx - INFO - HTTP Request: POST https://api.telegram.org/bot7209418219:AAG3PCfMo53ocGGHYov1O04kzn56OKUhcP4/sendChatAction "HTTP/1.1 200 OK"
2025-04-06 09:41:42,178 - httpx - INFO - HTTP Request: POST https://api.telegram.org/bot7209418219:AAG3PCfMo53ocGGHYov1O04kzn56OKUhcP4/sendMessage "HTTP/1.1 200 OK"
2025-04-06 09:41:49,901 - httpx - INFO - HTTP Request: POST https://api.telegram.org/bot7209418219:AAG3PCfMo53ocGGHYov1O04kzn56OKUhcP4/getUpdates "HTTP/1.1 200 OK"
2025-04-06 09:42:00,019 - httpx - INFO - HTTP Request: POST https://api.telegram.org/bot7209418219:AAG3PCfMo53ocGGHYov1O04kzn56OKUhcP4/getUpdates "HTTP/1.1 200 OK"
2025-04-06 09:42:10,149 - httpx - INFO - HTTP Request: POST https://api.telegram.org/bot7209418219:AAG3PCfMo53ocGGHYov1O04kzn56OKUhcP4/getUpdates "HTTP/1.1 200 OK"
2025-04-06 09:42:10,446 - httpx - INFO - HTTP Request: POST https://api.telegram.org/bot7209418219:AAG3PCfMo53ocGGHYov1O04kzn56OKUhcP4/getUpdates "HTTP/1.1 200 OK"
2025-04-06 09:42:10,448 - conversation_handler - INFO - User 6336835164 replied to the bot in a group chat
2025-04-06 09:42:11,270 - httpx - INFO - HTTP Request: POST https://api.telegram.org/bot7209418219:AAG3PCfMo53ocGGHYov1O04kzn56OKUhcP4/sendChatAction "HTTP/1.1 200 OK"
2025-04-06 09:42:20,179 - httpx - INFO - HTTP Request: POST https://api.telegram.org/bot7209418219:AAG3PCfMo53ocGGHYov1O04kzn56OKUhcP4/sendMessage "HTTP/1.1 200 OK"
2025-04-06 09:42:20,569 - httpx - INFO - HTTP Request: POST https://api.telegram.org/bot7209418219:AAG3PCfMo53ocGGHYov1O04kzn56OKUhcP4/getUpdates "HTTP/1.1 200 OK"
2025-04-06 09:42:30,804 - httpx - INFO - HTTP Request: POST https://api.telegram.org/bot7209418219:AAG3PCfMo53ocGGHYov1O04kzn56OKUhcP4/getUpdates "HTTP/1.1 200 OK"
2025-04-06 09:42:40,924 - httpx - INFO - HTTP Request: POST https://api.telegram.org/bot7209418219:AAG3PCfMo53ocGGHYov1O04kzn56OKUhcP4/getUpdates "HTTP/1.1 200 OK"
2025-04-06 09:42:51,071 - httpx - INFO - HTTP Request: POST https://api.telegram.org/bot7209418219:AAG3PCfMo53ocGGHYov1O04kzn56OKUhcP4/getUpdates "HTTP/1.1 200 OK"
2025-04-06 09:43:01,230 - httpx - INFO - HTTP Request: POST https://api.telegram.org/bot7209418219:AAG3PCfMo53ocGGHYov1O04kzn56OKUhcP4/getUpdates "HTTP/1.1 200 OK"
2025-04-06 09:43:11,349 - httpx - INFO - HTTP Request: POST https://api.telegram.org/bot7209418219:AAG3PCfMo53ocGGHYov1O04kzn56OKUhcP4/getUpdates "HTTP/1.1 200 OK"
2025-04-06 09:43:21,468 - httpx - INFO - HTTP Request: POST https://api.telegram.org/bot7209418219:AAG3PCfMo53ocGGHYov1O04kzn56OKUhcP4/getUpdates "HTTP/1.1 200 OK"
2025-04-06 09:43:31,588 - httpx - INFO - HTTP Request: POST https://api.telegram.org/bot7209418219:AAG3PCfMo53ocGGHYov1O04kzn56OKUhcP4/getUpdates "HTTP/1.1 200 OK"
2025-04-06 09:43:38,680 - httpx - INFO - HTTP Request: POST https://api.telegram.org/bot7209418219:AAG3PCfMo53ocGGHYov1O04kzn56OKUhcP4/getUpdates "HTTP/1.1 200 OK"
2025-04-06 09:43:48,799 - httpx - INFO - HTTP Request: POST https://api.telegram.org/bot7209418219:AAG3PCfMo53ocGGHYov1O04kzn56OKUhcP4/getUpdates "HTTP/1.1 200 OK"
2025-04-06 09:43:50,124 - httpx - INFO - HTTP Request: POST https://api.telegram.org/bot7209418219:AAG3PCfMo53ocGGHYov1O04kzn56OKUhcP4/getUpdates "HTTP/1.1 200 OK"
2025-04-06 09:43:50,127 - conversation_handler - INFO - User 1159603709 replied to the bot in a group chat
2025-04-06 09:43:50,244 - httpx - INFO - HTTP Request: POST https://api.telegram.org/bot7209418219:AAG3PCfMo53ocGGHYov1O04kzn56OKUhcP4/getUpdates "HTTP/1.1 200 OK"
2025-04-06 09:43:50,522 - httpx - INFO - HTTP Request: POST https://api.telegram.org/bot7209418219:AAG3PCfMo53ocGGHYov1O04kzn56OKUhcP4/sendChatAction "HTTP/1.1 200 OK"
2025-04-06 09:43:52,549 - httpx - INFO - HTTP Request: POST https://api.telegram.org/bot7209418219:AAG3PCfMo53ocGGHYov1O04kzn56OKUhcP4/sendMessage "HTTP/1.1 200 OK"
2025-04-06 09:43:59,515 - httpx - INFO - HTTP Request: POST https://api.telegram.org/bot7209418219:AAG3PCfMo53ocGGHYov1O04kzn56OKUhcP4/getUpdates "HTTP/1.1 200 OK"
2025-04-06 09:44:00,501 - httpx - INFO - HTTP Request: POST https://api.telegram.org/bot7209418219:AAG3PCfMo53ocGGHYov1O04kzn56OKUhcP4/getUpdates "HTTP/1.1 200 OK"
2025-04-06 09:44:00,502 - conversation_handler - INFO - User 1159603709 replied to the bot in a group chat
2025-04-06 09:44:00,917 - httpx - INFO - HTTP Request: POST https://api.telegram.org/bot7209418219:AAG3PCfMo53ocGGHYov1O04kzn56OKUhcP4/sendChatAction "HTTP/1.1 200 OK"
2025-04-06 09:44:02,869 - httpx - INFO - HTTP Request: POST https://api.telegram.org/bot7209418219:AAG3PCfMo53ocGGHYov1O04kzn56OKUhcP4/sendMessage "HTTP/1.1 200 OK"
2025-04-06 09:44:09,052 - httpx - INFO - HTTP Request: POST https://api.telegram.org/bot7209418219:AAG3PCfMo53ocGGHYov1O04kzn56OKUhcP4/getUpdates "HTTP/1.1 200 OK"
2025-04-06 09:44:09,053 - conversation_handler - INFO - User 1159603709 replied to the bot in a group chat
2025-04-06 09:44:09,504 - httpx - INFO - HTTP Request: POST https://api.telegram.org/bot7209418219:AAG3PCfMo53ocGGHYov1O04kzn56OKUhcP4/sendChatAction "HTTP/1.1 200 OK"
2025-04-06 09:44:11,359 - httpx - INFO - HTTP Request: POST https://api.telegram.org/bot7209418219:AAG3PCfMo53ocGGHYov1O04kzn56OKUhcP4/sendMessage "HTTP/1.1 200 OK"
2025-04-06 09:44:19,184 - httpx - INFO - HTTP Request: POST https://api.telegram.org/bot7209418219:AAG3PCfMo53ocGGHYov1O04kzn56OKUhcP4/getUpdates "HTTP/1.1 200 OK"
2025-04-06 09:44:25,042 - httpx - INFO - HTTP Request: POST https://api.telegram.org/bot7209418219:AAG3PCfMo53ocGGHYov1O04kzn56OKUhcP4/getUpdates "HTTP/1.1 200 OK"
2025-04-06 09:44:33,694 - httpx - INFO - HTTP Request: POST https://api.telegram.org/bot7209418219:AAG3PCfMo53ocGGHYov1O04kzn56OKUhcP4/getUpdates "HTTP/1.1 200 OK"
2025-04-06 09:44:33,694 - telegram.ext.Application - INFO - Application is stopping. This might take a moment.
2025-04-06 09:44:33,695 - telegram.ext.Application - INFO - Application.stop() complete
2025-04-06 09:44:35,064 - root - INFO - Bot started!
2025-04-06 09:44:35,503 - httpx - INFO - HTTP Request: POST https://api.telegram.org/bot7209418219:AAG3PCfMo53ocGGHYov1O04kzn56OKUhcP4/getMe "HTTP/1.1 200 OK"
2025-04-06 09:44:35,625 - httpx - INFO - HTTP Request: POST https://api.telegram.org/bot7209418219:AAG3PCfMo53ocGGHYov1O04kzn56OKUhcP4/deleteWebhook "HTTP/1.1 200 OK"
2025-04-06 09:44:35,627 - telegram.ext.Application - INFO - Application started
2025-04-06 09:44:43,912 - httpx - INFO - HTTP Request: POST https://api.telegram.org/bot7209418219:AAG3PCfMo53ocGGHYov1O04kzn56OKUhcP4/getUpdates "HTTP/1.1 200 OK"
2025-04-06 09:44:54,033 - httpx - INFO - HTTP Request: POST https://api.telegram.org/bot7209418219:AAG3PCfMo53ocGGHYov1O04kzn56OKUhcP4/getUpdates "HTTP/1.1 200 OK"
2025-04-06 09:45:04,154 - httpx - INFO - HTTP Request: POST https://api.telegram.org/bot7209418219:AAG3PCfMo53ocGGHYov1O04kzn56OKUhcP4/getUpdates "HTTP/1.1 200 OK"
2025-04-06 09:45:09,870 - httpx - INFO - HTTP Request: POST https://api.telegram.org/bot7209418219:AAG3PCfMo53ocGGHYov1O04kzn56OKUhcP4/getUpdates "HTTP/1.1 200 OK"
2025-04-06 09:45:09,872 - conversation_handler - INFO - User 6336835164 replied to the bot in a group chat
2025-04-06 09:45:10,240 - httpx - INFO - HTTP Request: POST https://api.telegram.org/bot7209418219:AAG3PCfMo53ocGGHYov1O04kzn56OKUhcP4/sendChatAction "HTTP/1.1 200 OK"
2025-04-06 09:45:13,615 - httpx - INFO - HTTP Request: POST https://api.telegram.org/bot7209418219:AAG3PCfMo53ocGGHYov1O04kzn56OKUhcP4/sendMessage "HTTP/1.1 200 OK"
2025-04-06 09:45:19,993 - httpx - INFO - HTTP Request: POST https://api.telegram.org/bot7209418219:AAG3PCfMo53ocGGHYov1O04kzn56OKUhcP4/getUpdates "HTTP/1.1 200 OK"
2025-04-06 09:45:27,220 - httpx - INFO - HTTP Request: POST https://api.telegram.org/bot7209418219:AAG3PCfMo53ocGGHYov1O04kzn56OKUhcP4/getUpdates "HTTP/1.1 200 OK"
2025-04-06 09:45:34,305 - httpx - INFO - HTTP Request: POST https://api.telegram.org/bot7209418219:AAG3PCfMo53ocGGHYov1O04kzn56OKUhcP4/getUpdates "HTTP/1.1 200 OK"
2025-04-06 09:45:44,425 - httpx - INFO - HTTP Request: POST https://api.telegram.org/bot7209418219:AAG3PCfMo53ocGGHYov1O04kzn56OKUhcP4/getUpdates "HTTP/1.1 200 OK"
2025-04-06 09:45:54,545 - httpx - INFO - HTTP Request: POST https://api.telegram.org/bot7209418219:AAG3PCfMo53ocGGHYov1O04kzn56OKUhcP4/getUpdates "HTTP/1.1 200 OK"
2025-04-06 09:45:54,664 - httpx - INFO - HTTP Request: POST https://api.telegram.org/bot7209418219:AAG3PCfMo53ocGGHYov1O04kzn56OKUhcP4/getUpdates "HTTP/1.1 200 OK"
2025-04-06 09:45:54,665 - conversation_handler - INFO - User 6336835164 replied to the bot in a group chat
2025-04-06 09:45:55,068 - httpx - INFO - HTTP Request: POST https://api.telegram.org/bot7209418219:AAG3PCfMo53ocGGHYov1O04kzn56OKUhcP4/sendChatAction "HTTP/1.1 200 OK"
2025-04-06 09:45:57,827 - httpx - INFO - HTTP Request: POST https://api.telegram.org/bot7209418219:AAG3PCfMo53ocGGHYov1O04kzn56OKUhcP4/sendMessage "HTTP/1.1 200 OK"
2025-04-06 09:46:01,267 - httpx - INFO - HTTP Request: POST https://api.telegram.org/bot7209418219:AAG3PCfMo53ocGGHYov1O04kzn56OKUhcP4/getUpdates "HTTP/1.1 200 OK"
2025-04-06 09:46:01,269 - conversation_handler - INFO - Ignoring message in group chat that's not directed at the bot
2025-04-06 09:46:10,984 - httpx - INFO - HTTP Request: POST https://api.telegram.org/bot7209418219:AAG3PCfMo53ocGGHYov1O04kzn56OKUhcP4/getUpdates "HTTP/1.1 200 OK"
2025-04-06 09:46:10,986 - conversation_handler - INFO - User 6336835164 replied to the bot in a group chat
2025-04-06 09:46:11,363 - httpx - INFO - HTTP Request: POST https://api.telegram.org/bot7209418219:AAG3PCfMo53ocGGHYov1O04kzn56OKUhcP4/sendChatAction "HTTP/1.1 200 OK"
2025-04-06 09:46:23,341 - httpx - INFO - HTTP Request: POST https://api.telegram.org/bot7209418219:AAG3PCfMo53ocGGHYov1O04kzn56OKUhcP4/getUpdates "HTTP/1.1 200 OK"
2025-04-06 09:46:23,737 - httpx - INFO - HTTP Request: POST https://api.telegram.org/bot7209418219:AAG3PCfMo53ocGGHYov1O04kzn56OKUhcP4/sendMessage "HTTP/1.1 200 OK"
2025-04-06 09:46:33,460 - httpx - INFO - HTTP Request: POST https://api.telegram.org/bot7209418219:AAG3PCfMo53ocGGHYov1O04kzn56OKUhcP4/getUpdates "HTTP/1.1 200 OK"
2025-04-06 09:46:43,590 - httpx - INFO - HTTP Request: POST https://api.telegram.org/bot7209418219:AAG3PCfMo53ocGGHYov1O04kzn56OKUhcP4/getUpdates "HTTP/1.1 200 OK"
2025-04-06 09:46:53,710 - httpx - INFO - HTTP Request: POST https://api.telegram.org/bot7209418219:AAG3PCfMo53ocGGHYov1O04kzn56OKUhcP4/getUpdates "HTTP/1.1 200 OK"
2025-04-06 09:47:03,829 - httpx - INFO - HTTP Request: POST https://api.telegram.org/bot7209418219:AAG3PCfMo53ocGGHYov1O04kzn56OKUhcP4/getUpdates "HTTP/1.1 200 OK"
2025-04-06 09:47:13,953 - httpx - INFO - HTTP Request: POST https://api.telegram.org/bot7209418219:AAG3PCfMo53ocGGHYov1O04kzn56OKUhcP4/getUpdates "HTTP/1.1 200 OK"
2025-04-06 09:47:24,073 - httpx - INFO - HTTP Request: POST https://api.telegram.org/bot7209418219:AAG3PCfMo53ocGGHYov1O04kzn56OKUhcP4/getUpdates "HTTP/1.1 200 OK"
2025-04-06 09:47:34,195 - httpx - INFO - HTTP Request: POST https://api.telegram.org/bot7209418219:AAG3PCfMo53ocGGHYov1O04kzn56OKUhcP4/getUpdates "HTTP/1.1 200 OK"
2025-04-06 09:47:39,606 - httpx - INFO - HTTP Request: POST https://api.telegram.org/bot7209418219:AAG3PCfMo53ocGGHYov1O04kzn56OKUhcP4/getUpdates "HTTP/1.1 200 OK"
2025-04-06 09:47:39,607 - conversation_handler - INFO - User 6336835164 replied to the bot in a group chat
2025-04-06 09:47:39,995 - httpx - INFO - HTTP Request: POST https://api.telegram.org/bot7209418219:AAG3PCfMo53ocGGHYov1O04kzn56OKUhcP4/sendChatAction "HTTP/1.1 200 OK"
2025-04-06 09:47:43,785 - httpx - INFO - HTTP Request: POST https://api.telegram.org/bot7209418219:AAG3PCfMo53ocGGHYov1O04kzn56OKUhcP4/sendMessage "HTTP/1.1 200 OK"
2025-04-06 09:47:49,735 - httpx - INFO - HTTP Request: POST https://api.telegram.org/bot7209418219:AAG3PCfMo53ocGGHYov1O04kzn56OKUhcP4/getUpdates "HTTP/1.1 200 OK"
2025-04-06 09:47:59,854 - httpx - INFO - HTTP Request: POST https://api.telegram.org/bot7209418219:AAG3PCfMo53ocGGHYov1O04kzn56OKUhcP4/getUpdates "HTTP/1.1 200 OK"
2025-04-06 09:48:09,975 - httpx - INFO - HTTP Request: POST https://api.telegram.org/bot7209418219:AAG3PCfMo53ocGGHYov1O04kzn56OKUhcP4/getUpdates "HTTP/1.1 200 OK"
2025-04-06 09:48:14,980 - httpx - INFO - HTTP Request: POST https://api.telegram.org/bot7209418219:AAG3PCfMo53ocGGHYov1O04kzn56OKUhcP4/getUpdates "HTTP/1.1 200 OK"
2025-04-06 09:48:14,982 - conversation_handler - INFO - User 6336835164 replied to the bot in a group chat
2025-04-06 09:48:15,354 - httpx - INFO - HTTP Request: POST https://api.telegram.org/bot7209418219:AAG3PCfMo53ocGGHYov1O04kzn56OKUhcP4/sendChatAction "HTTP/1.1 200 OK"
2025-04-06 09:48:17,606 - httpx - INFO - HTTP Request: POST https://api.telegram.org/bot7209418219:AAG3PCfMo53ocGGHYov1O04kzn56OKUhcP4/sendMessage "HTTP/1.1 200 OK"
2025-04-06 09:48:25,102 - httpx - INFO - HTTP Request: POST https://api.telegram.org/bot7209418219:AAG3PCfMo53ocGGHYov1O04kzn56OKUhcP4/getUpdates "HTTP/1.1 200 OK"
2025-04-06 09:48:27,234 - httpx - INFO - HTTP Request: POST https://api.telegram.org/bot7209418219:AAG3PCfMo53ocGGHYov1O04kzn56OKUhcP4/getUpdates "HTTP/1.1 200 OK"
2025-04-06 09:48:27,236 - conversation_handler - INFO - Ignoring message in group chat that's not directed at the bot
2025-04-06 09:48:37,355 - httpx - INFO - HTTP Request: POST https://api.telegram.org/bot7209418219:AAG3PCfMo53ocGGHYov1O04kzn56OKUhcP4/getUpdates "HTTP/1.1 200 OK"
2025-04-06 09:48:41,239 - httpx - INFO - HTTP Request: POST https://api.telegram.org/bot7209418219:AAG3PCfMo53ocGGHYov1O04kzn56OKUhcP4/getUpdates "HTTP/1.1 200 OK"
2025-04-06 09:48:51,357 - httpx - INFO - HTTP Request: POST https://api.telegram.org/bot7209418219:AAG3PCfMo53ocGGHYov1O04kzn56OKUhcP4/getUpdates "HTTP/1.1 200 OK"
2025-04-06 09:48:59,829 - httpx - INFO - HTTP Request: POST https://api.telegram.org/bot7209418219:AAG3PCfMo53ocGGHYov1O04kzn56OKUhcP4/getUpdates "HTTP/1.1 200 OK"
2025-04-06 09:48:59,830 - conversation_handler - INFO - Ignoring message in group chat that's not directed at the bot
2025-04-06 09:49:04,780 - httpx - INFO - HTTP Request: POST https://api.telegram.org/bot7209418219:AAG3PCfMo53ocGGHYov1O04kzn56OKUhcP4/getUpdates "HTTP/1.1 200 OK"
2025-04-06 09:49:04,782 - conversation_handler - INFO - Ignoring message in group chat that's not directed at the bot
2025-04-06 09:49:11,487 - httpx - INFO - HTTP Request: POST https://api.telegram.org/bot7209418219:AAG3PCfMo53ocGGHYov1O04kzn56OKUhcP4/getUpdates "HTTP/1.1 200 OK"
2025-04-06 09:49:21,607 - httpx - INFO - HTTP Request: POST https://api.telegram.org/bot7209418219:AAG3PCfMo53ocGGHYov1O04kzn56OKUhcP4/getUpdates "HTTP/1.1 200 OK"
2025-04-06 09:49:23,977 - httpx - INFO - HTTP Request: POST https://api.telegram.org/bot7209418219:AAG3PCfMo53ocGGHYov1O04kzn56OKUhcP4/getUpdates "HTTP/1.1 200 OK"
2025-04-06 09:49:23,979 - conversation_handler - INFO - User 6336835164 replied to the bot in a group chat
2025-04-06 09:49:24,360 - httpx - INFO - HTTP Request: POST https://api.telegram.org/bot7209418219:AAG3PCfMo53ocGGHYov1O04kzn56OKUhcP4/sendChatAction "HTTP/1.1 200 OK"
2025-04-06 09:49:27,433 - httpx - INFO - HTTP Request: POST https://api.telegram.org/bot7209418219:AAG3PCfMo53ocGGHYov1O04kzn56OKUhcP4/sendMessage "HTTP/1.1 200 OK"
2025-04-06 09:49:34,104 - httpx - INFO - HTTP Request: POST https://api.telegram.org/bot7209418219:AAG3PCfMo53ocGGHYov1O04kzn56OKUhcP4/getUpdates "HTTP/1.1 200 OK"
2025-04-06 09:49:37,564 - httpx - INFO - HTTP Request: POST https://api.telegram.org/bot7209418219:AAG3PCfMo53ocGGHYov1O04kzn56OKUhcP4/getUpdates "HTTP/1.1 200 OK"
2025-04-06 09:49:37,566 - conversation_handler - INFO - User 6336835164 replied to the bot in a group chat
2025-04-06 09:49:37,932 - httpx - INFO - HTTP Request: POST https://api.telegram.org/bot7209418219:AAG3PCfMo53ocGGHYov1O04kzn56OKUhcP4/sendChatAction "HTTP/1.1 200 OK"
2025-04-06 09:49:42,564 - httpx - INFO - HTTP Request: POST https://api.telegram.org/bot7209418219:AAG3PCfMo53ocGGHYov1O04kzn56OKUhcP4/sendMessage "HTTP/1.1 200 OK"
2025-04-06 09:49:47,690 - httpx - INFO - HTTP Request: POST https://api.telegram.org/bot7209418219:AAG3PCfMo53ocGGHYov1O04kzn56OKUhcP4/getUpdates "HTTP/1.1 200 OK"
2025-04-06 09:49:57,809 - httpx - INFO - HTTP Request: POST https://api.telegram.org/bot7209418219:AAG3PCfMo53ocGGHYov1O04kzn56OKUhcP4/getUpdates "HTTP/1.1 200 OK"
2025-04-06 09:49:59,338 - httpx - INFO - HTTP Request: POST https://api.telegram.org/bot7209418219:AAG3PCfMo53ocGGHYov1O04kzn56OKUhcP4/getUpdates "HTTP/1.1 200 OK"
2025-04-06 09:50:09,457 - httpx - INFO - HTTP Request: POST https://api.telegram.org/bot7209418219:AAG3PCfMo53ocGGHYov1O04kzn56OKUhcP4/getUpdates "HTTP/1.1 200 OK"
2025-04-06 09:50:19,596 - httpx - INFO - HTTP Request: POST https://api.telegram.org/bot7209418219:AAG3PCfMo53ocGGHYov1O04kzn56OKUhcP4/getUpdates "HTTP/1.1 200 OK"
2025-04-06 09:50:20,199 - httpx - INFO - HTTP Request: POST https://api.telegram.org/bot7209418219:AAG3PCfMo53ocGGHYov1O04kzn56OKUhcP4/getUpdates "HTTP/1.1 200 OK"
2025-04-06 09:50:30,351 - httpx - INFO - HTTP Request: POST https://api.telegram.org/bot7209418219:AAG3PCfMo53ocGGHYov1O04kzn56OKUhcP4/getUpdates "HTTP/1.1 200 OK"
2025-04-06 09:50:40,473 - httpx - INFO - HTTP Request: POST https://api.telegram.org/bot7209418219:AAG3PCfMo53ocGGHYov1O04kzn56OKUhcP4/getUpdates "HTTP/1.1 200 OK"
2025-04-06 09:50:50,591 - httpx - INFO - HTTP Request: POST https://api.telegram.org/bot7209418219:AAG3PCfMo53ocGGHYov1O04kzn56OKUhcP4/getUpdates "HTTP/1.1 200 OK"
2025-04-06 09:51:00,710 - httpx - INFO - HTTP Request: POST https://api.telegram.org/bot7209418219:AAG3PCfMo53ocGGHYov1O04kzn56OKUhcP4/getUpdates "HTTP/1.1 200 OK"
2025-04-06 09:51:10,836 - httpx - INFO - HTTP Request: POST https://api.telegram.org/bot7209418219:AAG3PCfMo53ocGGHYov1O04kzn56OKUhcP4/getUpdates "HTTP/1.1 200 OK"
2025-04-06 09:51:20,956 - httpx - INFO - HTTP Request: POST https://api.telegram.org/bot7209418219:AAG3PCfMo53ocGGHYov1O04kzn56OKUhcP4/getUpdates "HTTP/1.1 200 OK"
2025-04-06 09:51:31,077 - httpx - INFO - HTTP Request: POST https://api.telegram.org/bot7209418219:AAG3PCfMo53ocGGHYov1O04kzn56OKUhcP4/getUpdates "HTTP/1.1 200 OK"
2025-04-06 09:51:41,197 - httpx - INFO - HTTP Request: POST https://api.telegram.org/bot7209418219:AAG3PCfMo53ocGGHYov1O04kzn56OKUhcP4/getUpdates "HTTP/1.1 200 OK"
2025-04-06 09:51:51,316 - httpx - INFO - HTTP Request: POST https://api.telegram.org/bot7209418219:AAG3PCfMo53ocGGHYov1O04kzn56OKUhcP4/getUpdates "HTTP/1.1 200 OK"
2025-04-06 09:52:01,441 - httpx - INFO - HTTP Request: POST https://api.telegram.org/bot7209418219:AAG3PCfMo53ocGGHYov1O04kzn56OKUhcP4/getUpdates "HTTP/1.1 200 OK"
2025-04-06 09:52:11,588 - httpx - INFO - HTTP Request: POST https://api.telegram.org/bot7209418219:AAG3PCfMo53ocGGHYov1O04kzn56OKUhcP4/getUpdates "HTTP/1.1 200 OK"
2025-04-06 09:52:21,709 - httpx - INFO - HTTP Request: POST https://api.telegram.org/bot7209418219:AAG3PCfMo53ocGGHYov1O04kzn56OKUhcP4/getUpdates "HTTP/1.1 200 OK"
2025-04-06 09:52:31,856 - httpx - INFO - HTTP Request: POST https://api.telegram.org/bot7209418219:AAG3PCfMo53ocGGHYov1O04kzn56OKUhcP4/getUpdates "HTTP/1.1 200 OK"
2025-04-06 09:52:41,975 - httpx - INFO - HTTP Request: POST https://api.telegram.org/bot7209418219:AAG3PCfMo53ocGGHYov1O04kzn56OKUhcP4/getUpdates "HTTP/1.1 200 OK"
2025-04-06 09:52:52,097 - httpx - INFO - HTTP Request: POST https://api.telegram.org/bot7209418219:AAG3PCfMo53ocGGHYov1O04kzn56OKUhcP4/getUpdates "HTTP/1.1 200 OK"
2025-04-06 09:53:02,223 - httpx - INFO - HTTP Request: POST https://api.telegram.org/bot7209418219:AAG3PCfMo53ocGGHYov1O04kzn56OKUhcP4/getUpdates "HTTP/1.1 200 OK"
2025-04-06 09:53:02,689 - httpx - INFO - HTTP Request: POST https://api.telegram.org/bot7209418219:AAG3PCfMo53ocGGHYov1O04kzn56OKUhcP4/getUpdates "HTTP/1.1 200 OK"
2025-04-06 09:53:12,809 - httpx - INFO - HTTP Request: POST https://api.telegram.org/bot7209418219:AAG3PCfMo53ocGGHYov1O04kzn56OKUhcP4/getUpdates "HTTP/1.1 200 OK"
2025-04-06 09:53:18,390 - httpx - INFO - HTTP Request: POST https://api.telegram.org/bot7209418219:AAG3PCfMo53ocGGHYov1O04kzn56OKUhcP4/getUpdates "HTTP/1.1 200 OK"
2025-04-06 09:53:18,391 - telegram.ext.Application - INFO - Application is stopping. This might take a moment.
2025-04-06 09:53:18,391 - telegram.ext.Application - INFO - Application.stop() complete
2025-04-06 09:53:19,840 - root - INFO - Bot started!
2025-04-06 09:53:20,218 - httpx - INFO - HTTP Request: POST https://api.telegram.org/bot7209418219:AAG3PCfMo53ocGGHYov1O04kzn56OKUhcP4/getMe "HTTP/1.1 200 OK"
2025-04-06 09:53:20,343 - httpx - INFO - HTTP Request: POST https://api.telegram.org/bot7209418219:AAG3PCfMo53ocGGHYov1O04kzn56OKUhcP4/deleteWebhook "HTTP/1.1 200 OK"
2025-04-06 09:53:20,345 - telegram.ext.Application - INFO - Application started
2025-04-06 09:53:30,704 - httpx - INFO - HTTP Request: POST https://api.telegram.org/bot7209418219:AAG3PCfMo53ocGGHYov1O04kzn56OKUhcP4/getUpdates "HTTP/1.1 200 OK"
2025-04-06 09:53:40,826 - httpx - INFO - HTTP Request: POST https://api.telegram.org/bot7209418219:AAG3PCfMo53ocGGHYov1O04kzn56OKUhcP4/getUpdates "HTTP/1.1 200 OK"
2025-04-06 09:53:50,946 - httpx - INFO - HTTP Request: POST https://api.telegram.org/bot7209418219:AAG3PCfMo53ocGGHYov1O04kzn56OKUhcP4/getUpdates "HTTP/1.1 200 OK"
2025-04-06 09:54:01,067 - httpx - INFO - HTTP Request: POST https://api.telegram.org/bot7209418219:AAG3PCfMo53ocGGHYov1O04kzn56OKUhcP4/getUpdates "HTTP/1.1 200 OK"
2025-04-06 09:54:11,187 - httpx - INFO - HTTP Request: POST https://api.telegram.org/bot7209418219:AAG3PCfMo53ocGGHYov1O04kzn56OKUhcP4/getUpdates "HTTP/1.1 200 OK"
2025-04-06 09:54:21,308 - httpx - INFO - HTTP Request: POST https://api.telegram.org/bot7209418219:AAG3PCfMo53ocGGHYov1O04kzn56OKUhcP4/getUpdates "HTTP/1.1 200 OK"
2025-04-06 09:54:31,429 - httpx - INFO - HTTP Request: POST https://api.telegram.org/bot7209418219:AAG3PCfMo53ocGGHYov1O04kzn56OKUhcP4/getUpdates "HTTP/1.1 200 OK"
2025-04-06 09:54:34,166 - httpx - INFO - HTTP Request: POST https://api.telegram.org/bot7209418219:AAG3PCfMo53ocGGHYov1O04kzn56OKUhcP4/getUpdates "HTTP/1.1 200 OK"
2025-04-06 09:54:34,556 - httpx - INFO - HTTP Request: POST https://api.telegram.org/bot7209418219:AAG3PCfMo53ocGGHYov1O04kzn56OKUhcP4/sendChatAction "HTTP/1.1 200 OK"
2025-04-06 09:54:36,685 - httpx - INFO - HTTP Request: POST https://api.telegram.org/bot7209418219:AAG3PCfMo53ocGGHYov1O04kzn56OKUhcP4/sendMessage "HTTP/1.1 200 OK"
2025-04-06 09:54:44,286 - httpx - INFO - HTTP Request: POST https://api.telegram.org/bot7209418219:AAG3PCfMo53ocGGHYov1O04kzn56OKUhcP4/getUpdates "HTTP/1.1 200 OK"
2025-04-06 09:54:47,118 - httpx - INFO - HTTP Request: POST https://api.telegram.org/bot7209418219:AAG3PCfMo53ocGGHYov1O04kzn56OKUhcP4/getUpdates "HTTP/1.1 200 OK"
2025-04-06 09:54:47,489 - httpx - INFO - HTTP Request: POST https://api.telegram.org/bot7209418219:AAG3PCfMo53ocGGHYov1O04kzn56OKUhcP4/sendChatAction "HTTP/1.1 200 OK"
2025-04-06 09:54:54,658 - httpx - INFO - HTTP Request: POST https://api.telegram.org/bot7209418219:AAG3PCfMo53ocGGHYov1O04kzn56OKUhcP4/sendMessage "HTTP/1.1 200 OK"
2025-04-06 09:54:57,242 - httpx - INFO - HTTP Request: POST https://api.telegram.org/bot7209418219:AAG3PCfMo53ocGGHYov1O04kzn56OKUhcP4/getUpdates "HTTP/1.1 200 OK"
2025-04-06 09:55:07,372 - httpx - INFO - HTTP Request: POST https://api.telegram.org/bot7209418219:AAG3PCfMo53ocGGHYov1O04kzn56OKUhcP4/getUpdates "HTTP/1.1 200 OK"
2025-04-06 09:55:17,505 - httpx - INFO - HTTP Request: POST https://api.telegram.org/bot7209418219:AAG3PCfMo53ocGGHYov1O04kzn56OKUhcP4/getUpdates "HTTP/1.1 200 OK"
2025-04-06 09:55:27,628 - httpx - INFO - HTTP Request: POST https://api.telegram.org/bot7209418219:AAG3PCfMo53ocGGHYov1O04kzn56OKUhcP4/getUpdates "HTTP/1.1 200 OK"
2025-04-06 09:55:37,750 - httpx - INFO - HTTP Request: POST https://api.telegram.org/bot7209418219:AAG3PCfMo53ocGGHYov1O04kzn56OKUhcP4/getUpdates "HTTP/1.1 200 OK"
2025-04-06 09:55:47,873 - httpx - INFO - HTTP Request: POST https://api.telegram.org/bot7209418219:AAG3PCfMo53ocGGHYov1O04kzn56OKUhcP4/getUpdates "HTTP/1.1 200 OK"
2025-04-06 09:55:57,996 - httpx - INFO - HTTP Request: POST https://api.telegram.org/bot7209418219:AAG3PCfMo53ocGGHYov1O04kzn56OKUhcP4/getUpdates "HTTP/1.1 200 OK"
2025-04-06 09:56:08,119 - httpx - INFO - HTTP Request: POST https://api.telegram.org/bot7209418219:AAG3PCfMo53ocGGHYov1O04kzn56OKUhcP4/getUpdates "HTTP/1.1 200 OK"
2025-04-06 09:56:18,244 - httpx - INFO - HTTP Request: POST https://api.telegram.org/bot7209418219:AAG3PCfMo53ocGGHYov1O04kzn56OKUhcP4/getUpdates "HTTP/1.1 200 OK"
2025-04-06 09:56:28,364 - httpx - INFO - HTTP Request: POST https://api.telegram.org/bot7209418219:AAG3PCfMo53ocGGHYov1O04kzn56OKUhcP4/getUpdates "HTTP/1.1 200 OK"
2025-04-06 09:56:35,750 - httpx - INFO - HTTP Request: POST https://api.telegram.org/bot7209418219:AAG3PCfMo53ocGGHYov1O04kzn56OKUhcP4/getUpdates "HTTP/1.1 200 OK"
2025-04-06 09:56:36,163 - httpx - INFO - HTTP Request: POST https://api.telegram.org/bot7209418219:AAG3PCfMo53ocGGHYov1O04kzn56OKUhcP4/sendMessage "HTTP/1.1 200 OK"
2025-04-06 09:56:43,085 - httpx - INFO - HTTP Request: POST https://api.telegram.org/bot7209418219:AAG3PCfMo53ocGGHYov1O04kzn56OKUhcP4/getUpdates "HTTP/1.1 200 OK"
2025-04-06 09:56:43,488 - httpx - INFO - HTTP Request: POST https://api.telegram.org/bot7209418219:AAG3PCfMo53ocGGHYov1O04kzn56OKUhcP4/sendMessage "HTTP/1.1 200 OK"
2025-04-06 09:56:53,215 - httpx - INFO - HTTP Request: POST https://api.telegram.org/bot7209418219:AAG3PCfMo53ocGGHYov1O04kzn56OKUhcP4/getUpdates "HTTP/1.1 200 OK"
2025-04-06 09:56:54,761 - httpx - INFO - HTTP Request: POST https://api.telegram.org/bot7209418219:AAG3PCfMo53ocGGHYov1O04kzn56OKUhcP4/getUpdates "HTTP/1.1 200 OK"
2025-04-06 09:56:55,194 - httpx - INFO - HTTP Request: POST https://api.telegram.org/bot7209418219:AAG3PCfMo53ocGGHYov1O04kzn56OKUhcP4/sendMessage "HTTP/1.1 200 OK"
2025-04-06 09:57:03,699 - httpx - INFO - HTTP Request: POST https://api.telegram.org/bot7209418219:AAG3PCfMo53ocGGHYov1O04kzn56OKUhcP4/getUpdates "HTTP/1.1 200 OK"
2025-04-06 09:57:04,113 - httpx - INFO - HTTP Request: POST https://api.telegram.org/bot7209418219:AAG3PCfMo53ocGGHYov1O04kzn56OKUhcP4/sendMessage "HTTP/1.1 200 OK"
2025-04-06 09:57:13,820 - httpx - INFO - HTTP Request: POST https://api.telegram.org/bot7209418219:AAG3PCfMo53ocGGHYov1O04kzn56OKUhcP4/getUpdates "HTTP/1.1 200 OK"
2025-04-06 09:57:14,393 - httpx - INFO - HTTP Request: POST https://api.telegram.org/bot7209418219:AAG3PCfMo53ocGGHYov1O04kzn56OKUhcP4/getUpdates "HTTP/1.1 200 OK"
2025-04-06 09:57:14,846 - httpx - INFO - HTTP Request: POST https://api.telegram.org/bot7209418219:AAG3PCfMo53ocGGHYov1O04kzn56OKUhcP4/sendMessage "HTTP/1.1 200 OK"
2025-04-06 09:57:24,569 - httpx - INFO - HTTP Request: POST https://api.telegram.org/bot7209418219:AAG3PCfMo53ocGGHYov1O04kzn56OKUhcP4/getUpdates "HTTP/1.1 200 OK"
2025-04-06 09:57:28,539 - httpx - INFO - HTTP Request: POST https://api.telegram.org/bot7209418219:AAG3PCfMo53ocGGHYov1O04kzn56OKUhcP4/getUpdates "HTTP/1.1 200 OK"
2025-04-06 09:57:29,040 - httpx - INFO - HTTP Request: POST https://api.telegram.org/bot7209418219:AAG3PCfMo53ocGGHYov1O04kzn56OKUhcP4/sendMessage "HTTP/1.1 200 OK"
2025-04-06 09:57:38,678 - httpx - INFO - HTTP Request: POST https://api.telegram.org/bot7209418219:AAG3PCfMo53ocGGHYov1O04kzn56OKUhcP4/getUpdates "HTTP/1.1 200 OK"
2025-04-06 09:57:46,978 - httpx - INFO - HTTP Request: POST https://api.telegram.org/bot7209418219:AAG3PCfMo53ocGGHYov1O04kzn56OKUhcP4/getUpdates "HTTP/1.1 200 OK"
2025-04-06 09:57:47,399 - httpx - INFO - HTTP Request: POST https://api.telegram.org/bot7209418219:AAG3PCfMo53ocGGHYov1O04kzn56OKUhcP4/sendMessage "HTTP/1.1 200 OK"
2025-04-06 09:57:50,244 - httpx - INFO - HTTP Request: POST https://api.telegram.org/bot7209418219:AAG3PCfMo53ocGGHYov1O04kzn56OKUhcP4/getUpdates "HTTP/1.1 200 OK"
2025-04-06 09:57:50,441 - httpx - INFO - HTTP Request: POST https://api.telegram.org/bot7209418219:AAG3PCfMo53ocGGHYov1O04kzn56OKUhcP4/sendMessage "HTTP/1.1 200 OK"
2025-04-06 09:58:00,367 - httpx - INFO - HTTP Request: POST https://api.telegram.org/bot7209418219:AAG3PCfMo53ocGGHYov1O04kzn56OKUhcP4/getUpdates "HTTP/1.1 200 OK"
2025-04-06 09:58:10,486 - httpx - INFO - HTTP Request: POST https://api.telegram.org/bot7209418219:AAG3PCfMo53ocGGHYov1O04kzn56OKUhcP4/getUpdates "HTTP/1.1 200 OK"
2025-04-06 09:58:19,382 - httpx - INFO - HTTP Request: POST https://api.telegram.org/bot7209418219:AAG3PCfMo53ocGGHYov1O04kzn56OKUhcP4/getUpdates "HTTP/1.1 200 OK"
2025-04-06 09:58:19,776 - httpx - INFO - HTTP Request: POST https://api.telegram.org/bot7209418219:AAG3PCfMo53ocGGHYov1O04kzn56OKUhcP4/sendMessage "HTTP/1.1 200 OK"
2025-04-06 09:58:29,504 - httpx - INFO - HTTP Request: POST https://api.telegram.org/bot7209418219:AAG3PCfMo53ocGGHYov1O04kzn56OKUhcP4/getUpdates "HTTP/1.1 200 OK"
2025-04-06 09:58:29,668 - httpx - INFO - HTTP Request: POST https://api.telegram.org/bot7209418219:AAG3PCfMo53ocGGHYov1O04kzn56OKUhcP4/getUpdates "HTTP/1.1 200 OK"
2025-04-06 09:58:30,086 - httpx - INFO - HTTP Request: POST https://api.telegram.org/bot7209418219:AAG3PCfMo53ocGGHYov1O04kzn56OKUhcP4/sendMessage "HTTP/1.1 200 OK"
2025-04-06 09:58:39,792 - httpx - INFO - HTTP Request: POST https://api.telegram.org/bot7209418219:AAG3PCfMo53ocGGHYov1O04kzn56OKUhcP4/getUpdates "HTTP/1.1 200 OK"
2025-04-06 09:58:49,911 - httpx - INFO - HTTP Request: POST https://api.telegram.org/bot7209418219:AAG3PCfMo53ocGGHYov1O04kzn56OKUhcP4/getUpdates "HTTP/1.1 200 OK"
2025-04-06 09:58:57,930 - httpx - INFO - HTTP Request: POST https://api.telegram.org/bot7209418219:AAG3PCfMo53ocGGHYov1O04kzn56OKUhcP4/getUpdates "HTTP/1.1 200 OK"
2025-04-06 09:59:08,059 - httpx - INFO - HTTP Request: POST https://api.telegram.org/bot7209418219:AAG3PCfMo53ocGGHYov1O04kzn56OKUhcP4/getUpdates "HTTP/1.1 200 OK"
2025-04-06 09:59:18,180 - httpx - INFO - HTTP Request: POST https://api.telegram.org/bot7209418219:AAG3PCfMo53ocGGHYov1O04kzn56OKUhcP4/getUpdates "HTTP/1.1 200 OK"
2025-04-06 09:59:28,300 - httpx - INFO - HTTP Request: POST https://api.telegram.org/bot7209418219:AAG3PCfMo53ocGGHYov1O04kzn56OKUhcP4/getUpdates "HTTP/1.1 200 OK"
2025-04-06 09:59:38,419 - httpx - INFO - HTTP Request: POST https://api.telegram.org/bot7209418219:AAG3PCfMo53ocGGHYov1O04kzn56OKUhcP4/getUpdates "HTTP/1.1 200 OK"
2025-04-06 09:59:48,541 - httpx - INFO - HTTP Request: POST https://api.telegram.org/bot7209418219:AAG3PCfMo53ocGGHYov1O04kzn56OKUhcP4/getUpdates "HTTP/1.1 200 OK"
2025-04-06 09:59:58,669 - httpx - INFO - HTTP Request: POST https://api.telegram.org/bot7209418219:AAG3PCfMo53ocGGHYov1O04kzn56OKUhcP4/getUpdates "HTTP/1.1 200 OK"
2025-04-06 10:00:08,806 - httpx - INFO - HTTP Request: POST https://api.telegram.org/bot7209418219:AAG3PCfMo53ocGGHYov1O04kzn56OKUhcP4/getUpdates "HTTP/1.1 200 OK"
2025-04-06 10:00:18,926 - httpx - INFO - HTTP Request: POST https://api.telegram.org/bot7209418219:AAG3PCfMo53ocGGHYov1O04kzn56OKUhcP4/getUpdates "HTTP/1.1 200 OK"
2025-04-06 10:00:29,048 - httpx - INFO - HTTP Request: POST https://api.telegram.org/bot7209418219:AAG3PCfMo53ocGGHYov1O04kzn56OKUhcP4/getUpdates "HTTP/1.1 200 OK"
2025-04-06 10:00:34,782 - root - INFO - Bot started!
2025-04-06 10:00:35,414 - httpx - INFO - HTTP Request: POST https://api.telegram.org/bot7209418219:AAG3PCfMo53ocGGHYov1O04kzn56OKUhcP4/getMe "HTTP/1.1 200 OK"
2025-04-06 10:00:35,533 - httpx - INFO - HTTP Request: POST https://api.telegram.org/bot7209418219:AAG3PCfMo53ocGGHYov1O04kzn56OKUhcP4/deleteWebhook "HTTP/1.1 200 OK"
2025-04-06 10:00:35,534 - telegram.ext.Application - INFO - Application started
2025-04-06 10:00:35,887 - httpx - INFO - HTTP Request: POST https://api.telegram.org/bot7209418219:AAG3PCfMo53ocGGHYov1O04kzn56OKUhcP4/getUpdates "HTTP/1.1 200 OK"
2025-04-06 10:00:36,017 - httpx - INFO - HTTP Request: POST https://api.telegram.org/bot7209418219:AAG3PCfMo53ocGGHYov1O04kzn56OKUhcP4/answerCallbackQuery "HTTP/1.1 200 OK"
2025-04-06 10:00:36,178 - httpx - INFO - HTTP Request: POST https://api.telegram.org/bot7209418219:AAG3PCfMo53ocGGHYov1O04kzn56OKUhcP4/editMessageText "HTTP/1.1 200 OK"
2025-04-06 10:00:40,682 - httpx - INFO - HTTP Request: POST https://api.telegram.org/bot7209418219:AAG3PCfMo53ocGGHYov1O04kzn56OKUhcP4/getUpdates "HTTP/1.1 200 OK"
2025-04-06 10:00:40,684 - conversation_handler - INFO - User 1159603709 replied to the bot in a group chat
2025-04-06 10:00:40,816 - httpx - INFO - HTTP Request: POST https://api.telegram.org/bot7209418219:AAG3PCfMo53ocGGHYov1O04kzn56OKUhcP4/sendChatAction "HTTP/1.1 200 OK"
2025-04-06 10:00:44,215 - httpx - INFO - HTTP Request: POST https://api.telegram.org/bot7209418219:AAG3PCfMo53ocGGHYov1O04kzn56OKUhcP4/sendMessage "HTTP/1.1 200 OK"
2025-04-06 10:00:50,802 - httpx - INFO - HTTP Request: POST https://api.telegram.org/bot7209418219:AAG3PCfMo53ocGGHYov1O04kzn56OKUhcP4/getUpdates "HTTP/1.1 200 OK"
2025-04-06 10:01:00,920 - httpx - INFO - HTTP Request: POST https://api.telegram.org/bot7209418219:AAG3PCfMo53ocGGHYov1O04kzn56OKUhcP4/getUpdates "HTTP/1.1 200 OK"
2025-04-06 10:01:11,038 - httpx - INFO - HTTP Request: POST https://api.telegram.org/bot7209418219:AAG3PCfMo53ocGGHYov1O04kzn56OKUhcP4/getUpdates "HTTP/1.1 200 OK"
2025-04-06 10:01:21,156 - httpx - INFO - HTTP Request: POST https://api.telegram.org/bot7209418219:AAG3PCfMo53ocGGHYov1O04kzn56OKUhcP4/getUpdates "HTTP/1.1 200 OK"
2025-04-06 10:01:31,274 - httpx - INFO - HTTP Request: POST https://api.telegram.org/bot7209418219:AAG3PCfMo53ocGGHYov1O04kzn56OKUhcP4/getUpdates "HTTP/1.1 200 OK"
2025-04-06 10:01:41,489 - httpx - INFO - HTTP Request: POST https://api.telegram.org/bot7209418219:AAG3PCfMo53ocGGHYov1O04kzn56OKUhcP4/getUpdates "HTTP/1.1 200 OK"
2025-04-06 10:01:51,644 - httpx - INFO - HTTP Request: POST https://api.telegram.org/bot7209418219:AAG3PCfMo53ocGGHYov1O04kzn56OKUhcP4/getUpdates "HTTP/1.1 200 OK"
2025-04-06 10:02:35,849 - root - INFO - Bot started!
2025-04-06 10:02:36,237 - httpx - INFO - HTTP Request: POST https://api.telegram.org/bot7209418219:AAG3PCfMo53ocGGHYov1O04kzn56OKUhcP4/getMe "HTTP/1.1 200 OK"
2025-04-06 10:02:36,356 - httpx - INFO - HTTP Request: POST https://api.telegram.org/bot7209418219:AAG3PCfMo53ocGGHYov1O04kzn56OKUhcP4/deleteWebhook "HTTP/1.1 200 OK"
2025-04-06 10:02:36,358 - telegram.ext.Application - INFO - Application started
2025-04-06 10:02:46,716 - httpx - INFO - HTTP Request: POST https://api.telegram.org/bot7209418219:AAG3PCfMo53ocGGHYov1O04kzn56OKUhcP4/getUpdates "HTTP/1.1 200 OK"
2025-04-06 10:02:47,918 - httpx - INFO - HTTP Request: POST https://api.telegram.org/bot7209418219:AAG3PCfMo53ocGGHYov1O04kzn56OKUhcP4/getUpdates "HTTP/1.1 200 OK"
2025-04-06 10:02:47,921 - conversation_handler - INFO - User 1159603709 replied to the bot in a group chat
2025-04-06 10:02:48,288 - httpx - INFO - HTTP Request: POST https://api.telegram.org/bot7209418219:AAG3PCfMo53ocGGHYov1O04kzn56OKUhcP4/sendChatAction "HTTP/1.1 200 OK"
2025-04-06 10:02:51,367 - httpx - INFO - HTTP Request: POST https://api.telegram.org/bot7209418219:AAG3PCfMo53ocGGHYov1O04kzn56OKUhcP4/sendMessage "HTTP/1.1 200 OK"
2025-04-06 10:02:58,048 - httpx - INFO - HTTP Request: POST https://api.telegram.org/bot7209418219:AAG3PCfMo53ocGGHYov1O04kzn56OKUhcP4/getUpdates "HTTP/1.1 200 OK"
2025-04-06 10:03:01,498 - httpx - INFO - HTTP Request: POST https://api.telegram.org/bot7209418219:AAG3PCfMo53ocGGHYov1O04kzn56OKUhcP4/getUpdates "HTTP/1.1 200 OK"
2025-04-06 10:03:01,501 - conversation_handler - INFO - User 1159603709 replied to the bot in a group chat
2025-04-06 10:03:01,870 - httpx - INFO - HTTP Request: POST https://api.telegram.org/bot7209418219:AAG3PCfMo53ocGGHYov1O04kzn56OKUhcP4/sendChatAction "HTTP/1.1 200 OK"
2025-04-06 10:03:04,538 - httpx - INFO - HTTP Request: POST https://api.telegram.org/bot7209418219:AAG3PCfMo53ocGGHYov1O04kzn56OKUhcP4/sendMessage "HTTP/1.1 200 OK"
2025-04-06 10:03:11,623 - httpx - INFO - HTTP Request: POST https://api.telegram.org/bot7209418219:AAG3PCfMo53ocGGHYov1O04kzn56OKUhcP4/getUpdates "HTTP/1.1 200 OK"
2025-04-06 10:03:21,742 - httpx - INFO - HTTP Request: POST https://api.telegram.org/bot7209418219:AAG3PCfMo53ocGGHYov1O04kzn56OKUhcP4/getUpdates "HTTP/1.1 200 OK"
2025-04-06 10:03:27,398 - httpx - INFO - HTTP Request: POST https://api.telegram.org/bot7209418219:AAG3PCfMo53ocGGHYov1O04kzn56OKUhcP4/getUpdates "HTTP/1.1 200 OK"
2025-04-06 10:03:27,409 - conversation_handler - INFO - User 1159603709 replied to the bot in a group chat
2025-04-06 10:03:27,785 - httpx - INFO - HTTP Request: POST https://api.telegram.org/bot7209418219:AAG3PCfMo53ocGGHYov1O04kzn56OKUhcP4/sendChatAction "HTTP/1.1 200 OK"
2025-04-06 10:03:29,936 - httpx - INFO - HTTP Request: POST https://api.telegram.org/bot7209418219:AAG3PCfMo53ocGGHYov1O04kzn56OKUhcP4/sendMessage "HTTP/1.1 200 OK"
2025-04-06 10:03:37,541 - httpx - INFO - HTTP Request: POST https://api.telegram.org/bot7209418219:AAG3PCfMo53ocGGHYov1O04kzn56OKUhcP4/getUpdates "HTTP/1.1 200 OK"
2025-04-06 10:03:44,970 - httpx - INFO - HTTP Request: POST https://api.telegram.org/bot7209418219:AAG3PCfMo53ocGGHYov1O04kzn56OKUhcP4/getUpdates "HTTP/1.1 200 OK"
2025-04-06 10:03:44,973 - conversation_handler - INFO - User 1159603709 replied to the bot in a group chat
2025-04-06 10:03:45,376 - httpx - INFO - HTTP Request: POST https://api.telegram.org/bot7209418219:AAG3PCfMo53ocGGHYov1O04kzn56OKUhcP4/sendChatAction "HTTP/1.1 200 OK"
2025-04-06 10:03:47,820 - httpx - INFO - HTTP Request: POST https://api.telegram.org/bot7209418219:AAG3PCfMo53ocGGHYov1O04kzn56OKUhcP4/sendMessage "HTTP/1.1 200 OK"
2025-04-06 10:03:55,095 - httpx - INFO - HTTP Request: POST https://api.telegram.org/bot7209418219:AAG3PCfMo53ocGGHYov1O04kzn56OKUhcP4/getUpdates "HTTP/1.1 200 OK"
2025-04-06 10:04:05,214 - httpx - INFO - HTTP Request: POST https://api.telegram.org/bot7209418219:AAG3PCfMo53ocGGHYov1O04kzn56OKUhcP4/getUpdates "HTTP/1.1 200 OK"
2025-04-06 10:04:15,338 - httpx - INFO - HTTP Request: POST https://api.telegram.org/bot7209418219:AAG3PCfMo53ocGGHYov1O04kzn56OKUhcP4/getUpdates "HTTP/1.1 200 OK"
2025-04-06 10:04:25,458 - httpx - INFO - HTTP Request: POST https://api.telegram.org/bot7209418219:AAG3PCfMo53ocGGHYov1O04kzn56OKUhcP4/getUpdates "HTTP/1.1 200 OK"
2025-04-06 10:04:35,577 - httpx - INFO - HTTP Request: POST https://api.telegram.org/bot7209418219:AAG3PCfMo53ocGGHYov1O04kzn56OKUhcP4/getUpdates "HTTP/1.1 200 OK"
2025-04-06 10:04:45,696 - httpx - INFO - HTTP Request: POST https://api.telegram.org/bot7209418219:AAG3PCfMo53ocGGHYov1O04kzn56OKUhcP4/getUpdates "HTTP/1.1 200 OK"
2025-04-06 10:04:55,833 - httpx - INFO - HTTP Request: POST https://api.telegram.org/bot7209418219:AAG3PCfMo53ocGGHYov1O04kzn56OKUhcP4/getUpdates "HTTP/1.1 200 OK"
2025-04-06 10:05:05,953 - httpx - INFO - HTTP Request: POST https://api.telegram.org/bot7209418219:AAG3PCfMo53ocGGHYov1O04kzn56OKUhcP4/getUpdates "HTTP/1.1 200 OK"
2025-04-06 10:05:16,074 - httpx - INFO - HTTP Request: POST https://api.telegram.org/bot7209418219:AAG3PCfMo53ocGGHYov1O04kzn56OKUhcP4/getUpdates "HTTP/1.1 200 OK"
2025-04-06 10:05:26,193 - httpx - INFO - HTTP Request: POST https://api.telegram.org/bot7209418219:AAG3PCfMo53ocGGHYov1O04kzn56OKUhcP4/getUpdates "HTTP/1.1 200 OK"
2025-04-06 10:05:36,312 - httpx - INFO - HTTP Request: POST https://api.telegram.org/bot7209418219:AAG3PCfMo53ocGGHYov1O04kzn56OKUhcP4/getUpdates "HTTP/1.1 200 OK"
2025-04-06 10:05:46,433 - httpx - INFO - HTTP Request: POST https://api.telegram.org/bot7209418219:AAG3PCfMo53ocGGHYov1O04kzn56OKUhcP4/getUpdates "HTTP/1.1 200 OK"
2025-04-06 10:05:56,553 - httpx - INFO - HTTP Request: POST https://api.telegram.org/bot7209418219:AAG3PCfMo53ocGGHYov1O04kzn56OKUhcP4/getUpdates "HTTP/1.1 200 OK"
2025-04-06 10:06:06,674 - httpx - INFO - HTTP Request: POST https://api.telegram.org/bot7209418219:AAG3PCfMo53ocGGHYov1O04kzn56OKUhcP4/getUpdates "HTTP/1.1 200 OK"
2025-04-06 10:06:16,806 - httpx - INFO - HTTP Request: POST https://api.telegram.org/bot7209418219:AAG3PCfMo53ocGGHYov1O04kzn56OKUhcP4/getUpdates "HTTP/1.1 200 OK"
2025-04-06 10:06:25,558 - httpx - INFO - HTTP Request: POST https://api.telegram.org/bot7209418219:AAG3PCfMo53ocGGHYov1O04kzn56OKUhcP4/getUpdates "HTTP/1.1 200 OK"
2025-04-06 10:06:25,987 - httpx - INFO - HTTP Request: POST https://api.telegram.org/bot7209418219:AAG3PCfMo53ocGGHYov1O04kzn56OKUhcP4/sendMessage "HTTP/1.1 200 OK"
2025-04-06 10:06:35,070 - httpx - INFO - HTTP Request: POST https://api.telegram.org/bot7209418219:AAG3PCfMo53ocGGHYov1O04kzn56OKUhcP4/getUpdates "HTTP/1.1 200 OK"
2025-04-06 10:06:35,539 - httpx - INFO - HTTP Request: POST https://api.telegram.org/bot7209418219:AAG3PCfMo53ocGGHYov1O04kzn56OKUhcP4/answerCallbackQuery "HTTP/1.1 200 OK"
2025-04-06 10:06:35,752 - httpx - INFO - HTTP Request: POST https://api.telegram.org/bot7209418219:AAG3PCfMo53ocGGHYov1O04kzn56OKUhcP4/editMessageText "HTTP/1.1 200 OK"
2025-04-06 10:06:43,206 - httpx - INFO - HTTP Request: POST https://api.telegram.org/bot7209418219:AAG3PCfMo53ocGGHYov1O04kzn56OKUhcP4/getUpdates "HTTP/1.1 200 OK"
2025-04-06 10:06:43,208 - conversation_handler - INFO - User 1159603709 replied to the bot in a group chat
2025-04-06 10:06:43,656 - httpx - INFO - HTTP Request: POST https://api.telegram.org/bot7209418219:AAG3PCfMo53ocGGHYov1O04kzn56OKUhcP4/sendChatAction "HTTP/1.1 200 OK"
2025-04-06 10:06:53,309 - httpx - INFO - HTTP Request: POST https://api.telegram.org/bot7209418219:AAG3PCfMo53ocGGHYov1O04kzn56OKUhcP4/sendMessage "HTTP/1.1 200 OK"
2025-04-06 10:06:53,329 - httpx - INFO - HTTP Request: POST https://api.telegram.org/bot7209418219:AAG3PCfMo53ocGGHYov1O04kzn56OKUhcP4/getUpdates "HTTP/1.1 200 OK"
2025-04-06 10:07:03,449 - httpx - INFO - HTTP Request: POST https://api.telegram.org/bot7209418219:AAG3PCfMo53ocGGHYov1O04kzn56OKUhcP4/getUpdates "HTTP/1.1 200 OK"
2025-04-06 10:07:13,606 - httpx - INFO - HTTP Request: POST https://api.telegram.org/bot7209418219:AAG3PCfMo53ocGGHYov1O04kzn56OKUhcP4/getUpdates "HTTP/1.1 200 OK"
2025-04-06 10:07:16,226 - httpx - INFO - HTTP Request: POST https://api.telegram.org/bot7209418219:AAG3PCfMo53ocGGHYov1O04kzn56OKUhcP4/getUpdates "HTTP/1.1 200 OK"
2025-04-06 10:07:16,228 - conversation_handler - INFO - Ignoring message in group chat that's not directed at the bot
2025-04-06 10:07:26,347 - httpx - INFO - HTTP Request: POST https://api.telegram.org/bot7209418219:AAG3PCfMo53ocGGHYov1O04kzn56OKUhcP4/getUpdates "HTTP/1.1 200 OK"
2025-04-06 10:07:36,467 - httpx - INFO - HTTP Request: POST https://api.telegram.org/bot7209418219:AAG3PCfMo53ocGGHYov1O04kzn56OKUhcP4/getUpdates "HTTP/1.1 200 OK"
2025-04-06 10:07:46,586 - httpx - INFO - HTTP Request: POST https://api.telegram.org/bot7209418219:AAG3PCfMo53ocGGHYov1O04kzn56OKUhcP4/getUpdates "HTTP/1.1 200 OK"
2025-04-06 10:07:56,288 - httpx - INFO - HTTP Request: POST https://api.telegram.org/bot7209418219:AAG3PCfMo53ocGGHYov1O04kzn56OKUhcP4/getUpdates "HTTP/1.1 200 OK"
2025-04-06 10:08:06,409 - httpx - INFO - HTTP Request: POST https://api.telegram.org/bot7209418219:AAG3PCfMo53ocGGHYov1O04kzn56OKUhcP4/getUpdates "HTTP/1.1 200 OK"
2025-04-06 10:08:16,533 - httpx - INFO - HTTP Request: POST https://api.telegram.org/bot7209418219:AAG3PCfMo53ocGGHYov1O04kzn56OKUhcP4/getUpdates "HTTP/1.1 200 OK"
2025-04-06 10:08:20,859 - httpx - INFO - HTTP Request: POST https://api.telegram.org/bot7209418219:AAG3PCfMo53ocGGHYov1O04kzn56OKUhcP4/getUpdates "HTTP/1.1 200 OK"
2025-04-06 10:08:20,860 - conversation_handler - INFO - Ignoring message in group chat that's not directed at the bot
2025-04-06 10:08:30,979 - httpx - INFO - HTTP Request: POST https://api.telegram.org/bot7209418219:AAG3PCfMo53ocGGHYov1O04kzn56OKUhcP4/getUpdates "HTTP/1.1 200 OK"
2025-04-06 10:08:41,023 - httpx - INFO - HTTP Request: POST https://api.telegram.org/bot7209418219:AAG3PCfMo53ocGGHYov1O04kzn56OKUhcP4/getUpdates "HTTP/1.1 200 OK"
2025-04-06 10:08:41,023 - telegram.ext.Application - INFO - Application is stopping. This might take a moment.
2025-04-06 10:08:41,023 - telegram.ext.Application - INFO - Application.stop() complete
2025-04-06 10:08:42,396 - root - INFO - Bot started!
2025-04-06 10:08:42,791 - httpx - INFO - HTTP Request: POST https://api.telegram.org/bot7209418219:AAG3PCfMo53ocGGHYov1O04kzn56OKUhcP4/getMe "HTTP/1.1 200 OK"
2025-04-06 10:08:42,910 - httpx - INFO - HTTP Request: POST https://api.telegram.org/bot7209418219:AAG3PCfMo53ocGGHYov1O04kzn56OKUhcP4/deleteWebhook "HTTP/1.1 200 OK"
2025-04-06 10:08:42,912 - telegram.ext.Application - INFO - Application started
2025-04-06 10:08:53,269 - httpx - INFO - HTTP Request: POST https://api.telegram.org/bot7209418219:AAG3PCfMo53ocGGHYov1O04kzn56OKUhcP4/getUpdates "HTTP/1.1 200 OK"
2025-04-06 10:09:03,390 - httpx - INFO - HTTP Request: POST https://api.telegram.org/bot7209418219:AAG3PCfMo53ocGGHYov1O04kzn56OKUhcP4/getUpdates "HTTP/1.1 200 OK"
2025-04-06 10:09:13,510 - httpx - INFO - HTTP Request: POST https://api.telegram.org/bot7209418219:AAG3PCfMo53ocGGHYov1O04kzn56OKUhcP4/getUpdates "HTTP/1.1 200 OK"
2025-04-06 10:09:23,647 - httpx - INFO - HTTP Request: POST https://api.telegram.org/bot7209418219:AAG3PCfMo53ocGGHYov1O04kzn56OKUhcP4/getUpdates "HTTP/1.1 200 OK"
2025-04-06 10:09:33,767 - httpx - INFO - HTTP Request: POST https://api.telegram.org/bot7209418219:AAG3PCfMo53ocGGHYov1O04kzn56OKUhcP4/getUpdates "HTTP/1.1 200 OK"
2025-04-06 10:09:43,886 - httpx - INFO - HTTP Request: POST https://api.telegram.org/bot7209418219:AAG3PCfMo53ocGGHYov1O04kzn56OKUhcP4/getUpdates "HTTP/1.1 200 OK"
2025-04-06 10:09:54,006 - httpx - INFO - HTTP Request: POST https://api.telegram.org/bot7209418219:AAG3PCfMo53ocGGHYov1O04kzn56OKUhcP4/getUpdates "HTTP/1.1 200 OK"
2025-04-06 10:10:04,125 - httpx - INFO - HTTP Request: POST https://api.telegram.org/bot7209418219:AAG3PCfMo53ocGGHYov1O04kzn56OKUhcP4/getUpdates "HTTP/1.1 200 OK"
2025-04-06 10:10:14,245 - httpx - INFO - HTTP Request: POST https://api.telegram.org/bot7209418219:AAG3PCfMo53ocGGHYov1O04kzn56OKUhcP4/getUpdates "HTTP/1.1 200 OK"
2025-04-06 10:10:24,364 - httpx - INFO - HTTP Request: POST https://api.telegram.org/bot7209418219:AAG3PCfMo53ocGGHYov1O04kzn56OKUhcP4/getUpdates "HTTP/1.1 200 OK"
2025-04-06 10:10:34,483 - httpx - INFO - HTTP Request: POST https://api.telegram.org/bot7209418219:AAG3PCfMo53ocGGHYov1O04kzn56OKUhcP4/getUpdates "HTTP/1.1 200 OK"
2025-04-06 10:10:44,604 - httpx - INFO - HTTP Request: POST https://api.telegram.org/bot7209418219:AAG3PCfMo53ocGGHYov1O04kzn56OKUhcP4/getUpdates "HTTP/1.1 200 OK"
2025-04-06 10:10:54,724 - httpx - INFO - HTTP Request: POST https://api.telegram.org/bot7209418219:AAG3PCfMo53ocGGHYov1O04kzn56OKUhcP4/getUpdates "HTTP/1.1 200 OK"
2025-04-06 10:11:04,843 - httpx - INFO - HTTP Request: POST https://api.telegram.org/bot7209418219:AAG3PCfMo53ocGGHYov1O04kzn56OKUhcP4/getUpdates "HTTP/1.1 200 OK"
2025-04-06 10:11:14,964 - httpx - INFO - HTTP Request: POST https://api.telegram.org/bot7209418219:AAG3PCfMo53ocGGHYov1O04kzn56OKUhcP4/getUpdates "HTTP/1.1 200 OK"
2025-04-06 10:11:25,083 - httpx - INFO - HTTP Request: POST https://api.telegram.org/bot7209418219:AAG3PCfMo53ocGGHYov1O04kzn56OKUhcP4/getUpdates "HTTP/1.1 200 OK"
2025-04-06 10:11:35,202 - httpx - INFO - HTTP Request: POST https://api.telegram.org/bot7209418219:AAG3PCfMo53ocGGHYov1O04kzn56OKUhcP4/getUpdates "HTTP/1.1 200 OK"
2025-04-06 10:11:45,321 - httpx - INFO - HTTP Request: POST https://api.telegram.org/bot7209418219:AAG3PCfMo53ocGGHYov1O04kzn56OKUhcP4/getUpdates "HTTP/1.1 200 OK"
2025-04-06 10:11:54,559 - httpx - INFO - HTTP Request: POST https://api.telegram.org/bot7209418219:AAG3PCfMo53ocGGHYov1O04kzn56OKUhcP4/getUpdates "HTTP/1.1 200 OK"
2025-04-06 10:11:54,978 - httpx - INFO - HTTP Request: POST https://api.telegram.org/bot7209418219:AAG3PCfMo53ocGGHYov1O04kzn56OKUhcP4/sendMessage "HTTP/1.1 200 OK"
2025-04-06 10:11:57,452 - httpx - INFO - HTTP Request: POST https://api.telegram.org/bot7209418219:AAG3PCfMo53ocGGHYov1O04kzn56OKUhcP4/getUpdates "HTTP/1.1 200 OK"
2025-04-06 10:11:57,582 - httpx - INFO - HTTP Request: POST https://api.telegram.org/bot7209418219:AAG3PCfMo53ocGGHYov1O04kzn56OKUhcP4/answerCallbackQuery "HTTP/1.1 200 OK"
2025-04-06 10:11:57,740 - httpx - INFO - HTTP Request: POST https://api.telegram.org/bot7209418219:AAG3PCfMo53ocGGHYov1O04kzn56OKUhcP4/sendMessage "HTTP/1.1 200 OK"
2025-04-06 10:12:02,139 - httpx - INFO - HTTP Request: POST https://api.telegram.org/bot7209418219:AAG3PCfMo53ocGGHYov1O04kzn56OKUhcP4/getUpdates "HTTP/1.1 200 OK"
2025-04-06 10:12:02,301 - httpx - INFO - HTTP Request: POST https://api.telegram.org/bot7209418219:AAG3PCfMo53ocGGHYov1O04kzn56OKUhcP4/sendMessage "HTTP/1.1 200 OK"
2025-04-06 10:12:12,263 - httpx - INFO - HTTP Request: POST https://api.telegram.org/bot7209418219:AAG3PCfMo53ocGGHYov1O04kzn56OKUhcP4/getUpdates "HTTP/1.1 200 OK"
2025-04-06 10:12:20,080 - httpx - INFO - HTTP Request: POST https://api.telegram.org/bot7209418219:AAG3PCfMo53ocGGHYov1O04kzn56OKUhcP4/getUpdates "HTTP/1.1 200 OK"
2025-04-06 10:12:20,445 - httpx - INFO - HTTP Request: POST https://api.telegram.org/bot7209418219:AAG3PCfMo53ocGGHYov1O04kzn56OKUhcP4/answerCallbackQuery "HTTP/1.1 200 OK"
2025-04-06 10:12:20,655 - httpx - INFO - HTTP Request: POST https://api.telegram.org/bot7209418219:AAG3PCfMo53ocGGHYov1O04kzn56OKUhcP4/sendMessage "HTTP/1.1 200 OK"
2025-04-06 10:12:23,087 - httpx - INFO - HTTP Request: POST https://api.telegram.org/bot7209418219:AAG3PCfMo53ocGGHYov1O04kzn56OKUhcP4/getUpdates "HTTP/1.1 200 OK"
2025-04-06 10:12:23,264 - httpx - INFO - HTTP Request: POST https://api.telegram.org/bot7209418219:AAG3PCfMo53ocGGHYov1O04kzn56OKUhcP4/answerCallbackQuery "HTTP/1.1 200 OK"
2025-04-06 10:12:23,570 - httpx - INFO - HTTP Request: POST https://api.telegram.org/bot7209418219:AAG3PCfMo53ocGGHYov1O04kzn56OKUhcP4/editMessageText "HTTP/1.1 200 OK"
2025-04-06 10:12:28,875 - httpx - INFO - HTTP Request: POST https://api.telegram.org/bot7209418219:AAG3PCfMo53ocGGHYov1O04kzn56OKUhcP4/getUpdates "HTTP/1.1 200 OK"
2025-04-06 10:12:29,337 - httpx - INFO - HTTP Request: POST https://api.telegram.org/bot7209418219:AAG3PCfMo53ocGGHYov1O04kzn56OKUhcP4/sendMessage "HTTP/1.1 200 OK"
2025-04-06 10:12:36,048 - httpx - INFO - HTTP Request: POST https://api.telegram.org/bot7209418219:AAG3PCfMo53ocGGHYov1O04kzn56OKUhcP4/getUpdates "HTTP/1.1 200 OK"
2025-04-06 10:12:36,486 - httpx - INFO - HTTP Request: POST https://api.telegram.org/bot7209418219:AAG3PCfMo53ocGGHYov1O04kzn56OKUhcP4/sendMessage "HTTP/1.1 200 OK"
2025-04-06 10:12:46,169 - httpx - INFO - HTTP Request: POST https://api.telegram.org/bot7209418219:AAG3PCfMo53ocGGHYov1O04kzn56OKUhcP4/getUpdates "HTTP/1.1 200 OK"
2025-04-06 10:12:52,165 - httpx - INFO - HTTP Request: POST https://api.telegram.org/bot7209418219:AAG3PCfMo53ocGGHYov1O04kzn56OKUhcP4/getUpdates "HTTP/1.1 200 OK"
2025-04-06 10:12:52,635 - httpx - INFO - HTTP Request: POST https://api.telegram.org/bot7209418219:AAG3PCfMo53ocGGHYov1O04kzn56OKUhcP4/sendMessage "HTTP/1.1 200 OK"
2025-04-06 10:13:02,287 - httpx - INFO - HTTP Request: POST https://api.telegram.org/bot7209418219:AAG3PCfMo53ocGGHYov1O04kzn56OKUhcP4/getUpdates "HTTP/1.1 200 OK"
2025-04-06 10:13:07,802 - httpx - INFO - HTTP Request: POST https://api.telegram.org/bot7209418219:AAG3PCfMo53ocGGHYov1O04kzn56OKUhcP4/getUpdates "HTTP/1.1 200 OK"
2025-04-06 10:13:08,193 - httpx - INFO - HTTP Request: POST https://api.telegram.org/bot7209418219:AAG3PCfMo53ocGGHYov1O04kzn56OKUhcP4/sendMessage "HTTP/1.1 200 OK"
2025-04-06 10:13:10,208 - httpx - INFO - HTTP Request: POST https://api.telegram.org/bot7209418219:AAG3PCfMo53ocGGHYov1O04kzn56OKUhcP4/getUpdates "HTTP/1.1 200 OK"
2025-04-06 10:13:10,333 - httpx - INFO - HTTP Request: POST https://api.telegram.org/bot7209418219:AAG3PCfMo53ocGGHYov1O04kzn56OKUhcP4/answerCallbackQuery "HTTP/1.1 200 OK"
2025-04-06 10:13:10,489 - httpx - INFO - HTTP Request: POST https://api.telegram.org/bot7209418219:AAG3PCfMo53ocGGHYov1O04kzn56OKUhcP4/sendMessage "HTTP/1.1 200 OK"
2025-04-06 10:13:16,445 - httpx - INFO - HTTP Request: POST https://api.telegram.org/bot7209418219:AAG3PCfMo53ocGGHYov1O04kzn56OKUhcP4/getUpdates "HTTP/1.1 200 OK"
2025-04-06 10:13:16,811 - httpx - INFO - HTTP Request: POST https://api.telegram.org/bot7209418219:AAG3PCfMo53ocGGHYov1O04kzn56OKUhcP4/answerCallbackQuery "HTTP/1.1 200 OK"
2025-04-06 10:13:17,146 - httpx - INFO - HTTP Request: POST https://api.telegram.org/bot7209418219:AAG3PCfMo53ocGGHYov1O04kzn56OKUhcP4/sendMessage "HTTP/1.1 200 OK"
2025-04-06 10:13:23,253 - httpx - INFO - HTTP Request: POST https://api.telegram.org/bot7209418219:AAG3PCfMo53ocGGHYov1O04kzn56OKUhcP4/getUpdates "HTTP/1.1 200 OK"
2025-04-06 10:13:23,253 - telegram.ext.Application - INFO - Application is stopping. This might take a moment.
2025-04-06 10:13:23,253 - telegram.ext.Application - INFO - Application.stop() complete
2025-04-06 10:13:24,225 - root - INFO - Bot started!
2025-04-06 10:13:24,601 - httpx - INFO - HTTP Request: POST https://api.telegram.org/bot7209418219:AAG3PCfMo53ocGGHYov1O04kzn56OKUhcP4/getMe "HTTP/1.1 200 OK"
2025-04-06 10:13:24,724 - httpx - INFO - HTTP Request: POST https://api.telegram.org/bot7209418219:AAG3PCfMo53ocGGHYov1O04kzn56OKUhcP4/deleteWebhook "HTTP/1.1 200 OK"
2025-04-06 10:13:24,728 - telegram.ext.Application - INFO - Application started
2025-04-06 10:13:28,141 - httpx - INFO - HTTP Request: POST https://api.telegram.org/bot7209418219:AAG3PCfMo53ocGGHYov1O04kzn56OKUhcP4/getUpdates "HTTP/1.1 200 OK"
2025-04-06 10:13:28,271 - httpx - INFO - HTTP Request: POST https://api.telegram.org/bot7209418219:AAG3PCfMo53ocGGHYov1O04kzn56OKUhcP4/answerCallbackQuery "HTTP/1.1 200 OK"
2025-04-06 10:13:28,455 - httpx - INFO - HTTP Request: POST https://api.telegram.org/bot7209418219:AAG3PCfMo53ocGGHYov1O04kzn56OKUhcP4/editMessageText "HTTP/1.1 200 OK"
2025-04-06 10:13:36,280 - httpx - INFO - HTTP Request: POST https://api.telegram.org/bot7209418219:AAG3PCfMo53ocGGHYov1O04kzn56OKUhcP4/getUpdates "HTTP/1.1 200 OK"
2025-04-06 10:13:36,707 - httpx - INFO - HTTP Request: POST https://api.telegram.org/bot7209418219:AAG3PCfMo53ocGGHYov1O04kzn56OKUhcP4/sendMessage "HTTP/1.1 200 OK"
2025-04-06 10:13:41,702 - httpx - INFO - HTTP Request: POST https://api.telegram.org/bot7209418219:AAG3PCfMo53ocGGHYov1O04kzn56OKUhcP4/getUpdates "HTTP/1.1 200 OK"
2025-04-06 10:13:41,703 - conversation_handler - INFO - User 1159603709 replied to the bot in a group chat
2025-04-06 10:13:41,838 - httpx - INFO - HTTP Request: POST https://api.telegram.org/bot7209418219:AAG3PCfMo53ocGGHYov1O04kzn56OKUhcP4/sendChatAction "HTTP/1.1 200 OK"
2025-04-06 10:13:43,000 - httpx - INFO - HTTP Request: POST https://api.telegram.org/bot7209418219:AAG3PCfMo53ocGGHYov1O04kzn56OKUhcP4/sendMessage "HTTP/1.1 200 OK"
2025-04-06 10:13:51,823 - httpx - INFO - HTTP Request: POST https://api.telegram.org/bot7209418219:AAG3PCfMo53ocGGHYov1O04kzn56OKUhcP4/getUpdates "HTTP/1.1 200 OK"
2025-04-06 10:14:01,942 - httpx - INFO - HTTP Request: POST https://api.telegram.org/bot7209418219:AAG3PCfMo53ocGGHYov1O04kzn56OKUhcP4/getUpdates "HTTP/1.1 200 OK"
2025-04-06 10:14:02,658 - httpx - INFO - HTTP Request: POST https://api.telegram.org/bot7209418219:AAG3PCfMo53ocGGHYov1O04kzn56OKUhcP4/getUpdates "HTTP/1.1 200 OK"
2025-04-06 10:14:02,659 - conversation_handler - INFO - User 1159603709 replied to the bot in a group chat
2025-04-06 10:14:03,024 - httpx - INFO - HTTP Request: POST https://api.telegram.org/bot7209418219:AAG3PCfMo53ocGGHYov1O04kzn56OKUhcP4/sendChatAction "HTTP/1.1 200 OK"
2025-04-06 10:14:04,348 - httpx - INFO - HTTP Request: POST https://api.telegram.org/bot7209418219:AAG3PCfMo53ocGGHYov1O04kzn56OKUhcP4/sendMessage "HTTP/1.1 200 OK"
2025-04-06 10:14:12,780 - httpx - INFO - HTTP Request: POST https://api.telegram.org/bot7209418219:AAG3PCfMo53ocGGHYov1O04kzn56OKUhcP4/getUpdates "HTTP/1.1 200 OK"
2025-04-06 10:14:21,300 - httpx - INFO - HTTP Request: POST https://api.telegram.org/bot7209418219:AAG3PCfMo53ocGGHYov1O04kzn56OKUhcP4/getUpdates "HTTP/1.1 200 OK"
2025-04-06 10:14:21,301 - telegram.ext.Application - INFO - Application is stopping. This might take a moment.
2025-04-06 10:14:21,301 - telegram.ext.Application - INFO - Application.stop() complete
2025-04-06 10:14:22,180 - root - INFO - Bot started!
2025-04-06 10:14:22,554 - httpx - INFO - HTTP Request: POST https://api.telegram.org/bot7209418219:AAG3PCfMo53ocGGHYov1O04kzn56OKUhcP4/getMe "HTTP/1.1 200 OK"
2025-04-06 10:14:22,672 - httpx - INFO - HTTP Request: POST https://api.telegram.org/bot7209418219:AAG3PCfMo53ocGGHYov1O04kzn56OKUhcP4/deleteWebhook "HTTP/1.1 200 OK"
2025-04-06 10:14:22,674 - telegram.ext.Application - INFO - Application started
2025-04-06 10:14:33,036 - httpx - INFO - HTTP Request: POST https://api.telegram.org/bot7209418219:AAG3PCfMo53ocGGHYov1O04kzn56OKUhcP4/getUpdates "HTTP/1.1 200 OK"
2025-04-06 10:14:43,166 - httpx - INFO - HTTP Request: POST https://api.telegram.org/bot7209418219:AAG3PCfMo53ocGGHYov1O04kzn56OKUhcP4/getUpdates "HTTP/1.1 200 OK"
2025-04-06 10:14:53,286 - httpx - INFO - HTTP Request: POST https://api.telegram.org/bot7209418219:AAG3PCfMo53ocGGHYov1O04kzn56OKUhcP4/getUpdates "HTTP/1.1 200 OK"
2025-04-06 10:15:03,406 - httpx - INFO - HTTP Request: POST https://api.telegram.org/bot7209418219:AAG3PCfMo53ocGGHYov1O04kzn56OKUhcP4/getUpdates "HTTP/1.1 200 OK"
2025-04-06 10:15:13,527 - httpx - INFO - HTTP Request: POST https://api.telegram.org/bot7209418219:AAG3PCfMo53ocGGHYov1O04kzn56OKUhcP4/getUpdates "HTTP/1.1 200 OK"
2025-04-06 10:15:23,648 - httpx - INFO - HTTP Request: POST https://api.telegram.org/bot7209418219:AAG3PCfMo53ocGGHYov1O04kzn56OKUhcP4/getUpdates "HTTP/1.1 200 OK"
2025-04-06 10:15:29,682 - httpx - INFO - HTTP Request: POST https://api.telegram.org/bot7209418219:AAG3PCfMo53ocGGHYov1O04kzn56OKUhcP4/getUpdates "HTTP/1.1 200 OK"
2025-04-06 10:15:30,106 - httpx - INFO - HTTP Request: POST https://api.telegram.org/bot7209418219:AAG3PCfMo53ocGGHYov1O04kzn56OKUhcP4/sendMessage "HTTP/1.1 200 OK"
2025-04-06 10:15:32,015 - httpx - INFO - HTTP Request: POST https://api.telegram.org/bot7209418219:AAG3PCfMo53ocGGHYov1O04kzn56OKUhcP4/getUpdates "HTTP/1.1 200 OK"
2025-04-06 10:15:32,158 - httpx - INFO - HTTP Request: POST https://api.telegram.org/bot7209418219:AAG3PCfMo53ocGGHYov1O04kzn56OKUhcP4/answerCallbackQuery "HTTP/1.1 200 OK"
2025-04-06 10:15:32,360 - httpx - INFO - HTTP Request: POST https://api.telegram.org/bot7209418219:AAG3PCfMo53ocGGHYov1O04kzn56OKUhcP4/editMessageText "HTTP/1.1 200 OK"
2025-04-06 10:15:33,487 - httpx - INFO - HTTP Request: POST https://api.telegram.org/bot7209418219:AAG3PCfMo53ocGGHYov1O04kzn56OKUhcP4/getUpdates "HTTP/1.1 200 OK"
2025-04-06 10:15:33,626 - httpx - INFO - HTTP Request: POST https://api.telegram.org/bot7209418219:AAG3PCfMo53ocGGHYov1O04kzn56OKUhcP4/answerCallbackQuery "HTTP/1.1 200 OK"
2025-04-06 10:15:33,808 - httpx - INFO - HTTP Request: POST https://api.telegram.org/bot7209418219:AAG3PCfMo53ocGGHYov1O04kzn56OKUhcP4/editMessageText "HTTP/1.1 200 OK"
2025-04-06 10:15:40,721 - httpx - INFO - HTTP Request: POST https://api.telegram.org/bot7209418219:AAG3PCfMo53ocGGHYov1O04kzn56OKUhcP4/getUpdates "HTTP/1.1 200 OK"
2025-04-06 10:15:41,160 - httpx - INFO - HTTP Request: POST https://api.telegram.org/bot7209418219:AAG3PCfMo53ocGGHYov1O04kzn56OKUhcP4/sendMessage "HTTP/1.1 200 OK"
2025-04-06 10:15:42,763 - httpx - INFO - HTTP Request: POST https://api.telegram.org/bot7209418219:AAG3PCfMo53ocGGHYov1O04kzn56OKUhcP4/getUpdates "HTTP/1.1 200 OK"
2025-04-06 10:15:42,930 - httpx - INFO - HTTP Request: POST https://api.telegram.org/bot7209418219:AAG3PCfMo53ocGGHYov1O04kzn56OKUhcP4/sendMessage "HTTP/1.1 200 OK"
2025-04-06 10:15:52,884 - httpx - INFO - HTTP Request: POST https://api.telegram.org/bot7209418219:AAG3PCfMo53ocGGHYov1O04kzn56OKUhcP4/getUpdates "HTTP/1.1 200 OK"
2025-04-06 10:16:03,003 - httpx - INFO - HTTP Request: POST https://api.telegram.org/bot7209418219:AAG3PCfMo53ocGGHYov1O04kzn56OKUhcP4/getUpdates "HTTP/1.1 200 OK"
2025-04-06 10:16:13,123 - httpx - INFO - HTTP Request: POST https://api.telegram.org/bot7209418219:AAG3PCfMo53ocGGHYov1O04kzn56OKUhcP4/getUpdates "HTTP/1.1 200 OK"
2025-04-06 10:16:23,242 - httpx - INFO - HTTP Request: POST https://api.telegram.org/bot7209418219:AAG3PCfMo53ocGGHYov1O04kzn56OKUhcP4/getUpdates "HTTP/1.1 200 OK"
2025-04-06 10:16:33,361 - httpx - INFO - HTTP Request: POST https://api.telegram.org/bot7209418219:AAG3PCfMo53ocGGHYov1O04kzn56OKUhcP4/getUpdates "HTTP/1.1 200 OK"
2025-04-06 10:16:43,481 - httpx - INFO - HTTP Request: POST https://api.telegram.org/bot7209418219:AAG3PCfMo53ocGGHYov1O04kzn56OKUhcP4/getUpdates "HTTP/1.1 200 OK"
2025-04-06 10:16:53,602 - httpx - INFO - HTTP Request: POST https://api.telegram.org/bot7209418219:AAG3PCfMo53ocGGHYov1O04kzn56OKUhcP4/getUpdates "HTTP/1.1 200 OK"
2025-04-06 10:17:03,720 - httpx - INFO - HTTP Request: POST https://api.telegram.org/bot7209418219:AAG3PCfMo53ocGGHYov1O04kzn56OKUhcP4/getUpdates "HTTP/1.1 200 OK"
2025-04-06 10:17:13,840 - httpx - INFO - HTTP Request: POST https://api.telegram.org/bot7209418219:AAG3PCfMo53ocGGHYov1O04kzn56OKUhcP4/getUpdates "HTTP/1.1 200 OK"
2025-04-06 10:17:23,962 - httpx - INFO - HTTP Request: POST https://api.telegram.org/bot7209418219:AAG3PCfMo53ocGGHYov1O04kzn56OKUhcP4/getUpdates "HTTP/1.1 200 OK"
2025-04-06 10:17:31,252 - httpx - INFO - HTTP Request: POST https://api.telegram.org/bot7209418219:AAG3PCfMo53ocGGHYov1O04kzn56OKUhcP4/getUpdates "HTTP/1.1 200 OK"
2025-04-06 10:17:31,253 - telegram.ext.Application - INFO - Application is stopping. This might take a moment.
2025-04-06 10:17:31,253 - telegram.ext.Application - INFO - Application.stop() complete
2025-04-06 10:17:31,821 - root - INFO - Bot started!
2025-04-06 10:17:32,191 - httpx - INFO - HTTP Request: POST https://api.telegram.org/bot7209418219:AAG3PCfMo53ocGGHYov1O04kzn56OKUhcP4/getMe "HTTP/1.1 200 OK"
2025-04-06 10:17:32,310 - httpx - INFO - HTTP Request: POST https://api.telegram.org/bot7209418219:AAG3PCfMo53ocGGHYov1O04kzn56OKUhcP4/deleteWebhook "HTTP/1.1 200 OK"
2025-04-06 10:17:32,312 - telegram.ext.Application - INFO - Application started
2025-04-06 10:17:42,664 - httpx - INFO - HTTP Request: POST https://api.telegram.org/bot7209418219:AAG3PCfMo53ocGGHYov1O04kzn56OKUhcP4/getUpdates "HTTP/1.1 200 OK"
2025-04-06 10:17:52,782 - httpx - INFO - HTTP Request: POST https://api.telegram.org/bot7209418219:AAG3PCfMo53ocGGHYov1O04kzn56OKUhcP4/getUpdates "HTTP/1.1 200 OK"
2025-04-06 10:18:02,900 - httpx - INFO - HTTP Request: POST https://api.telegram.org/bot7209418219:AAG3PCfMo53ocGGHYov1O04kzn56OKUhcP4/getUpdates "HTTP/1.1 200 OK"
2025-04-06 10:18:13,018 - httpx - INFO - HTTP Request: POST https://api.telegram.org/bot7209418219:AAG3PCfMo53ocGGHYov1O04kzn56OKUhcP4/getUpdates "HTTP/1.1 200 OK"
2025-04-06 10:18:23,136 - httpx - INFO - HTTP Request: POST https://api.telegram.org/bot7209418219:AAG3PCfMo53ocGGHYov1O04kzn56OKUhcP4/getUpdates "HTTP/1.1 200 OK"
2025-04-06 10:18:33,254 - httpx - INFO - HTTP Request: POST https://api.telegram.org/bot7209418219:AAG3PCfMo53ocGGHYov1O04kzn56OKUhcP4/getUpdates "HTTP/1.1 200 OK"
2025-04-06 10:18:43,374 - httpx - INFO - HTTP Request: POST https://api.telegram.org/bot7209418219:AAG3PCfMo53ocGGHYov1O04kzn56OKUhcP4/getUpdates "HTTP/1.1 200 OK"
2025-04-06 10:18:53,492 - httpx - INFO - HTTP Request: POST https://api.telegram.org/bot7209418219:AAG3PCfMo53ocGGHYov1O04kzn56OKUhcP4/getUpdates "HTTP/1.1 200 OK"
2025-04-06 10:19:03,613 - httpx - INFO - HTTP Request: POST https://api.telegram.org/bot7209418219:AAG3PCfMo53ocGGHYov1O04kzn56OKUhcP4/getUpdates "HTTP/1.1 200 OK"
2025-04-06 10:19:13,731 - httpx - INFO - HTTP Request: POST https://api.telegram.org/bot7209418219:AAG3PCfMo53ocGGHYov1O04kzn56OKUhcP4/getUpdates "HTTP/1.1 200 OK"
2025-04-06 10:19:23,849 - httpx - INFO - HTTP Request: POST https://api.telegram.org/bot7209418219:AAG3PCfMo53ocGGHYov1O04kzn56OKUhcP4/getUpdates "HTTP/1.1 200 OK"
2025-04-06 10:19:33,967 - httpx - INFO - HTTP Request: POST https://api.telegram.org/bot7209418219:AAG3PCfMo53ocGGHYov1O04kzn56OKUhcP4/getUpdates "HTTP/1.1 200 OK"
2025-04-06 10:19:36,708 - httpx - INFO - HTTP Request: POST https://api.telegram.org/bot7209418219:AAG3PCfMo53ocGGHYov1O04kzn56OKUhcP4/getUpdates "HTTP/1.1 200 OK"
2025-04-06 10:19:46,827 - httpx - INFO - HTTP Request: POST https://api.telegram.org/bot7209418219:AAG3PCfMo53ocGGHYov1O04kzn56OKUhcP4/getUpdates "HTTP/1.1 200 OK"
2025-04-06 10:19:47,657 - httpx - INFO - HTTP Request: POST https://api.telegram.org/bot7209418219:AAG3PCfMo53ocGGHYov1O04kzn56OKUhcP4/getUpdates "HTTP/1.1 200 OK"
2025-04-06 10:19:50,372 - httpx - INFO - HTTP Request: POST https://api.telegram.org/bot7209418219:AAG3PCfMo53ocGGHYov1O04kzn56OKUhcP4/getUpdates "HTTP/1.1 200 OK"
2025-04-06 10:19:50,839 - httpx - INFO - HTTP Request: POST https://api.telegram.org/bot7209418219:AAG3PCfMo53ocGGHYov1O04kzn56OKUhcP4/sendMessage "HTTP/1.1 200 OK"
2025-04-06 10:19:56,753 - httpx - INFO - HTTP Request: POST https://api.telegram.org/bot7209418219:AAG3PCfMo53ocGGHYov1O04kzn56OKUhcP4/getUpdates "HTTP/1.1 200 OK"
2025-04-06 10:19:56,754 - conversation_handler - INFO - User 1159603709 replied to the bot in a group chat
2025-04-06 10:19:57,119 - httpx - INFO - HTTP Request: POST https://api.telegram.org/bot7209418219:AAG3PCfMo53ocGGHYov1O04kzn56OKUhcP4/sendChatAction "HTTP/1.1 200 OK"
2025-04-06 10:20:00,697 - httpx - INFO - HTTP Request: POST https://api.telegram.org/bot7209418219:AAG3PCfMo53ocGGHYov1O04kzn56OKUhcP4/sendMessage "HTTP/1.1 200 OK"
2025-04-06 10:20:06,873 - httpx - INFO - HTTP Request: POST https://api.telegram.org/bot7209418219:AAG3PCfMo53ocGGHYov1O04kzn56OKUhcP4/getUpdates "HTTP/1.1 200 OK"
2025-04-06 10:20:16,996 - httpx - INFO - HTTP Request: POST https://api.telegram.org/bot7209418219:AAG3PCfMo53ocGGHYov1O04kzn56OKUhcP4/getUpdates "HTTP/1.1 200 OK"
2025-04-06 10:20:27,118 - httpx - INFO - HTTP Request: POST https://api.telegram.org/bot7209418219:AAG3PCfMo53ocGGHYov1O04kzn56OKUhcP4/getUpdates "HTTP/1.1 200 OK"
2025-04-06 10:20:37,237 - httpx - INFO - HTTP Request: POST https://api.telegram.org/bot7209418219:AAG3PCfMo53ocGGHYov1O04kzn56OKUhcP4/getUpdates "HTTP/1.1 200 OK"
2025-04-06 10:20:47,355 - httpx - INFO - HTTP Request: POST https://api.telegram.org/bot7209418219:AAG3PCfMo53ocGGHYov1O04kzn56OKUhcP4/getUpdates "HTTP/1.1 200 OK"
2025-04-06 10:20:57,489 - httpx - INFO - HTTP Request: POST https://api.telegram.org/bot7209418219:AAG3PCfMo53ocGGHYov1O04kzn56OKUhcP4/getUpdates "HTTP/1.1 200 OK"
2025-04-06 10:21:07,607 - httpx - INFO - HTTP Request: POST https://api.telegram.org/bot7209418219:AAG3PCfMo53ocGGHYov1O04kzn56OKUhcP4/getUpdates "HTTP/1.1 200 OK"
2025-04-06 10:21:16,966 - httpx - INFO - HTTP Request: POST https://api.telegram.org/bot7209418219:AAG3PCfMo53ocGGHYov1O04kzn56OKUhcP4/getUpdates "HTTP/1.1 200 OK"
2025-04-06 10:21:16,967 - telegram.ext.Application - INFO - Application is stopping. This might take a moment.
2025-04-06 10:21:16,967 - telegram.ext.Application - INFO - Application.stop() complete
2025-04-06 10:21:17,816 - root - INFO - Bot started!
2025-04-06 10:21:18,192 - httpx - INFO - HTTP Request: POST https://api.telegram.org/bot7209418219:AAG3PCfMo53ocGGHYov1O04kzn56OKUhcP4/getMe "HTTP/1.1 200 OK"
2025-04-06 10:21:18,310 - httpx - INFO - HTTP Request: POST https://api.telegram.org/bot7209418219:AAG3PCfMo53ocGGHYov1O04kzn56OKUhcP4/deleteWebhook "HTTP/1.1 200 OK"
2025-04-06 10:21:18,312 - telegram.ext.Application - INFO - Application started
2025-04-06 10:21:28,665 - httpx - INFO - HTTP Request: POST https://api.telegram.org/bot7209418219:AAG3PCfMo53ocGGHYov1O04kzn56OKUhcP4/getUpdates "HTTP/1.1 200 OK"
2025-04-06 10:21:38,784 - httpx - INFO - HTTP Request: POST https://api.telegram.org/bot7209418219:AAG3PCfMo53ocGGHYov1O04kzn56OKUhcP4/getUpdates "HTTP/1.1 200 OK"
2025-04-06 10:21:48,902 - httpx - INFO - HTTP Request: POST https://api.telegram.org/bot7209418219:AAG3PCfMo53ocGGHYov1O04kzn56OKUhcP4/getUpdates "HTTP/1.1 200 OK"
2025-04-06 10:21:59,021 - httpx - INFO - HTTP Request: POST https://api.telegram.org/bot7209418219:AAG3PCfMo53ocGGHYov1O04kzn56OKUhcP4/getUpdates "HTTP/1.1 200 OK"
2025-04-06 10:22:07,573 - httpx - INFO - HTTP Request: POST https://api.telegram.org/bot7209418219:AAG3PCfMo53ocGGHYov1O04kzn56OKUhcP4/getUpdates "HTTP/1.1 200 OK"
2025-04-06 10:22:07,576 - conversation_handler - INFO - User 1159603709 replied to the bot in a group chat
2025-04-06 10:22:07,946 - httpx - INFO - HTTP Request: POST https://api.telegram.org/bot7209418219:AAG3PCfMo53ocGGHYov1O04kzn56OKUhcP4/sendChatAction "HTTP/1.1 200 OK"
2025-04-06 10:22:10,535 - httpx - INFO - HTTP Request: POST https://api.telegram.org/bot7209418219:AAG3PCfMo53ocGGHYov1O04kzn56OKUhcP4/sendMessage "HTTP/1.1 200 OK"
2025-04-06 10:22:17,694 - httpx - INFO - HTTP Request: POST https://api.telegram.org/bot7209418219:AAG3PCfMo53ocGGHYov1O04kzn56OKUhcP4/getUpdates "HTTP/1.1 200 OK"
2025-04-06 10:22:27,812 - httpx - INFO - HTTP Request: POST https://api.telegram.org/bot7209418219:AAG3PCfMo53ocGGHYov1O04kzn56OKUhcP4/getUpdates "HTTP/1.1 200 OK"
2025-04-06 10:22:31,398 - httpx - INFO - HTTP Request: POST https://api.telegram.org/bot7209418219:AAG3PCfMo53ocGGHYov1O04kzn56OKUhcP4/getUpdates "HTTP/1.1 200 OK"
2025-04-06 10:22:31,399 - telegram.ext.Application - INFO - Application is stopping. This might take a moment.
2025-04-06 10:22:31,399 - telegram.ext.Application - INFO - Application.stop() complete
2025-04-06 10:22:32,094 - root - INFO - Bot started!
2025-04-06 10:22:32,458 - httpx - INFO - HTTP Request: POST https://api.telegram.org/bot7209418219:AAG3PCfMo53ocGGHYov1O04kzn56OKUhcP4/getMe "HTTP/1.1 200 OK"
2025-04-06 10:22:32,576 - httpx - INFO - HTTP Request: POST https://api.telegram.org/bot7209418219:AAG3PCfMo53ocGGHYov1O04kzn56OKUhcP4/deleteWebhook "HTTP/1.1 200 OK"
2025-04-06 10:22:32,578 - telegram.ext.Application - INFO - Application started
2025-04-06 10:22:42,931 - httpx - INFO - HTTP Request: POST https://api.telegram.org/bot7209418219:AAG3PCfMo53ocGGHYov1O04kzn56OKUhcP4/getUpdates "HTTP/1.1 200 OK"
2025-04-06 10:22:53,051 - httpx - INFO - HTTP Request: POST https://api.telegram.org/bot7209418219:AAG3PCfMo53ocGGHYov1O04kzn56OKUhcP4/getUpdates "HTTP/1.1 200 OK"
2025-04-06 10:23:03,169 - httpx - INFO - HTTP Request: POST https://api.telegram.org/bot7209418219:AAG3PCfMo53ocGGHYov1O04kzn56OKUhcP4/getUpdates "HTTP/1.1 200 OK"
2025-04-06 10:23:11,489 - httpx - INFO - HTTP Request: POST https://api.telegram.org/bot7209418219:AAG3PCfMo53ocGGHYov1O04kzn56OKUhcP4/getUpdates "HTTP/1.1 200 OK"
2025-04-06 10:23:11,491 - conversation_handler - INFO - User 1159603709 replied to the bot in a group chat
2025-04-06 10:23:11,868 - httpx - INFO - HTTP Request: POST https://api.telegram.org/bot7209418219:AAG3PCfMo53ocGGHYov1O04kzn56OKUhcP4/sendChatAction "HTTP/1.1 200 OK"
2025-04-06 10:23:14,847 - httpx - INFO - HTTP Request: POST https://api.telegram.org/bot7209418219:AAG3PCfMo53ocGGHYov1O04kzn56OKUhcP4/sendMessage "HTTP/1.1 200 OK"
2025-04-06 10:23:21,615 - httpx - INFO - HTTP Request: POST https://api.telegram.org/bot7209418219:AAG3PCfMo53ocGGHYov1O04kzn56OKUhcP4/getUpdates "HTTP/1.1 200 OK"
2025-04-06 10:23:31,733 - httpx - INFO - HTTP Request: POST https://api.telegram.org/bot7209418219:AAG3PCfMo53ocGGHYov1O04kzn56OKUhcP4/getUpdates "HTTP/1.1 200 OK"
2025-04-06 10:23:34,758 - httpx - INFO - HTTP Request: POST https://api.telegram.org/bot7209418219:AAG3PCfMo53ocGGHYov1O04kzn56OKUhcP4/getUpdates "HTTP/1.1 200 OK"
2025-04-06 10:23:34,760 - conversation_handler - INFO - User 1159603709 replied to the bot in a group chat
2025-04-06 10:23:35,133 - httpx - INFO - HTTP Request: POST https://api.telegram.org/bot7209418219:AAG3PCfMo53ocGGHYov1O04kzn56OKUhcP4/sendChatAction "HTTP/1.1 200 OK"
2025-04-06 10:23:38,420 - httpx - INFO - HTTP Request: POST https://api.telegram.org/bot7209418219:AAG3PCfMo53ocGGHYov1O04kzn56OKUhcP4/sendMessage "HTTP/1.1 200 OK"
2025-04-06 10:23:44,882 - httpx - INFO - HTTP Request: POST https://api.telegram.org/bot7209418219:AAG3PCfMo53ocGGHYov1O04kzn56OKUhcP4/getUpdates "HTTP/1.1 200 OK"
2025-04-06 10:23:55,002 - httpx - INFO - HTTP Request: POST https://api.telegram.org/bot7209418219:AAG3PCfMo53ocGGHYov1O04kzn56OKUhcP4/getUpdates "HTTP/1.1 200 OK"
2025-04-06 10:24:02,519 - httpx - INFO - HTTP Request: POST https://api.telegram.org/bot7209418219:AAG3PCfMo53ocGGHYov1O04kzn56OKUhcP4/getUpdates "HTTP/1.1 200 OK"
2025-04-06 10:24:07,691 - httpx - INFO - HTTP Request: POST https://api.telegram.org/bot7209418219:AAG3PCfMo53ocGGHYov1O04kzn56OKUhcP4/getUpdates "HTTP/1.1 200 OK"
2025-04-06 10:24:08,193 - httpx - INFO - HTTP Request: POST https://api.telegram.org/bot7209418219:AAG3PCfMo53ocGGHYov1O04kzn56OKUhcP4/sendMessage "HTTP/1.1 200 OK"
2025-04-06 10:24:16,310 - httpx - INFO - HTTP Request: POST https://api.telegram.org/bot7209418219:AAG3PCfMo53ocGGHYov1O04kzn56OKUhcP4/getUpdates "HTTP/1.1 200 OK"
2025-04-06 10:24:17,105 - httpx - INFO - HTTP Request: POST https://api.telegram.org/bot7209418219:AAG3PCfMo53ocGGHYov1O04kzn56OKUhcP4/sendMessage "HTTP/1.1 200 OK"
2025-04-06 10:24:26,430 - httpx - INFO - HTTP Request: POST https://api.telegram.org/bot7209418219:AAG3PCfMo53ocGGHYov1O04kzn56OKUhcP4/getUpdates "HTTP/1.1 200 OK"
2025-04-06 10:24:36,550 - httpx - INFO - HTTP Request: POST https://api.telegram.org/bot7209418219:AAG3PCfMo53ocGGHYov1O04kzn56OKUhcP4/getUpdates "HTTP/1.1 200 OK"
2025-04-06 10:24:46,669 - httpx - INFO - HTTP Request: POST https://api.telegram.org/bot7209418219:AAG3PCfMo53ocGGHYov1O04kzn56OKUhcP4/getUpdates "HTTP/1.1 200 OK"
2025-04-06 10:24:56,790 - httpx - INFO - HTTP Request: POST https://api.telegram.org/bot7209418219:AAG3PCfMo53ocGGHYov1O04kzn56OKUhcP4/getUpdates "HTTP/1.1 200 OK"
2025-04-06 10:25:06,917 - httpx - INFO - HTTP Request: POST https://api.telegram.org/bot7209418219:AAG3PCfMo53ocGGHYov1O04kzn56OKUhcP4/getUpdates "HTTP/1.1 200 OK"
2025-04-06 10:25:09,918 - httpx - INFO - HTTP Request: POST https://api.telegram.org/bot7209418219:AAG3PCfMo53ocGGHYov1O04kzn56OKUhcP4/getUpdates "HTTP/1.1 200 OK"
2025-04-06 10:25:10,348 - httpx - INFO - HTTP Request: POST https://api.telegram.org/bot7209418219:AAG3PCfMo53ocGGHYov1O04kzn56OKUhcP4/sendMessage "HTTP/1.1 200 OK"
2025-04-06 10:25:11,729 - httpx - INFO - HTTP Request: POST https://api.telegram.org/bot7209418219:AAG3PCfMo53ocGGHYov1O04kzn56OKUhcP4/getUpdates "HTTP/1.1 200 OK"
2025-04-06 10:25:11,858 - httpx - INFO - HTTP Request: POST https://api.telegram.org/bot7209418219:AAG3PCfMo53ocGGHYov1O04kzn56OKUhcP4/answerCallbackQuery "HTTP/1.1 200 OK"
2025-04-06 10:25:12,021 - httpx - INFO - HTTP Request: POST https://api.telegram.org/bot7209418219:AAG3PCfMo53ocGGHYov1O04kzn56OKUhcP4/editMessageText "HTTP/1.1 200 OK"
2025-04-06 10:25:19,886 - httpx - INFO - HTTP Request: POST https://api.telegram.org/bot7209418219:AAG3PCfMo53ocGGHYov1O04kzn56OKUhcP4/getUpdates "HTTP/1.1 200 OK"
2025-04-06 10:25:19,887 - conversation_handler - INFO - User 1159603709 replied to the bot in a group chat
2025-04-06 10:25:20,254 - httpx - INFO - HTTP Request: POST https://api.telegram.org/bot7209418219:AAG3PCfMo53ocGGHYov1O04kzn56OKUhcP4/sendChatAction "HTTP/1.1 200 OK"
2025-04-06 10:25:22,872 - httpx - INFO - HTTP Request: POST https://api.telegram.org/bot7209418219:AAG3PCfMo53ocGGHYov1O04kzn56OKUhcP4/sendMessage "HTTP/1.1 200 OK"
2025-04-06 10:25:30,005 - httpx - INFO - HTTP Request: POST https://api.telegram.org/bot7209418219:AAG3PCfMo53ocGGHYov1O04kzn56OKUhcP4/getUpdates "HTTP/1.1 200 OK"
2025-04-06 10:25:40,123 - httpx - INFO - HTTP Request: POST https://api.telegram.org/bot7209418219:AAG3PCfMo53ocGGHYov1O04kzn56OKUhcP4/getUpdates "HTTP/1.1 200 OK"
2025-04-06 10:25:49,112 - httpx - INFO - HTTP Request: POST https://api.telegram.org/bot7209418219:AAG3PCfMo53ocGGHYov1O04kzn56OKUhcP4/getUpdates "HTTP/1.1 200 OK"
2025-04-06 10:25:49,114 - conversation_handler - INFO - User 1159603709 replied to the bot in a group chat
2025-04-06 10:25:49,482 - httpx - INFO - HTTP Request: POST https://api.telegram.org/bot7209418219:AAG3PCfMo53ocGGHYov1O04kzn56OKUhcP4/sendChatAction "HTTP/1.1 200 OK"
2025-04-06 10:25:51,748 - httpx - INFO - HTTP Request: POST https://api.telegram.org/bot7209418219:AAG3PCfMo53ocGGHYov1O04kzn56OKUhcP4/sendMessage "HTTP/1.1 200 OK"
2025-04-06 10:25:59,234 - httpx - INFO - HTTP Request: POST https://api.telegram.org/bot7209418219:AAG3PCfMo53ocGGHYov1O04kzn56OKUhcP4/getUpdates "HTTP/1.1 200 OK"
2025-04-06 10:26:09,351 - httpx - INFO - HTTP Request: POST https://api.telegram.org/bot7209418219:AAG3PCfMo53ocGGHYov1O04kzn56OKUhcP4/getUpdates "HTTP/1.1 200 OK"
2025-04-06 10:26:19,471 - httpx - INFO - HTTP Request: POST https://api.telegram.org/bot7209418219:AAG3PCfMo53ocGGHYov1O04kzn56OKUhcP4/getUpdates "HTTP/1.1 200 OK"
2025-04-06 10:26:29,592 - httpx - INFO - HTTP Request: POST https://api.telegram.org/bot7209418219:AAG3PCfMo53ocGGHYov1O04kzn56OKUhcP4/getUpdates "HTTP/1.1 200 OK"
2025-04-06 10:26:35,712 - httpx - INFO - HTTP Request: POST https://api.telegram.org/bot7209418219:AAG3PCfMo53ocGGHYov1O04kzn56OKUhcP4/getUpdates "HTTP/1.1 200 OK"
2025-04-06 10:26:35,713 - conversation_handler - INFO - User 1159603709 replied to the bot in a group chat
2025-04-06 10:26:36,090 - httpx - INFO - HTTP Request: POST https://api.telegram.org/bot7209418219:AAG3PCfMo53ocGGHYov1O04kzn56OKUhcP4/sendChatAction "HTTP/1.1 200 OK"
2025-04-06 10:26:38,729 - httpx - INFO - HTTP Request: POST https://api.telegram.org/bot7209418219:AAG3PCfMo53ocGGHYov1O04kzn56OKUhcP4/sendMessage "HTTP/1.1 200 OK"
2025-04-06 10:26:45,833 - httpx - INFO - HTTP Request: POST https://api.telegram.org/bot7209418219:AAG3PCfMo53ocGGHYov1O04kzn56OKUhcP4/getUpdates "HTTP/1.1 200 OK"
2025-04-06 10:26:55,691 - httpx - INFO - HTTP Request: POST https://api.telegram.org/bot7209418219:AAG3PCfMo53ocGGHYov1O04kzn56OKUhcP4/getUpdates "HTTP/1.1 200 OK"
2025-04-06 10:26:55,693 - conversation_handler - INFO - User 1159603709 replied to the bot in a group chat
2025-04-06 10:26:56,088 - httpx - INFO - HTTP Request: POST https://api.telegram.org/bot7209418219:AAG3PCfMo53ocGGHYov1O04kzn56OKUhcP4/sendChatAction "HTTP/1.1 200 OK"
2025-04-06 10:26:59,781 - httpx - INFO - HTTP Request: POST https://api.telegram.org/bot7209418219:AAG3PCfMo53ocGGHYov1O04kzn56OKUhcP4/sendMessage "HTTP/1.1 200 OK"
2025-04-06 10:27:05,811 - httpx - INFO - HTTP Request: POST https://api.telegram.org/bot7209418219:AAG3PCfMo53ocGGHYov1O04kzn56OKUhcP4/getUpdates "HTTP/1.1 200 OK"
2025-04-06 10:27:11,093 - httpx - INFO - HTTP Request: POST https://api.telegram.org/bot7209418219:AAG3PCfMo53ocGGHYov1O04kzn56OKUhcP4/getUpdates "HTTP/1.1 200 OK"
2025-04-06 10:27:11,095 - conversation_handler - INFO - User 1159603709 replied to the bot in a group chat
2025-04-06 10:27:11,528 - httpx - INFO - HTTP Request: POST https://api.telegram.org/bot7209418219:AAG3PCfMo53ocGGHYov1O04kzn56OKUhcP4/sendChatAction "HTTP/1.1 200 OK"
2025-04-06 10:27:14,235 - httpx - INFO - HTTP Request: POST https://api.telegram.org/bot7209418219:AAG3PCfMo53ocGGHYov1O04kzn56OKUhcP4/sendMessage "HTTP/1.1 200 OK"
2025-04-06 10:27:21,214 - httpx - INFO - HTTP Request: POST https://api.telegram.org/bot7209418219:AAG3PCfMo53ocGGHYov1O04kzn56OKUhcP4/getUpdates "HTTP/1.1 200 OK"
2025-04-06 10:27:31,333 - httpx - INFO - HTTP Request: POST https://api.telegram.org/bot7209418219:AAG3PCfMo53ocGGHYov1O04kzn56OKUhcP4/getUpdates "HTTP/1.1 200 OK"
2025-04-06 10:27:31,495 - httpx - INFO - HTTP Request: POST https://api.telegram.org/bot7209418219:AAG3PCfMo53ocGGHYov1O04kzn56OKUhcP4/getUpdates "HTTP/1.1 200 OK"
2025-04-06 10:27:31,496 - conversation_handler - INFO - User 1159603709 replied to the bot in a group chat
2025-04-06 10:27:31,997 - httpx - INFO - HTTP Request: POST https://api.telegram.org/bot7209418219:AAG3PCfMo53ocGGHYov1O04kzn56OKUhcP4/sendChatAction "HTTP/1.1 200 OK"
2025-04-06 10:27:34,620 - httpx - INFO - HTTP Request: POST https://api.telegram.org/bot7209418219:AAG3PCfMo53ocGGHYov1O04kzn56OKUhcP4/sendMessage "HTTP/1.1 200 OK"
2025-04-06 10:27:41,616 - httpx - INFO - HTTP Request: POST https://api.telegram.org/bot7209418219:AAG3PCfMo53ocGGHYov1O04kzn56OKUhcP4/getUpdates "HTTP/1.1 200 OK"
2025-04-06 10:27:42,889 - httpx - INFO - HTTP Request: POST https://api.telegram.org/bot7209418219:AAG3PCfMo53ocGGHYov1O04kzn56OKUhcP4/getUpdates "HTTP/1.1 200 OK"
2025-04-06 10:27:42,891 - conversation_handler - INFO - User 1159603709 replied to the bot in a group chat
2025-04-06 10:27:43,332 - httpx - INFO - HTTP Request: POST https://api.telegram.org/bot7209418219:AAG3PCfMo53ocGGHYov1O04kzn56OKUhcP4/sendChatAction "HTTP/1.1 200 OK"
2025-04-06 10:27:53,014 - httpx - INFO - HTTP Request: POST https://api.telegram.org/bot7209418219:AAG3PCfMo53ocGGHYov1O04kzn56OKUhcP4/getUpdates "HTTP/1.1 200 OK"
2025-04-06 10:27:53,268 - httpx - INFO - HTTP Request: POST https://api.telegram.org/bot7209418219:AAG3PCfMo53ocGGHYov1O04kzn56OKUhcP4/sendMessage "HTTP/1.1 200 OK"
2025-04-06 10:28:03,135 - httpx - INFO - HTTP Request: POST https://api.telegram.org/bot7209418219:AAG3PCfMo53ocGGHYov1O04kzn56OKUhcP4/getUpdates "HTTP/1.1 200 OK"
2025-04-06 10:28:13,253 - httpx - INFO - HTTP Request: POST https://api.telegram.org/bot7209418219:AAG3PCfMo53ocGGHYov1O04kzn56OKUhcP4/getUpdates "HTTP/1.1 200 OK"
2025-04-06 10:28:14,473 - httpx - INFO - HTTP Request: POST https://api.telegram.org/bot7209418219:AAG3PCfMo53ocGGHYov1O04kzn56OKUhcP4/getUpdates "HTTP/1.1 200 OK"
2025-04-06 10:28:14,475 - conversation_handler - INFO - User 1159603709 replied to the bot in a group chat
2025-04-06 10:28:14,845 - httpx - INFO - HTTP Request: POST https://api.telegram.org/bot7209418219:AAG3PCfMo53ocGGHYov1O04kzn56OKUhcP4/sendChatAction "HTTP/1.1 200 OK"
2025-04-06 10:28:24,597 - httpx - INFO - HTTP Request: POST https://api.telegram.org/bot7209418219:AAG3PCfMo53ocGGHYov1O04kzn56OKUhcP4/getUpdates "HTTP/1.1 200 OK"
2025-04-06 10:28:24,762 - httpx - INFO - HTTP Request: POST https://api.telegram.org/bot7209418219:AAG3PCfMo53ocGGHYov1O04kzn56OKUhcP4/sendMessage "HTTP/1.1 200 OK"
2025-04-06 10:28:34,718 - httpx - INFO - HTTP Request: POST https://api.telegram.org/bot7209418219:AAG3PCfMo53ocGGHYov1O04kzn56OKUhcP4/getUpdates "HTTP/1.1 200 OK"
2025-04-06 10:28:40,128 - httpx - INFO - HTTP Request: POST https://api.telegram.org/bot7209418219:AAG3PCfMo53ocGGHYov1O04kzn56OKUhcP4/getUpdates "HTTP/1.1 200 OK"
2025-04-06 10:28:40,129 - conversation_handler - INFO - User 1159603709 replied to the bot in a group chat
2025-04-06 10:28:40,497 - httpx - INFO - HTTP Request: POST https://api.telegram.org/bot7209418219:AAG3PCfMo53ocGGHYov1O04kzn56OKUhcP4/sendChatAction "HTTP/1.1 200 OK"
2025-04-06 10:28:50,253 - httpx - INFO - HTTP Request: POST https://api.telegram.org/bot7209418219:AAG3PCfMo53ocGGHYov1O04kzn56OKUhcP4/getUpdates "HTTP/1.1 200 OK"
2025-04-06 10:28:50,508 - httpx - INFO - HTTP Request: POST https://api.telegram.org/bot7209418219:AAG3PCfMo53ocGGHYov1O04kzn56OKUhcP4/sendMessage "HTTP/1.1 200 OK"
2025-04-06 10:29:00,371 - httpx - INFO - HTTP Request: POST https://api.telegram.org/bot7209418219:AAG3PCfMo53ocGGHYov1O04kzn56OKUhcP4/getUpdates "HTTP/1.1 200 OK"
2025-04-06 10:29:10,489 - httpx - INFO - HTTP Request: POST https://api.telegram.org/bot7209418219:AAG3PCfMo53ocGGHYov1O04kzn56OKUhcP4/getUpdates "HTTP/1.1 200 OK"
2025-04-06 10:29:20,608 - httpx - INFO - HTTP Request: POST https://api.telegram.org/bot7209418219:AAG3PCfMo53ocGGHYov1O04kzn56OKUhcP4/getUpdates "HTTP/1.1 200 OK"
2025-04-06 10:29:24,641 - httpx - INFO - HTTP Request: POST https://api.telegram.org/bot7209418219:AAG3PCfMo53ocGGHYov1O04kzn56OKUhcP4/getUpdates "HTTP/1.1 200 OK"
2025-04-06 10:29:24,643 - conversation_handler - INFO - User 1159603709 replied to the bot in a group chat
2025-04-06 10:29:25,024 - httpx - INFO - HTTP Request: POST https://api.telegram.org/bot7209418219:AAG3PCfMo53ocGGHYov1O04kzn56OKUhcP4/sendChatAction "HTTP/1.1 200 OK"
2025-04-06 10:29:34,761 - httpx - INFO - HTTP Request: POST https://api.telegram.org/bot7209418219:AAG3PCfMo53ocGGHYov1O04kzn56OKUhcP4/getUpdates "HTTP/1.1 200 OK"
2025-04-06 10:29:35,173 - httpx - INFO - HTTP Request: POST https://api.telegram.org/bot7209418219:AAG3PCfMo53ocGGHYov1O04kzn56OKUhcP4/sendMessage "HTTP/1.1 200 OK"
2025-04-06 10:29:44,882 - httpx - INFO - HTTP Request: POST https://api.telegram.org/bot7209418219:AAG3PCfMo53ocGGHYov1O04kzn56OKUhcP4/getUpdates "HTTP/1.1 200 OK"
2025-04-06 10:29:50,582 - httpx - INFO - HTTP Request: POST https://api.telegram.org/bot7209418219:AAG3PCfMo53ocGGHYov1O04kzn56OKUhcP4/getUpdates "HTTP/1.1 200 OK"
2025-04-06 10:29:50,584 - conversation_handler - INFO - User 1159603709 replied to the bot in a group chat
2025-04-06 10:29:50,959 - httpx - INFO - HTTP Request: POST https://api.telegram.org/bot7209418219:AAG3PCfMo53ocGGHYov1O04kzn56OKUhcP4/sendChatAction "HTTP/1.1 200 OK"
2025-04-06 10:29:56,258 - root - INFO - Bot started!
2025-04-06 10:29:56,631 - httpx - INFO - HTTP Request: POST https://api.telegram.org/bot7209418219:AAG3PCfMo53ocGGHYov1O04kzn56OKUhcP4/getMe "HTTP/1.1 200 OK"
2025-04-06 10:29:56,750 - httpx - INFO - HTTP Request: POST https://api.telegram.org/bot7209418219:AAG3PCfMo53ocGGHYov1O04kzn56OKUhcP4/deleteWebhook "HTTP/1.1 200 OK"
2025-04-06 10:29:56,751 - telegram.ext.Application - INFO - Application started
2025-04-06 10:30:07,107 - httpx - INFO - HTTP Request: POST https://api.telegram.org/bot7209418219:AAG3PCfMo53ocGGHYov1O04kzn56OKUhcP4/getUpdates "HTTP/1.1 200 OK"
2025-04-06 10:30:17,229 - httpx - INFO - HTTP Request: POST https://api.telegram.org/bot7209418219:AAG3PCfMo53ocGGHYov1O04kzn56OKUhcP4/getUpdates "HTTP/1.1 200 OK"
2025-04-06 10:30:27,348 - httpx - INFO - HTTP Request: POST https://api.telegram.org/bot7209418219:AAG3PCfMo53ocGGHYov1O04kzn56OKUhcP4/getUpdates "HTTP/1.1 200 OK"
2025-04-06 10:30:37,467 - httpx - INFO - HTTP Request: POST https://api.telegram.org/bot7209418219:AAG3PCfMo53ocGGHYov1O04kzn56OKUhcP4/getUpdates "HTTP/1.1 200 OK"
2025-04-06 10:30:44,752 - httpx - INFO - HTTP Request: POST https://api.telegram.org/bot7209418219:AAG3PCfMo53ocGGHYov1O04kzn56OKUhcP4/getUpdates "HTTP/1.1 200 OK"
2025-04-06 10:30:45,364 - httpx - INFO - HTTP Request: POST https://api.telegram.org/bot7209418219:AAG3PCfMo53ocGGHYov1O04kzn56OKUhcP4/sendMessage "HTTP/1.1 200 OK"
2025-04-06 10:30:53,862 - httpx - INFO - HTTP Request: POST https://api.telegram.org/bot7209418219:AAG3PCfMo53ocGGHYov1O04kzn56OKUhcP4/getUpdates "HTTP/1.1 200 OK"
2025-04-06 10:30:53,865 - conversation_handler - INFO - User 1159603709 replied to the bot in a group chat
2025-04-06 10:30:54,240 - httpx - INFO - HTTP Request: POST https://api.telegram.org/bot7209418219:AAG3PCfMo53ocGGHYov1O04kzn56OKUhcP4/sendChatAction "HTTP/1.1 200 OK"
2025-04-06 10:31:04,014 - httpx - INFO - HTTP Request: POST https://api.telegram.org/bot7209418219:AAG3PCfMo53ocGGHYov1O04kzn56OKUhcP4/getUpdates "HTTP/1.1 200 OK"
2025-04-06 10:31:04,710 - httpx - INFO - HTTP Request: POST https://api.telegram.org/bot7209418219:AAG3PCfMo53ocGGHYov1O04kzn56OKUhcP4/sendMessage "HTTP/1.1 200 OK"
2025-04-06 10:31:14,133 - httpx - INFO - HTTP Request: POST https://api.telegram.org/bot7209418219:AAG3PCfMo53ocGGHYov1O04kzn56OKUhcP4/getUpdates "HTTP/1.1 200 OK"
2025-04-06 10:31:24,213 - httpx - INFO - HTTP Request: POST https://api.telegram.org/bot7209418219:AAG3PCfMo53ocGGHYov1O04kzn56OKUhcP4/getUpdates "HTTP/1.1 200 OK"
2025-04-06 10:31:24,214 - conversation_handler - INFO - User 1159603709 replied to the bot in a group chat
2025-04-06 10:31:24,593 - httpx - INFO - HTTP Request: POST https://api.telegram.org/bot7209418219:AAG3PCfMo53ocGGHYov1O04kzn56OKUhcP4/sendChatAction "HTTP/1.1 200 OK"
2025-04-06 10:31:34,351 - httpx - INFO - HTTP Request: POST https://api.telegram.org/bot7209418219:AAG3PCfMo53ocGGHYov1O04kzn56OKUhcP4/getUpdates "HTTP/1.1 200 OK"
2025-04-06 10:31:34,612 - httpx - INFO - HTTP Request: POST https://api.telegram.org/bot7209418219:AAG3PCfMo53ocGGHYov1O04kzn56OKUhcP4/sendMessage "HTTP/1.1 200 OK"
2025-04-06 10:31:44,471 - httpx - INFO - HTTP Request: POST https://api.telegram.org/bot7209418219:AAG3PCfMo53ocGGHYov1O04kzn56OKUhcP4/getUpdates "HTTP/1.1 200 OK"
2025-04-06 10:31:54,601 - httpx - INFO - HTTP Request: POST https://api.telegram.org/bot7209418219:AAG3PCfMo53ocGGHYov1O04kzn56OKUhcP4/getUpdates "HTTP/1.1 200 OK"
2025-04-06 10:32:04,735 - httpx - INFO - HTTP Request: POST https://api.telegram.org/bot7209418219:AAG3PCfMo53ocGGHYov1O04kzn56OKUhcP4/getUpdates "HTTP/1.1 200 OK"
2025-04-06 10:32:06,830 - httpx - INFO - HTTP Request: POST https://api.telegram.org/bot7209418219:AAG3PCfMo53ocGGHYov1O04kzn56OKUhcP4/getUpdates "HTTP/1.1 200 OK"
2025-04-06 10:32:06,831 - conversation_handler - INFO - User 1159603709 replied to the bot in a group chat
2025-04-06 10:32:07,274 - httpx - INFO - HTTP Request: POST https://api.telegram.org/bot7209418219:AAG3PCfMo53ocGGHYov1O04kzn56OKUhcP4/sendChatAction "HTTP/1.1 200 OK"
2025-04-06 10:32:16,951 - httpx - INFO - HTTP Request: POST https://api.telegram.org/bot7209418219:AAG3PCfMo53ocGGHYov1O04kzn56OKUhcP4/getUpdates "HTTP/1.1 200 OK"
2025-04-06 10:32:17,594 - httpx - INFO - HTTP Request: POST https://api.telegram.org/bot7209418219:AAG3PCfMo53ocGGHYov1O04kzn56OKUhcP4/sendMessage "HTTP/1.1 200 OK"
2025-04-06 10:32:27,073 - httpx - INFO - HTTP Request: POST https://api.telegram.org/bot7209418219:AAG3PCfMo53ocGGHYov1O04kzn56OKUhcP4/getUpdates "HTTP/1.1 200 OK"
2025-04-06 10:32:33,407 - httpx - INFO - HTTP Request: POST https://api.telegram.org/bot7209418219:AAG3PCfMo53ocGGHYov1O04kzn56OKUhcP4/getUpdates "HTTP/1.1 200 OK"
2025-04-06 10:32:33,409 - conversation_handler - INFO - User 1159603709 replied to the bot in a group chat
2025-04-06 10:32:33,802 - httpx - INFO - HTTP Request: POST https://api.telegram.org/bot7209418219:AAG3PCfMo53ocGGHYov1O04kzn56OKUhcP4/sendChatAction "HTTP/1.1 200 OK"
2025-04-06 10:32:43,530 - httpx - INFO - HTTP Request: POST https://api.telegram.org/bot7209418219:AAG3PCfMo53ocGGHYov1O04kzn56OKUhcP4/getUpdates "HTTP/1.1 200 OK"
2025-04-06 10:32:44,687 - httpx - INFO - HTTP Request: POST https://api.telegram.org/bot7209418219:AAG3PCfMo53ocGGHYov1O04kzn56OKUhcP4/sendMessage "HTTP/1.1 200 OK"
2025-04-06 10:32:53,041 - httpx - INFO - HTTP Request: POST https://api.telegram.org/bot7209418219:AAG3PCfMo53ocGGHYov1O04kzn56OKUhcP4/getUpdates "HTTP/1.1 200 OK"
2025-04-06 10:32:53,043 - conversation_handler - INFO - User 1159603709 replied to the bot in a group chat
2025-04-06 10:32:53,429 - httpx - INFO - HTTP Request: POST https://api.telegram.org/bot7209418219:AAG3PCfMo53ocGGHYov1O04kzn56OKUhcP4/sendChatAction "HTTP/1.1 200 OK"
2025-04-06 10:33:03,166 - httpx - INFO - HTTP Request: POST https://api.telegram.org/bot7209418219:AAG3PCfMo53ocGGHYov1O04kzn56OKUhcP4/getUpdates "HTTP/1.1 200 OK"
2025-04-06 10:33:04,610 - httpx - INFO - HTTP Request: POST https://api.telegram.org/bot7209418219:AAG3PCfMo53ocGGHYov1O04kzn56OKUhcP4/sendMessage "HTTP/1.1 200 OK"
2025-04-06 10:33:13,294 - httpx - INFO - HTTP Request: POST https://api.telegram.org/bot7209418219:AAG3PCfMo53ocGGHYov1O04kzn56OKUhcP4/getUpdates "HTTP/1.1 200 OK"
2025-04-06 10:33:22,216 - httpx - INFO - HTTP Request: POST https://api.telegram.org/bot7209418219:AAG3PCfMo53ocGGHYov1O04kzn56OKUhcP4/getUpdates "HTTP/1.1 200 OK"
2025-04-06 10:33:22,217 - conversation_handler - INFO - User 1159603709 replied to the bot in a group chat
2025-04-06 10:33:22,593 - httpx - INFO - HTTP Request: POST https://api.telegram.org/bot7209418219:AAG3PCfMo53ocGGHYov1O04kzn56OKUhcP4/sendChatAction "HTTP/1.1 200 OK"
2025-04-06 10:33:32,359 - httpx - INFO - HTTP Request: POST https://api.telegram.org/bot7209418219:AAG3PCfMo53ocGGHYov1O04kzn56OKUhcP4/getUpdates "HTTP/1.1 200 OK"
2025-04-06 10:33:33,328 - httpx - INFO - HTTP Request: POST https://api.telegram.org/bot7209418219:AAG3PCfMo53ocGGHYov1O04kzn56OKUhcP4/sendMessage "HTTP/1.1 200 OK"
2025-04-06 10:33:42,521 - httpx - INFO - HTTP Request: POST https://api.telegram.org/bot7209418219:AAG3PCfMo53ocGGHYov1O04kzn56OKUhcP4/getUpdates "HTTP/1.1 200 OK"
2025-04-06 10:33:52,654 - httpx - INFO - HTTP Request: POST https://api.telegram.org/bot7209418219:AAG3PCfMo53ocGGHYov1O04kzn56OKUhcP4/getUpdates "HTTP/1.1 200 OK"
2025-04-06 10:34:02,776 - httpx - INFO - HTTP Request: POST https://api.telegram.org/bot7209418219:AAG3PCfMo53ocGGHYov1O04kzn56OKUhcP4/getUpdates "HTTP/1.1 200 OK"
2025-04-06 10:34:12,895 - httpx - INFO - HTTP Request: POST https://api.telegram.org/bot7209418219:AAG3PCfMo53ocGGHYov1O04kzn56OKUhcP4/getUpdates "HTTP/1.1 200 OK"
2025-04-06 10:34:23,016 - httpx - INFO - HTTP Request: POST https://api.telegram.org/bot7209418219:AAG3PCfMo53ocGGHYov1O04kzn56OKUhcP4/getUpdates "HTTP/1.1 200 OK"
2025-04-06 10:34:33,136 - httpx - INFO - HTTP Request: POST https://api.telegram.org/bot7209418219:AAG3PCfMo53ocGGHYov1O04kzn56OKUhcP4/getUpdates "HTTP/1.1 200 OK"
2025-04-06 10:34:37,975 - httpx - INFO - HTTP Request: POST https://api.telegram.org/bot7209418219:AAG3PCfMo53ocGGHYov1O04kzn56OKUhcP4/getUpdates "HTTP/1.1 200 OK"
2025-04-06 10:34:37,977 - conversation_handler - INFO - User 6336835164 replied to the bot in a group chat
2025-04-06 10:34:38,348 - httpx - INFO - HTTP Request: POST https://api.telegram.org/bot7209418219:AAG3PCfMo53ocGGHYov1O04kzn56OKUhcP4/sendChatAction "HTTP/1.1 200 OK"
2025-04-06 10:34:41,506 - httpx - INFO - HTTP Request: POST https://api.telegram.org/bot7209418219:AAG3PCfMo53ocGGHYov1O04kzn56OKUhcP4/sendMessage "HTTP/1.1 200 OK"
2025-04-06 10:34:48,097 - httpx - INFO - HTTP Request: POST https://api.telegram.org/bot7209418219:AAG3PCfMo53ocGGHYov1O04kzn56OKUhcP4/getUpdates "HTTP/1.1 200 OK"
2025-04-06 10:34:58,196 - httpx - INFO - HTTP Request: POST https://api.telegram.org/bot7209418219:AAG3PCfMo53ocGGHYov1O04kzn56OKUhcP4/getUpdates "HTTP/1.1 200 OK"
2025-04-06 10:34:58,197 - conversation_handler - INFO - User 1159603709 replied to the bot in a group chat
2025-04-06 10:34:58,631 - httpx - INFO - HTTP Request: POST https://api.telegram.org/bot7209418219:AAG3PCfMo53ocGGHYov1O04kzn56OKUhcP4/sendChatAction "HTTP/1.1 200 OK"
2025-04-06 10:35:08,317 - httpx - INFO - HTTP Request: POST https://api.telegram.org/bot7209418219:AAG3PCfMo53ocGGHYov1O04kzn56OKUhcP4/getUpdates "HTTP/1.1 200 OK"
2025-04-06 10:35:08,590 - httpx - INFO - HTTP Request: POST https://api.telegram.org/bot7209418219:AAG3PCfMo53ocGGHYov1O04kzn56OKUhcP4/getUpdates "HTTP/1.1 200 OK"
2025-04-06 10:35:09,323 - httpx - INFO - HTTP Request: POST https://api.telegram.org/bot7209418219:AAG3PCfMo53ocGGHYov1O04kzn56OKUhcP4/sendMessage "HTTP/1.1 200 OK"
2025-04-06 10:35:14,775 - httpx - INFO - HTTP Request: POST https://api.telegram.org/bot7209418219:AAG3PCfMo53ocGGHYov1O04kzn56OKUhcP4/getUpdates "HTTP/1.1 200 OK"
2025-04-06 10:35:24,896 - httpx - INFO - HTTP Request: POST https://api.telegram.org/bot7209418219:AAG3PCfMo53ocGGHYov1O04kzn56OKUhcP4/getUpdates "HTTP/1.1 200 OK"
2025-04-06 10:35:26,498 - httpx - INFO - HTTP Request: POST https://api.telegram.org/bot7209418219:AAG3PCfMo53ocGGHYov1O04kzn56OKUhcP4/getUpdates "HTTP/1.1 200 OK"
2025-04-06 10:35:26,621 - httpx - INFO - HTTP Request: POST https://api.telegram.org/bot7209418219:AAG3PCfMo53ocGGHYov1O04kzn56OKUhcP4/getUpdates "HTTP/1.1 200 OK"
2025-04-06 10:35:26,623 - conversation_handler - INFO - User 1159603709 replied to the bot in a group chat
2025-04-06 10:35:27,020 - httpx - INFO - HTTP Request: POST https://api.telegram.org/bot7209418219:AAG3PCfMo53ocGGHYov1O04kzn56OKUhcP4/sendChatAction "HTTP/1.1 200 OK"
2025-04-06 10:35:36,771 - httpx - INFO - HTTP Request: POST https://api.telegram.org/bot7209418219:AAG3PCfMo53ocGGHYov1O04kzn56OKUhcP4/getUpdates "HTTP/1.1 200 OK"
2025-04-06 10:35:37,569 - httpx - INFO - HTTP Request: POST https://api.telegram.org/bot7209418219:AAG3PCfMo53ocGGHYov1O04kzn56OKUhcP4/sendMessage "HTTP/1.1 200 OK"
2025-04-06 10:35:43,503 - httpx - INFO - HTTP Request: POST https://api.telegram.org/bot7209418219:AAG3PCfMo53ocGGHYov1O04kzn56OKUhcP4/getUpdates "HTTP/1.1 200 OK"
2025-04-06 10:35:43,504 - conversation_handler - INFO - User 1159603709 replied to the bot in a group chat
2025-04-06 10:35:43,887 - httpx - INFO - HTTP Request: POST https://api.telegram.org/bot7209418219:AAG3PCfMo53ocGGHYov1O04kzn56OKUhcP4/sendChatAction "HTTP/1.1 200 OK"
2025-04-06 10:35:53,633 - httpx - INFO - HTTP Request: POST https://api.telegram.org/bot7209418219:AAG3PCfMo53ocGGHYov1O04kzn56OKUhcP4/getUpdates "HTTP/1.1 200 OK"
2025-04-06 10:35:54,355 - httpx - INFO - HTTP Request: POST https://api.telegram.org/bot7209418219:AAG3PCfMo53ocGGHYov1O04kzn56OKUhcP4/sendMessage "HTTP/1.1 200 OK"
2025-04-06 10:36:02,860 - httpx - INFO - HTTP Request: POST https://api.telegram.org/bot7209418219:AAG3PCfMo53ocGGHYov1O04kzn56OKUhcP4/getUpdates "HTTP/1.1 200 OK"
2025-04-06 10:36:02,862 - conversation_handler - INFO - User 1159603709 replied to the bot in a group chat
2025-04-06 10:36:03,241 - httpx - INFO - HTTP Request: POST https://api.telegram.org/bot7209418219:AAG3PCfMo53ocGGHYov1O04kzn56OKUhcP4/sendChatAction "HTTP/1.1 200 OK"
2025-04-06 10:36:12,981 - httpx - INFO - HTTP Request: POST https://api.telegram.org/bot7209418219:AAG3PCfMo53ocGGHYov1O04kzn56OKUhcP4/getUpdates "HTTP/1.1 200 OK"
2025-04-06 10:36:14,034 - httpx - INFO - HTTP Request: POST https://api.telegram.org/bot7209418219:AAG3PCfMo53ocGGHYov1O04kzn56OKUhcP4/sendMessage "HTTP/1.1 200 OK"
2025-04-06 10:36:23,107 - httpx - INFO - HTTP Request: POST https://api.telegram.org/bot7209418219:AAG3PCfMo53ocGGHYov1O04kzn56OKUhcP4/getUpdates "HTTP/1.1 200 OK"
2025-04-06 10:36:33,227 - httpx - INFO - HTTP Request: POST https://api.telegram.org/bot7209418219:AAG3PCfMo53ocGGHYov1O04kzn56OKUhcP4/getUpdates "HTTP/1.1 200 OK"
2025-04-06 10:36:43,345 - httpx - INFO - HTTP Request: POST https://api.telegram.org/bot7209418219:AAG3PCfMo53ocGGHYov1O04kzn56OKUhcP4/getUpdates "HTTP/1.1 200 OK"
2025-04-06 10:36:53,464 - httpx - INFO - HTTP Request: POST https://api.telegram.org/bot7209418219:AAG3PCfMo53ocGGHYov1O04kzn56OKUhcP4/getUpdates "HTTP/1.1 200 OK"
2025-04-06 10:37:03,583 - httpx - INFO - HTTP Request: POST https://api.telegram.org/bot7209418219:AAG3PCfMo53ocGGHYov1O04kzn56OKUhcP4/getUpdates "HTTP/1.1 200 OK"
2025-04-06 10:37:13,708 - httpx - INFO - HTTP Request: POST https://api.telegram.org/bot7209418219:AAG3PCfMo53ocGGHYov1O04kzn56OKUhcP4/getUpdates "HTTP/1.1 200 OK"
2025-04-06 10:37:19,321 - httpx - INFO - HTTP Request: POST https://api.telegram.org/bot7209418219:AAG3PCfMo53ocGGHYov1O04kzn56OKUhcP4/getUpdates "HTTP/1.1 200 OK"
2025-04-06 10:37:19,323 - conversation_handler - INFO - User 1159603709 replied to the bot in a group chat
2025-04-06 10:37:19,763 - httpx - INFO - HTTP Request: POST https://api.telegram.org/bot7209418219:AAG3PCfMo53ocGGHYov1O04kzn56OKUhcP4/sendChatAction "HTTP/1.1 200 OK"
2025-04-06 10:37:29,443 - httpx - INFO - HTTP Request: POST https://api.telegram.org/bot7209418219:AAG3PCfMo53ocGGHYov1O04kzn56OKUhcP4/getUpdates "HTTP/1.1 200 OK"
2025-04-06 10:37:30,338 - httpx - INFO - HTTP Request: POST https://api.telegram.org/bot7209418219:AAG3PCfMo53ocGGHYov1O04kzn56OKUhcP4/sendMessage "HTTP/1.1 200 OK"
2025-04-06 10:37:39,565 - httpx - INFO - HTTP Request: POST https://api.telegram.org/bot7209418219:AAG3PCfMo53ocGGHYov1O04kzn56OKUhcP4/getUpdates "HTTP/1.1 200 OK"
2025-04-06 10:37:49,698 - httpx - INFO - HTTP Request: POST https://api.telegram.org/bot7209418219:AAG3PCfMo53ocGGHYov1O04kzn56OKUhcP4/getUpdates "HTTP/1.1 200 OK"
2025-04-06 10:37:59,817 - httpx - INFO - HTTP Request: POST https://api.telegram.org/bot7209418219:AAG3PCfMo53ocGGHYov1O04kzn56OKUhcP4/getUpdates "HTTP/1.1 200 OK"
2025-04-06 10:38:00,269 - httpx - INFO - HTTP Request: POST https://api.telegram.org/bot7209418219:AAG3PCfMo53ocGGHYov1O04kzn56OKUhcP4/getUpdates "HTTP/1.1 200 OK"
2025-04-06 10:38:00,270 - conversation_handler - INFO - User 1159603709 replied to the bot in a group chat
2025-04-06 10:38:00,674 - httpx - INFO - HTTP Request: POST https://api.telegram.org/bot7209418219:AAG3PCfMo53ocGGHYov1O04kzn56OKUhcP4/sendChatAction "HTTP/1.1 200 OK"
2025-04-06 10:38:08,300 - httpx - INFO - HTTP Request: POST https://api.telegram.org/bot7209418219:AAG3PCfMo53ocGGHYov1O04kzn56OKUhcP4/getUpdates "HTTP/1.1 200 OK"
2025-04-06 10:38:11,227 - httpx - INFO - HTTP Request: POST https://api.telegram.org/bot7209418219:AAG3PCfMo53ocGGHYov1O04kzn56OKUhcP4/sendMessage "HTTP/1.1 200 OK"
2025-04-06 10:38:18,422 - httpx - INFO - HTTP Request: POST https://api.telegram.org/bot7209418219:AAG3PCfMo53ocGGHYov1O04kzn56OKUhcP4/getUpdates "HTTP/1.1 200 OK"
2025-04-06 10:38:19,504 - httpx - INFO - HTTP Request: POST https://api.telegram.org/bot7209418219:AAG3PCfMo53ocGGHYov1O04kzn56OKUhcP4/getUpdates "HTTP/1.1 200 OK"
2025-04-06 10:38:29,634 - httpx - INFO - HTTP Request: POST https://api.telegram.org/bot7209418219:AAG3PCfMo53ocGGHYov1O04kzn56OKUhcP4/getUpdates "HTTP/1.1 200 OK"
2025-04-06 10:38:30,045 - httpx - INFO - HTTP Request: POST https://api.telegram.org/bot7209418219:AAG3PCfMo53ocGGHYov1O04kzn56OKUhcP4/getUpdates "HTTP/1.1 200 OK"
2025-04-06 10:38:35,011 - httpx - INFO - HTTP Request: POST https://api.telegram.org/bot7209418219:AAG3PCfMo53ocGGHYov1O04kzn56OKUhcP4/getUpdates "HTTP/1.1 200 OK"
2025-04-06 10:38:38,314 - httpx - INFO - HTTP Request: POST https://api.telegram.org/bot7209418219:AAG3PCfMo53ocGGHYov1O04kzn56OKUhcP4/getUpdates "HTTP/1.1 200 OK"
2025-04-06 10:38:38,317 - conversation_handler - INFO - Ignoring message in group chat that's not directed at the bot
2025-04-06 10:38:42,828 - httpx - INFO - HTTP Request: POST https://api.telegram.org/bot7209418219:AAG3PCfMo53ocGGHYov1O04kzn56OKUhcP4/getUpdates "HTTP/1.1 200 OK"
2025-04-06 10:38:43,233 - httpx - INFO - HTTP Request: POST https://api.telegram.org/bot7209418219:AAG3PCfMo53ocGGHYov1O04kzn56OKUhcP4/sendMessage "HTTP/1.1 200 OK"
2025-04-06 10:38:45,037 - httpx - INFO - HTTP Request: POST https://api.telegram.org/bot7209418219:AAG3PCfMo53ocGGHYov1O04kzn56OKUhcP4/getUpdates "HTTP/1.1 200 OK"
2025-04-06 10:38:45,170 - httpx - INFO - HTTP Request: POST https://api.telegram.org/bot7209418219:AAG3PCfMo53ocGGHYov1O04kzn56OKUhcP4/answerCallbackQuery "HTTP/1.1 200 OK"
2025-04-06 10:38:45,340 - httpx - INFO - HTTP Request: POST https://api.telegram.org/bot7209418219:AAG3PCfMo53ocGGHYov1O04kzn56OKUhcP4/editMessageText "HTTP/1.1 200 OK"
2025-04-06 10:38:46,948 - httpx - INFO - HTTP Request: POST https://api.telegram.org/bot7209418219:AAG3PCfMo53ocGGHYov1O04kzn56OKUhcP4/getUpdates "HTTP/1.1 200 OK"
2025-04-06 10:38:46,950 - conversation_handler - INFO - Ignoring message in group chat that's not directed at the bot
2025-04-06 10:38:51,343 - httpx - INFO - HTTP Request: POST https://api.telegram.org/bot7209418219:AAG3PCfMo53ocGGHYov1O04kzn56OKUhcP4/getUpdates "HTTP/1.1 200 OK"
2025-04-06 10:38:51,346 - conversation_handler - INFO - User 1159603709 replied to the bot in a group chat
2025-04-06 10:38:51,724 - httpx - INFO - HTTP Request: POST https://api.telegram.org/bot7209418219:AAG3PCfMo53ocGGHYov1O04kzn56OKUhcP4/sendChatAction "HTTP/1.1 200 OK"
2025-04-06 10:38:54,402 - httpx - INFO - HTTP Request: POST https://api.telegram.org/bot7209418219:AAG3PCfMo53ocGGHYov1O04kzn56OKUhcP4/sendMessage "HTTP/1.1 200 OK"
2025-04-06 10:39:01,467 - httpx - INFO - HTTP Request: POST https://api.telegram.org/bot7209418219:AAG3PCfMo53ocGGHYov1O04kzn56OKUhcP4/getUpdates "HTTP/1.1 200 OK"
2025-04-06 10:39:11,628 - httpx - INFO - HTTP Request: POST https://api.telegram.org/bot7209418219:AAG3PCfMo53ocGGHYov1O04kzn56OKUhcP4/getUpdates "HTTP/1.1 200 OK"
2025-04-06 10:39:13,935 - httpx - INFO - HTTP Request: POST https://api.telegram.org/bot7209418219:AAG3PCfMo53ocGGHYov1O04kzn56OKUhcP4/getUpdates "HTTP/1.1 200 OK"
2025-04-06 10:39:20,815 - httpx - INFO - HTTP Request: POST https://api.telegram.org/bot7209418219:AAG3PCfMo53ocGGHYov1O04kzn56OKUhcP4/getUpdates "HTTP/1.1 200 OK"
2025-04-06 10:39:20,817 - conversation_handler - INFO - User 1159603709 replied to the bot in a group chat
2025-04-06 10:39:21,227 - httpx - INFO - HTTP Request: POST https://api.telegram.org/bot7209418219:AAG3PCfMo53ocGGHYov1O04kzn56OKUhcP4/sendChatAction "HTTP/1.1 200 OK"
2025-04-06 10:39:23,508 - httpx - INFO - HTTP Request: POST https://api.telegram.org/bot7209418219:AAG3PCfMo53ocGGHYov1O04kzn56OKUhcP4/sendMessage "HTTP/1.1 200 OK"
2025-04-06 10:39:30,945 - httpx - INFO - HTTP Request: POST https://api.telegram.org/bot7209418219:AAG3PCfMo53ocGGHYov1O04kzn56OKUhcP4/getUpdates "HTTP/1.1 200 OK"
2025-04-06 10:39:41,064 - httpx - INFO - HTTP Request: POST https://api.telegram.org/bot7209418219:AAG3PCfMo53ocGGHYov1O04kzn56OKUhcP4/getUpdates "HTTP/1.1 200 OK"
2025-04-06 10:39:51,185 - httpx - INFO - HTTP Request: POST https://api.telegram.org/bot7209418219:AAG3PCfMo53ocGGHYov1O04kzn56OKUhcP4/getUpdates "HTTP/1.1 200 OK"
2025-04-06 10:40:01,329 - httpx - INFO - HTTP Request: POST https://api.telegram.org/bot7209418219:AAG3PCfMo53ocGGHYov1O04kzn56OKUhcP4/getUpdates "HTTP/1.1 200 OK"
2025-04-06 10:40:02,792 - httpx - INFO - HTTP Request: POST https://api.telegram.org/bot7209418219:AAG3PCfMo53ocGGHYov1O04kzn56OKUhcP4/getUpdates "HTTP/1.1 200 OK"
2025-04-06 10:40:02,794 - conversation_handler - INFO - User 1159603709 replied to the bot in a group chat
2025-04-06 10:40:03,178 - httpx - INFO - HTTP Request: POST https://api.telegram.org/bot7209418219:AAG3PCfMo53ocGGHYov1O04kzn56OKUhcP4/sendChatAction "HTTP/1.1 200 OK"
2025-04-06 10:40:06,086 - httpx - INFO - HTTP Request: POST https://api.telegram.org/bot7209418219:AAG3PCfMo53ocGGHYov1O04kzn56OKUhcP4/sendMessage "HTTP/1.1 200 OK"
2025-04-06 10:40:12,913 - httpx - INFO - HTTP Request: POST https://api.telegram.org/bot7209418219:AAG3PCfMo53ocGGHYov1O04kzn56OKUhcP4/getUpdates "HTTP/1.1 200 OK"
2025-04-06 10:40:23,057 - httpx - INFO - HTTP Request: POST https://api.telegram.org/bot7209418219:AAG3PCfMo53ocGGHYov1O04kzn56OKUhcP4/getUpdates "HTTP/1.1 200 OK"
2025-04-06 10:40:28,359 - httpx - INFO - HTTP Request: POST https://api.telegram.org/bot7209418219:AAG3PCfMo53ocGGHYov1O04kzn56OKUhcP4/getUpdates "HTTP/1.1 200 OK"
2025-04-06 10:40:28,360 - conversation_handler - INFO - User 1159603709 replied to the bot in a group chat
2025-04-06 10:40:28,729 - httpx - INFO - HTTP Request: POST https://api.telegram.org/bot7209418219:AAG3PCfMo53ocGGHYov1O04kzn56OKUhcP4/sendChatAction "HTTP/1.1 200 OK"
2025-04-06 10:40:30,819 - httpx - INFO - HTTP Request: POST https://api.telegram.org/bot7209418219:AAG3PCfMo53ocGGHYov1O04kzn56OKUhcP4/sendMessage "HTTP/1.1 200 OK"
2025-04-06 10:40:31,526 - httpx - INFO - HTTP Request: POST https://api.telegram.org/bot7209418219:AAG3PCfMo53ocGGHYov1O04kzn56OKUhcP4/getUpdates "HTTP/1.1 200 OK"
2025-04-06 10:40:41,645 - httpx - INFO - HTTP Request: POST https://api.telegram.org/bot7209418219:AAG3PCfMo53ocGGHYov1O04kzn56OKUhcP4/getUpdates "HTTP/1.1 200 OK"
2025-04-06 10:40:45,268 - httpx - INFO - HTTP Request: POST https://api.telegram.org/bot7209418219:AAG3PCfMo53ocGGHYov1O04kzn56OKUhcP4/getUpdates "HTTP/1.1 200 OK"
2025-04-06 10:40:45,270 - conversation_handler - INFO - User 1159603709 replied to the bot in a group chat
2025-04-06 10:40:45,649 - httpx - INFO - HTTP Request: POST https://api.telegram.org/bot7209418219:AAG3PCfMo53ocGGHYov1O04kzn56OKUhcP4/sendChatAction "HTTP/1.1 200 OK"
2025-04-06 10:40:48,053 - httpx - INFO - HTTP Request: POST https://api.telegram.org/bot7209418219:AAG3PCfMo53ocGGHYov1O04kzn56OKUhcP4/sendMessage "HTTP/1.1 200 OK"
2025-04-06 10:40:55,389 - httpx - INFO - HTTP Request: POST https://api.telegram.org/bot7209418219:AAG3PCfMo53ocGGHYov1O04kzn56OKUhcP4/getUpdates "HTTP/1.1 200 OK"
2025-04-06 10:40:57,515 - httpx - INFO - HTTP Request: POST https://api.telegram.org/bot7209418219:AAG3PCfMo53ocGGHYov1O04kzn56OKUhcP4/getUpdates "HTTP/1.1 200 OK"
2025-04-06 10:40:57,516 - conversation_handler - INFO - User 1159603709 replied to the bot in a group chat
2025-04-06 10:40:57,893 - httpx - INFO - HTTP Request: POST https://api.telegram.org/bot7209418219:AAG3PCfMo53ocGGHYov1O04kzn56OKUhcP4/sendChatAction "HTTP/1.1 200 OK"
2025-04-06 10:41:00,435 - httpx - INFO - HTTP Request: POST https://api.telegram.org/bot7209418219:AAG3PCfMo53ocGGHYov1O04kzn56OKUhcP4/sendMessage "HTTP/1.1 200 OK"
2025-04-06 10:41:07,637 - httpx - INFO - HTTP Request: POST https://api.telegram.org/bot7209418219:AAG3PCfMo53ocGGHYov1O04kzn56OKUhcP4/getUpdates "HTTP/1.1 200 OK"
2025-04-06 10:41:17,755 - httpx - INFO - HTTP Request: POST https://api.telegram.org/bot7209418219:AAG3PCfMo53ocGGHYov1O04kzn56OKUhcP4/getUpdates "HTTP/1.1 200 OK"
2025-04-06 10:41:23,254 - httpx - INFO - HTTP Request: POST https://api.telegram.org/bot7209418219:AAG3PCfMo53ocGGHYov1O04kzn56OKUhcP4/getUpdates "HTTP/1.1 200 OK"
2025-04-06 10:41:23,256 - conversation_handler - INFO - User 1159603709 replied to the bot in a group chat
2025-04-06 10:41:23,662 - httpx - INFO - HTTP Request: POST https://api.telegram.org/bot7209418219:AAG3PCfMo53ocGGHYov1O04kzn56OKUhcP4/sendChatAction "HTTP/1.1 200 OK"
2025-04-06 10:41:25,948 - httpx - INFO - HTTP Request: POST https://api.telegram.org/bot7209418219:AAG3PCfMo53ocGGHYov1O04kzn56OKUhcP4/sendMessage "HTTP/1.1 200 OK"
2025-04-06 10:41:33,375 - httpx - INFO - HTTP Request: POST https://api.telegram.org/bot7209418219:AAG3PCfMo53ocGGHYov1O04kzn56OKUhcP4/getUpdates "HTTP/1.1 200 OK"
2025-04-06 10:41:36,155 - httpx - INFO - HTTP Request: POST https://api.telegram.org/bot7209418219:AAG3PCfMo53ocGGHYov1O04kzn56OKUhcP4/getUpdates "HTTP/1.1 200 OK"
2025-04-06 10:41:36,156 - conversation_handler - INFO - User 1159603709 replied to the bot in a group chat
2025-04-06 10:41:36,571 - httpx - INFO - HTTP Request: POST https://api.telegram.org/bot7209418219:AAG3PCfMo53ocGGHYov1O04kzn56OKUhcP4/sendChatAction "HTTP/1.1 200 OK"
2025-04-06 10:41:38,975 - httpx - INFO - HTTP Request: POST https://api.telegram.org/bot7209418219:AAG3PCfMo53ocGGHYov1O04kzn56OKUhcP4/sendMessage "HTTP/1.1 200 OK"
2025-04-06 10:41:45,127 - httpx - INFO - HTTP Request: POST https://api.telegram.org/bot7209418219:AAG3PCfMo53ocGGHYov1O04kzn56OKUhcP4/getUpdates "HTTP/1.1 200 OK"
2025-04-06 10:41:55,250 - httpx - INFO - HTTP Request: POST https://api.telegram.org/bot7209418219:AAG3PCfMo53ocGGHYov1O04kzn56OKUhcP4/getUpdates "HTTP/1.1 200 OK"
2025-04-06 10:42:00,278 - httpx - INFO - HTTP Request: POST https://api.telegram.org/bot7209418219:AAG3PCfMo53ocGGHYov1O04kzn56OKUhcP4/getUpdates "HTTP/1.1 200 OK"
2025-04-06 10:42:00,279 - conversation_handler - INFO - User 1159603709 replied to the bot in a group chat
2025-04-06 10:42:00,679 - httpx - INFO - HTTP Request: POST https://api.telegram.org/bot7209418219:AAG3PCfMo53ocGGHYov1O04kzn56OKUhcP4/sendChatAction "HTTP/1.1 200 OK"
2025-04-06 10:42:03,380 - httpx - INFO - HTTP Request: POST https://api.telegram.org/bot7209418219:AAG3PCfMo53ocGGHYov1O04kzn56OKUhcP4/sendMessage "HTTP/1.1 200 OK"
2025-04-06 10:42:10,399 - httpx - INFO - HTTP Request: POST https://api.telegram.org/bot7209418219:AAG3PCfMo53ocGGHYov1O04kzn56OKUhcP4/getUpdates "HTTP/1.1 200 OK"
2025-04-06 10:42:20,524 - httpx - INFO - HTTP Request: POST https://api.telegram.org/bot7209418219:AAG3PCfMo53ocGGHYov1O04kzn56OKUhcP4/getUpdates "HTTP/1.1 200 OK"
2025-04-06 10:42:23,487 - httpx - INFO - HTTP Request: POST https://api.telegram.org/bot7209418219:AAG3PCfMo53ocGGHYov1O04kzn56OKUhcP4/getUpdates "HTTP/1.1 200 OK"
2025-04-06 10:42:23,488 - conversation_handler - INFO - User 1159603709 replied to the bot in a group chat
2025-04-06 10:42:23,873 - httpx - INFO - HTTP Request: POST https://api.telegram.org/bot7209418219:AAG3PCfMo53ocGGHYov1O04kzn56OKUhcP4/sendChatAction "HTTP/1.1 200 OK"
2025-04-06 10:42:26,242 - httpx - INFO - HTTP Request: POST https://api.telegram.org/bot7209418219:AAG3PCfMo53ocGGHYov1O04kzn56OKUhcP4/sendMessage "HTTP/1.1 200 OK"
2025-04-06 10:42:33,208 - httpx - INFO - HTTP Request: POST https://api.telegram.org/bot7209418219:AAG3PCfMo53ocGGHYov1O04kzn56OKUhcP4/getUpdates "HTTP/1.1 200 OK"
2025-04-06 10:42:33,210 - conversation_handler - INFO - User 1159603709 replied to the bot in a group chat
2025-04-06 10:42:33,598 - httpx - INFO - HTTP Request: POST https://api.telegram.org/bot7209418219:AAG3PCfMo53ocGGHYov1O04kzn56OKUhcP4/sendChatAction "HTTP/1.1 200 OK"
2025-04-06 10:42:35,269 - httpx - INFO - HTTP Request: POST https://api.telegram.org/bot7209418219:AAG3PCfMo53ocGGHYov1O04kzn56OKUhcP4/getUpdates "HTTP/1.1 200 OK"
2025-04-06 10:42:35,673 - httpx - INFO - HTTP Request: POST https://api.telegram.org/bot7209418219:AAG3PCfMo53ocGGHYov1O04kzn56OKUhcP4/sendMessage "HTTP/1.1 200 OK"
2025-04-06 10:42:44,905 - httpx - INFO - HTTP Request: POST https://api.telegram.org/bot7209418219:AAG3PCfMo53ocGGHYov1O04kzn56OKUhcP4/getUpdates "HTTP/1.1 200 OK"
2025-04-06 10:42:44,906 - conversation_handler - INFO - User 1159603709 replied to the bot in a group chat
2025-04-06 10:42:45,326 - httpx - INFO - HTTP Request: POST https://api.telegram.org/bot7209418219:AAG3PCfMo53ocGGHYov1O04kzn56OKUhcP4/sendChatAction "HTTP/1.1 200 OK"
2025-04-06 10:42:47,990 - httpx - INFO - HTTP Request: POST https://api.telegram.org/bot7209418219:AAG3PCfMo53ocGGHYov1O04kzn56OKUhcP4/sendMessage "HTTP/1.1 200 OK"
2025-04-06 10:42:55,026 - httpx - INFO - HTTP Request: POST https://api.telegram.org/bot7209418219:AAG3PCfMo53ocGGHYov1O04kzn56OKUhcP4/getUpdates "HTTP/1.1 200 OK"
2025-04-06 10:42:57,566 - httpx - INFO - HTTP Request: POST https://api.telegram.org/bot7209418219:AAG3PCfMo53ocGGHYov1O04kzn56OKUhcP4/getUpdates "HTTP/1.1 200 OK"
2025-04-06 10:42:57,567 - conversation_handler - INFO - User 1159603709 replied to the bot in a group chat
2025-04-06 10:42:57,940 - httpx - INFO - HTTP Request: POST https://api.telegram.org/bot7209418219:AAG3PCfMo53ocGGHYov1O04kzn56OKUhcP4/sendChatAction "HTTP/1.1 200 OK"
2025-04-06 10:43:00,569 - httpx - INFO - HTTP Request: POST https://api.telegram.org/bot7209418219:AAG3PCfMo53ocGGHYov1O04kzn56OKUhcP4/sendMessage "HTTP/1.1 200 OK"
2025-04-06 10:43:01,477 - httpx - INFO - HTTP Request: POST https://api.telegram.org/bot7209418219:AAG3PCfMo53ocGGHYov1O04kzn56OKUhcP4/getUpdates "HTTP/1.1 200 OK"
2025-04-06 10:43:01,477 - telegram.ext.Application - INFO - Application is stopping. This might take a moment.
2025-04-06 10:43:01,478 - telegram.ext.Application - INFO - Application.stop() complete
2025-04-06 10:43:02,131 - root - INFO - Bot started!
2025-04-06 10:43:02,533 - httpx - INFO - HTTP Request: POST https://api.telegram.org/bot7209418219:AAG3PCfMo53ocGGHYov1O04kzn56OKUhcP4/getMe "HTTP/1.1 200 OK"
2025-04-06 10:43:02,667 - httpx - INFO - HTTP Request: POST https://api.telegram.org/bot7209418219:AAG3PCfMo53ocGGHYov1O04kzn56OKUhcP4/deleteWebhook "HTTP/1.1 200 OK"
2025-04-06 10:43:02,670 - telegram.ext.Application - INFO - Application started
2025-04-06 10:43:07,025 - httpx - INFO - HTTP Request: POST https://api.telegram.org/bot7209418219:AAG3PCfMo53ocGGHYov1O04kzn56OKUhcP4/getUpdates "HTTP/1.1 200 OK"
2025-04-06 10:43:07,025 - telegram.ext.Application - INFO - Application is stopping. This might take a moment.
2025-04-06 10:43:07,026 - telegram.ext.Application - INFO - Application.stop() complete
2025-04-06 10:43:07,624 - root - INFO - Bot started!
2025-04-06 10:43:07,995 - httpx - INFO - HTTP Request: POST https://api.telegram.org/bot7209418219:AAG3PCfMo53ocGGHYov1O04kzn56OKUhcP4/getMe "HTTP/1.1 200 OK"
2025-04-06 10:43:08,114 - httpx - INFO - HTTP Request: POST https://api.telegram.org/bot7209418219:AAG3PCfMo53ocGGHYov1O04kzn56OKUhcP4/deleteWebhook "HTTP/1.1 200 OK"
2025-04-06 10:43:08,116 - telegram.ext.Application - INFO - Application started
2025-04-06 10:43:18,471 - httpx - INFO - HTTP Request: POST https://api.telegram.org/bot7209418219:AAG3PCfMo53ocGGHYov1O04kzn56OKUhcP4/getUpdates "HTTP/1.1 200 OK"
2025-04-06 10:43:20,330 - httpx - INFO - HTTP Request: POST https://api.telegram.org/bot7209418219:AAG3PCfMo53ocGGHYov1O04kzn56OKUhcP4/getUpdates "HTTP/1.1 200 OK"
2025-04-06 10:43:20,332 - conversation_handler - INFO - User 1159603709 replied to the bot in a group chat
2025-04-06 10:43:20,704 - httpx - INFO - HTTP Request: POST https://api.telegram.org/bot7209418219:AAG3PCfMo53ocGGHYov1O04kzn56OKUhcP4/sendChatAction "HTTP/1.1 200 OK"
2025-04-06 10:43:23,374 - httpx - INFO - HTTP Request: POST https://api.telegram.org/bot7209418219:AAG3PCfMo53ocGGHYov1O04kzn56OKUhcP4/sendMessage "HTTP/1.1 200 OK"
2025-04-06 10:43:25,770 - httpx - INFO - HTTP Request: POST https://api.telegram.org/bot7209418219:AAG3PCfMo53ocGGHYov1O04kzn56OKUhcP4/getUpdates "HTTP/1.1 200 OK"
2025-04-06 10:43:35,891 - httpx - INFO - HTTP Request: POST https://api.telegram.org/bot7209418219:AAG3PCfMo53ocGGHYov1O04kzn56OKUhcP4/getUpdates "HTTP/1.1 200 OK"
2025-04-06 10:43:46,010 - httpx - INFO - HTTP Request: POST https://api.telegram.org/bot7209418219:AAG3PCfMo53ocGGHYov1O04kzn56OKUhcP4/getUpdates "HTTP/1.1 200 OK"
2025-04-06 10:43:55,924 - httpx - INFO - HTTP Request: POST https://api.telegram.org/bot7209418219:AAG3PCfMo53ocGGHYov1O04kzn56OKUhcP4/getUpdates "HTTP/1.1 200 OK"
2025-04-06 10:43:55,926 - conversation_handler - INFO - Ignoring message in group chat that's not directed at the bot
2025-04-06 10:44:01,542 - httpx - INFO - HTTP Request: POST https://api.telegram.org/bot7209418219:AAG3PCfMo53ocGGHYov1O04kzn56OKUhcP4/getUpdates "HTTP/1.1 200 OK"
2025-04-06 10:44:11,662 - httpx - INFO - HTTP Request: POST https://api.telegram.org/bot7209418219:AAG3PCfMo53ocGGHYov1O04kzn56OKUhcP4/getUpdates "HTTP/1.1 200 OK"
2025-04-06 10:44:21,781 - httpx - INFO - HTTP Request: POST https://api.telegram.org/bot7209418219:AAG3PCfMo53ocGGHYov1O04kzn56OKUhcP4/getUpdates "HTTP/1.1 200 OK"
2025-04-06 10:44:31,899 - httpx - INFO - HTTP Request: POST https://api.telegram.org/bot7209418219:AAG3PCfMo53ocGGHYov1O04kzn56OKUhcP4/getUpdates "HTTP/1.1 200 OK"
2025-04-06 10:44:42,017 - httpx - INFO - HTTP Request: POST https://api.telegram.org/bot7209418219:AAG3PCfMo53ocGGHYov1O04kzn56OKUhcP4/getUpdates "HTTP/1.1 200 OK"
2025-04-06 10:44:52,136 - httpx - INFO - HTTP Request: POST https://api.telegram.org/bot7209418219:AAG3PCfMo53ocGGHYov1O04kzn56OKUhcP4/getUpdates "HTTP/1.1 200 OK"
2025-04-06 10:45:02,253 - httpx - INFO - HTTP Request: POST https://api.telegram.org/bot7209418219:AAG3PCfMo53ocGGHYov1O04kzn56OKUhcP4/getUpdates "HTTP/1.1 200 OK"
2025-04-06 10:45:12,372 - httpx - INFO - HTTP Request: POST https://api.telegram.org/bot7209418219:AAG3PCfMo53ocGGHYov1O04kzn56OKUhcP4/getUpdates "HTTP/1.1 200 OK"
2025-04-06 10:45:22,516 - httpx - INFO - HTTP Request: POST https://api.telegram.org/bot7209418219:AAG3PCfMo53ocGGHYov1O04kzn56OKUhcP4/getUpdates "HTTP/1.1 200 OK"
2025-04-06 10:45:32,636 - httpx - INFO - HTTP Request: POST https://api.telegram.org/bot7209418219:AAG3PCfMo53ocGGHYov1O04kzn56OKUhcP4/getUpdates "HTTP/1.1 200 OK"
2025-04-06 10:45:42,753 - httpx - INFO - HTTP Request: POST https://api.telegram.org/bot7209418219:AAG3PCfMo53ocGGHYov1O04kzn56OKUhcP4/getUpdates "HTTP/1.1 200 OK"
2025-04-06 10:45:52,872 - httpx - INFO - HTTP Request: POST https://api.telegram.org/bot7209418219:AAG3PCfMo53ocGGHYov1O04kzn56OKUhcP4/getUpdates "HTTP/1.1 200 OK"
2025-04-06 10:46:02,991 - httpx - INFO - HTTP Request: POST https://api.telegram.org/bot7209418219:AAG3PCfMo53ocGGHYov1O04kzn56OKUhcP4/getUpdates "HTTP/1.1 200 OK"
2025-04-06 10:46:13,109 - httpx - INFO - HTTP Request: POST https://api.telegram.org/bot7209418219:AAG3PCfMo53ocGGHYov1O04kzn56OKUhcP4/getUpdates "HTTP/1.1 200 OK"
2025-04-06 10:46:23,228 - httpx - INFO - HTTP Request: POST https://api.telegram.org/bot7209418219:AAG3PCfMo53ocGGHYov1O04kzn56OKUhcP4/getUpdates "HTTP/1.1 200 OK"
2025-04-06 10:46:33,348 - httpx - INFO - HTTP Request: POST https://api.telegram.org/bot7209418219:AAG3PCfMo53ocGGHYov1O04kzn56OKUhcP4/getUpdates "HTTP/1.1 200 OK"
2025-04-06 10:46:43,466 - httpx - INFO - HTTP Request: POST https://api.telegram.org/bot7209418219:AAG3PCfMo53ocGGHYov1O04kzn56OKUhcP4/getUpdates "HTTP/1.1 200 OK"
2025-04-06 10:46:53,594 - httpx - INFO - HTTP Request: POST https://api.telegram.org/bot7209418219:AAG3PCfMo53ocGGHYov1O04kzn56OKUhcP4/getUpdates "HTTP/1.1 200 OK"
2025-04-06 10:47:03,712 - httpx - INFO - HTTP Request: POST https://api.telegram.org/bot7209418219:AAG3PCfMo53ocGGHYov1O04kzn56OKUhcP4/getUpdates "HTTP/1.1 200 OK"
2025-04-06 10:47:13,831 - httpx - INFO - HTTP Request: POST https://api.telegram.org/bot7209418219:AAG3PCfMo53ocGGHYov1O04kzn56OKUhcP4/getUpdates "HTTP/1.1 200 OK"
2025-04-06 10:47:23,950 - httpx - INFO - HTTP Request: POST https://api.telegram.org/bot7209418219:AAG3PCfMo53ocGGHYov1O04kzn56OKUhcP4/getUpdates "HTTP/1.1 200 OK"
2025-04-06 10:47:34,068 - httpx - INFO - HTTP Request: POST https://api.telegram.org/bot7209418219:AAG3PCfMo53ocGGHYov1O04kzn56OKUhcP4/getUpdates "HTTP/1.1 200 OK"
2025-04-06 10:47:44,185 - httpx - INFO - HTTP Request: POST https://api.telegram.org/bot7209418219:AAG3PCfMo53ocGGHYov1O04kzn56OKUhcP4/getUpdates "HTTP/1.1 200 OK"
2025-04-06 10:47:54,303 - httpx - INFO - HTTP Request: POST https://api.telegram.org/bot7209418219:AAG3PCfMo53ocGGHYov1O04kzn56OKUhcP4/getUpdates "HTTP/1.1 200 OK"
2025-04-06 10:48:04,422 - httpx - INFO - HTTP Request: POST https://api.telegram.org/bot7209418219:AAG3PCfMo53ocGGHYov1O04kzn56OKUhcP4/getUpdates "HTTP/1.1 200 OK"
2025-04-06 10:48:14,559 - httpx - INFO - HTTP Request: POST https://api.telegram.org/bot7209418219:AAG3PCfMo53ocGGHYov1O04kzn56OKUhcP4/getUpdates "HTTP/1.1 200 OK"
2025-04-06 10:48:24,713 - httpx - INFO - HTTP Request: POST https://api.telegram.org/bot7209418219:AAG3PCfMo53ocGGHYov1O04kzn56OKUhcP4/getUpdates "HTTP/1.1 200 OK"
2025-04-06 10:48:34,836 - httpx - INFO - HTTP Request: POST https://api.telegram.org/bot7209418219:AAG3PCfMo53ocGGHYov1O04kzn56OKUhcP4/getUpdates "HTTP/1.1 200 OK"
2025-04-06 10:48:40,660 - httpx - INFO - HTTP Request: POST https://api.telegram.org/bot7209418219:AAG3PCfMo53ocGGHYov1O04kzn56OKUhcP4/getUpdates "HTTP/1.1 200 OK"
2025-04-06 10:48:40,662 - conversation_handler - INFO - Ignoring message in group chat that's not directed at the bot
2025-04-06 10:48:50,780 - httpx - INFO - HTTP Request: POST https://api.telegram.org/bot7209418219:AAG3PCfMo53ocGGHYov1O04kzn56OKUhcP4/getUpdates "HTTP/1.1 200 OK"
2025-04-06 10:48:59,643 - httpx - INFO - HTTP Request: POST https://api.telegram.org/bot7209418219:AAG3PCfMo53ocGGHYov1O04kzn56OKUhcP4/getUpdates "HTTP/1.1 200 OK"
2025-04-06 10:49:09,768 - httpx - INFO - HTTP Request: POST https://api.telegram.org/bot7209418219:AAG3PCfMo53ocGGHYov1O04kzn56OKUhcP4/getUpdates "HTTP/1.1 200 OK"
2025-04-06 10:49:11,881 - httpx - INFO - HTTP Request: POST https://api.telegram.org/bot7209418219:AAG3PCfMo53ocGGHYov1O04kzn56OKUhcP4/getUpdates "HTTP/1.1 200 OK"
2025-04-06 10:49:22,014 - httpx - INFO - HTTP Request: POST https://api.telegram.org/bot7209418219:AAG3PCfMo53ocGGHYov1O04kzn56OKUhcP4/getUpdates "HTTP/1.1 200 OK"
2025-04-06 10:49:32,133 - httpx - INFO - HTTP Request: POST https://api.telegram.org/bot7209418219:AAG3PCfMo53ocGGHYov1O04kzn56OKUhcP4/getUpdates "HTTP/1.1 200 OK"
2025-04-06 10:49:42,257 - httpx - INFO - HTTP Request: POST https://api.telegram.org/bot7209418219:AAG3PCfMo53ocGGHYov1O04kzn56OKUhcP4/getUpdates "HTTP/1.1 200 OK"
2025-04-06 10:49:52,377 - httpx - INFO - HTTP Request: POST https://api.telegram.org/bot7209418219:AAG3PCfMo53ocGGHYov1O04kzn56OKUhcP4/getUpdates "HTTP/1.1 200 OK"
2025-04-06 10:49:59,913 - httpx - INFO - HTTP Request: POST https://api.telegram.org/bot7209418219:AAG3PCfMo53ocGGHYov1O04kzn56OKUhcP4/getUpdates "HTTP/1.1 200 OK"
2025-04-06 10:49:59,914 - telegram.ext.Application - INFO - Application is stopping. This might take a moment.
2025-04-06 10:49:59,915 - telegram.ext.Application - INFO - Application.stop() complete
2025-04-06 10:50:00,532 - root - INFO - Bot started!
2025-04-06 10:50:00,918 - httpx - INFO - HTTP Request: POST https://api.telegram.org/bot7209418219:AAG3PCfMo53ocGGHYov1O04kzn56OKUhcP4/getMe "HTTP/1.1 200 OK"
2025-04-06 10:50:01,040 - httpx - INFO - HTTP Request: POST https://api.telegram.org/bot7209418219:AAG3PCfMo53ocGGHYov1O04kzn56OKUhcP4/deleteWebhook "HTTP/1.1 200 OK"
2025-04-06 10:50:01,041 - telegram.ext.Application - INFO - Application started
2025-04-06 10:50:07,107 - httpx - INFO - HTTP Request: POST https://api.telegram.org/bot7209418219:AAG3PCfMo53ocGGHYov1O04kzn56OKUhcP4/getUpdates "HTTP/1.1 200 OK"
2025-04-06 10:50:07,108 - telegram.ext.Application - INFO - Application is stopping. This might take a moment.
2025-04-06 10:50:07,109 - telegram.ext.Application - INFO - Application.stop() complete
2025-04-06 10:50:07,751 - root - INFO - Bot started!
2025-04-06 10:50:08,115 - httpx - INFO - HTTP Request: POST https://api.telegram.org/bot7209418219:AAG3PCfMo53ocGGHYov1O04kzn56OKUhcP4/getMe "HTTP/1.1 200 OK"
2025-04-06 10:50:08,234 - httpx - INFO - HTTP Request: POST https://api.telegram.org/bot7209418219:AAG3PCfMo53ocGGHYov1O04kzn56OKUhcP4/deleteWebhook "HTTP/1.1 200 OK"
2025-04-06 10:50:08,236 - telegram.ext.Application - INFO - Application started
2025-04-06 10:50:18,589 - httpx - INFO - HTTP Request: POST https://api.telegram.org/bot7209418219:AAG3PCfMo53ocGGHYov1O04kzn56OKUhcP4/getUpdates "HTTP/1.1 200 OK"
2025-04-06 10:50:28,713 - httpx - INFO - HTTP Request: POST https://api.telegram.org/bot7209418219:AAG3PCfMo53ocGGHYov1O04kzn56OKUhcP4/getUpdates "HTTP/1.1 200 OK"
2025-04-06 10:50:38,831 - httpx - INFO - HTTP Request: POST https://api.telegram.org/bot7209418219:AAG3PCfMo53ocGGHYov1O04kzn56OKUhcP4/getUpdates "HTTP/1.1 200 OK"
2025-04-06 10:50:48,950 - httpx - INFO - HTTP Request: POST https://api.telegram.org/bot7209418219:AAG3PCfMo53ocGGHYov1O04kzn56OKUhcP4/getUpdates "HTTP/1.1 200 OK"
2025-04-06 10:50:59,082 - httpx - INFO - HTTP Request: POST https://api.telegram.org/bot7209418219:AAG3PCfMo53ocGGHYov1O04kzn56OKUhcP4/getUpdates "HTTP/1.1 200 OK"
2025-04-06 10:51:09,201 - httpx - INFO - HTTP Request: POST https://api.telegram.org/bot7209418219:AAG3PCfMo53ocGGHYov1O04kzn56OKUhcP4/getUpdates "HTTP/1.1 200 OK"
2025-04-06 10:51:19,321 - httpx - INFO - HTTP Request: POST https://api.telegram.org/bot7209418219:AAG3PCfMo53ocGGHYov1O04kzn56OKUhcP4/getUpdates "HTTP/1.1 200 OK"
2025-04-06 10:51:29,457 - httpx - INFO - HTTP Request: POST https://api.telegram.org/bot7209418219:AAG3PCfMo53ocGGHYov1O04kzn56OKUhcP4/getUpdates "HTTP/1.1 200 OK"
2025-04-06 10:51:39,576 - httpx - INFO - HTTP Request: POST https://api.telegram.org/bot7209418219:AAG3PCfMo53ocGGHYov1O04kzn56OKUhcP4/getUpdates "HTTP/1.1 200 OK"
2025-04-06 10:51:49,694 - httpx - INFO - HTTP Request: POST https://api.telegram.org/bot7209418219:AAG3PCfMo53ocGGHYov1O04kzn56OKUhcP4/getUpdates "HTTP/1.1 200 OK"
2025-04-06 10:51:54,599 - httpx - INFO - HTTP Request: POST https://api.telegram.org/bot7209418219:AAG3PCfMo53ocGGHYov1O04kzn56OKUhcP4/getUpdates "HTTP/1.1 200 OK"
2025-04-06 10:51:54,600 - telegram.ext.Application - INFO - Application is stopping. This might take a moment.
2025-04-06 10:51:54,600 - telegram.ext.Application - INFO - Application.stop() complete
2025-04-06 10:51:55,400 - root - INFO - Bot started!
2025-04-06 10:51:55,798 - httpx - INFO - HTTP Request: POST https://api.telegram.org/bot7209418219:AAG3PCfMo53ocGGHYov1O04kzn56OKUhcP4/getMe "HTTP/1.1 200 OK"
2025-04-06 10:51:55,917 - httpx - INFO - HTTP Request: POST https://api.telegram.org/bot7209418219:AAG3PCfMo53ocGGHYov1O04kzn56OKUhcP4/deleteWebhook "HTTP/1.1 200 OK"
2025-04-06 10:51:55,919 - telegram.ext.Application - INFO - Application started
2025-04-06 10:52:06,289 - httpx - INFO - HTTP Request: POST https://api.telegram.org/bot7209418219:AAG3PCfMo53ocGGHYov1O04kzn56OKUhcP4/getUpdates "HTTP/1.1 200 OK"
2025-04-06 10:52:16,409 - httpx - INFO - HTTP Request: POST https://api.telegram.org/bot7209418219:AAG3PCfMo53ocGGHYov1O04kzn56OKUhcP4/getUpdates "HTTP/1.1 200 OK"
2025-04-06 10:52:26,528 - httpx - INFO - HTTP Request: POST https://api.telegram.org/bot7209418219:AAG3PCfMo53ocGGHYov1O04kzn56OKUhcP4/getUpdates "HTTP/1.1 200 OK"
2025-04-06 10:52:36,648 - httpx - INFO - HTTP Request: POST https://api.telegram.org/bot7209418219:AAG3PCfMo53ocGGHYov1O04kzn56OKUhcP4/getUpdates "HTTP/1.1 200 OK"
2025-04-06 10:52:46,775 - httpx - INFO - HTTP Request: POST https://api.telegram.org/bot7209418219:AAG3PCfMo53ocGGHYov1O04kzn56OKUhcP4/getUpdates "HTTP/1.1 200 OK"
2025-04-06 10:52:56,897 - httpx - INFO - HTTP Request: POST https://api.telegram.org/bot7209418219:AAG3PCfMo53ocGGHYov1O04kzn56OKUhcP4/getUpdates "HTTP/1.1 200 OK"
2025-04-06 10:52:57,731 - httpx - INFO - HTTP Request: POST https://api.telegram.org/bot7209418219:AAG3PCfMo53ocGGHYov1O04kzn56OKUhcP4/getUpdates "HTTP/1.1 200 OK"
2025-04-06 10:52:57,734 - conversation_handler - INFO - Ignoring message in group chat that's not directed at the bot
2025-04-06 10:53:07,854 - httpx - INFO - HTTP Request: POST https://api.telegram.org/bot7209418219:AAG3PCfMo53ocGGHYov1O04kzn56OKUhcP4/getUpdates "HTTP/1.1 200 OK"
2025-04-06 10:53:17,973 - httpx - INFO - HTTP Request: POST https://api.telegram.org/bot7209418219:AAG3PCfMo53ocGGHYov1O04kzn56OKUhcP4/getUpdates "HTTP/1.1 200 OK"
2025-04-06 10:53:26,423 - httpx - INFO - HTTP Request: POST https://api.telegram.org/bot7209418219:AAG3PCfMo53ocGGHYov1O04kzn56OKUhcP4/getUpdates "HTTP/1.1 200 OK"
2025-04-06 10:53:26,808 - httpx - INFO - HTTP Request: POST https://api.telegram.org/bot7209418219:AAG3PCfMo53ocGGHYov1O04kzn56OKUhcP4/sendMessage "HTTP/1.1 200 OK"
2025-04-06 10:53:28,314 - httpx - INFO - HTTP Request: POST https://api.telegram.org/bot7209418219:AAG3PCfMo53ocGGHYov1O04kzn56OKUhcP4/getUpdates "HTTP/1.1 200 OK"
2025-04-06 10:53:28,442 - httpx - INFO - HTTP Request: POST https://api.telegram.org/bot7209418219:AAG3PCfMo53ocGGHYov1O04kzn56OKUhcP4/answerCallbackQuery "HTTP/1.1 200 OK"
2025-04-06 10:53:28,586 - httpx - INFO - HTTP Request: POST https://api.telegram.org/bot7209418219:AAG3PCfMo53ocGGHYov1O04kzn56OKUhcP4/sendMessage "HTTP/1.1 200 OK"
2025-04-06 10:53:29,641 - httpx - INFO - HTTP Request: POST https://api.telegram.org/bot7209418219:AAG3PCfMo53ocGGHYov1O04kzn56OKUhcP4/getUpdates "HTTP/1.1 200 OK"
2025-04-06 10:53:29,766 - httpx - INFO - HTTP Request: POST https://api.telegram.org/bot7209418219:AAG3PCfMo53ocGGHYov1O04kzn56OKUhcP4/answerCallbackQuery "HTTP/1.1 200 OK"
2025-04-06 10:53:29,916 - httpx - INFO - HTTP Request: POST https://api.telegram.org/bot7209418219:AAG3PCfMo53ocGGHYov1O04kzn56OKUhcP4/editMessageText "HTTP/1.1 200 OK"
2025-04-06 10:53:32,023 - httpx - INFO - HTTP Request: POST https://api.telegram.org/bot7209418219:AAG3PCfMo53ocGGHYov1O04kzn56OKUhcP4/getUpdates "HTTP/1.1 200 OK"
2025-04-06 10:53:32,160 - httpx - INFO - HTTP Request: POST https://api.telegram.org/bot7209418219:AAG3PCfMo53ocGGHYov1O04kzn56OKUhcP4/sendChatAction "HTTP/1.1 200 OK"
2025-04-06 10:53:34,553 - httpx - INFO - HTTP Request: POST https://api.telegram.org/bot7209418219:AAG3PCfMo53ocGGHYov1O04kzn56OKUhcP4/getUpdates "HTTP/1.1 200 OK"
2025-04-06 10:53:36,961 - httpx - INFO - HTTP Request: POST https://api.telegram.org/bot7209418219:AAG3PCfMo53ocGGHYov1O04kzn56OKUhcP4/getUpdates "HTTP/1.1 200 OK"
2025-04-06 10:53:42,402 - httpx - INFO - HTTP Request: POST https://api.telegram.org/bot7209418219:AAG3PCfMo53ocGGHYov1O04kzn56OKUhcP4/sendMessage "HTTP/1.1 200 OK"
2025-04-06 10:53:42,572 - httpx - INFO - HTTP Request: POST https://api.telegram.org/bot7209418219:AAG3PCfMo53ocGGHYov1O04kzn56OKUhcP4/sendChatAction "HTTP/1.1 200 OK"
2025-04-06 10:53:47,080 - httpx - INFO - HTTP Request: POST https://api.telegram.org/bot7209418219:AAG3PCfMo53ocGGHYov1O04kzn56OKUhcP4/getUpdates "HTTP/1.1 200 OK"
2025-04-06 10:53:53,788 - httpx - INFO - HTTP Request: POST https://api.telegram.org/bot7209418219:AAG3PCfMo53ocGGHYov1O04kzn56OKUhcP4/sendMessage "HTTP/1.1 200 OK"
2025-04-06 10:53:57,200 - httpx - INFO - HTTP Request: POST https://api.telegram.org/bot7209418219:AAG3PCfMo53ocGGHYov1O04kzn56OKUhcP4/getUpdates "HTTP/1.1 200 OK"
2025-04-06 10:54:07,320 - httpx - INFO - HTTP Request: POST https://api.telegram.org/bot7209418219:AAG3PCfMo53ocGGHYov1O04kzn56OKUhcP4/getUpdates "HTTP/1.1 200 OK"
2025-04-06 10:54:17,439 - httpx - INFO - HTTP Request: POST https://api.telegram.org/bot7209418219:AAG3PCfMo53ocGGHYov1O04kzn56OKUhcP4/getUpdates "HTTP/1.1 200 OK"
2025-04-06 10:54:27,559 - httpx - INFO - HTTP Request: POST https://api.telegram.org/bot7209418219:AAG3PCfMo53ocGGHYov1O04kzn56OKUhcP4/getUpdates "HTTP/1.1 200 OK"
2025-04-06 10:54:37,679 - httpx - INFO - HTTP Request: POST https://api.telegram.org/bot7209418219:AAG3PCfMo53ocGGHYov1O04kzn56OKUhcP4/getUpdates "HTTP/1.1 200 OK"
2025-04-06 10:54:47,801 - httpx - INFO - HTTP Request: POST https://api.telegram.org/bot7209418219:AAG3PCfMo53ocGGHYov1O04kzn56OKUhcP4/getUpdates "HTTP/1.1 200 OK"
2025-04-06 10:54:57,921 - httpx - INFO - HTTP Request: POST https://api.telegram.org/bot7209418219:AAG3PCfMo53ocGGHYov1O04kzn56OKUhcP4/getUpdates "HTTP/1.1 200 OK"
2025-04-06 10:55:08,040 - httpx - INFO - HTTP Request: POST https://api.telegram.org/bot7209418219:AAG3PCfMo53ocGGHYov1O04kzn56OKUhcP4/getUpdates "HTTP/1.1 200 OK"
2025-04-06 10:55:18,158 - httpx - INFO - HTTP Request: POST https://api.telegram.org/bot7209418219:AAG3PCfMo53ocGGHYov1O04kzn56OKUhcP4/getUpdates "HTTP/1.1 200 OK"
2025-04-06 10:55:28,281 - httpx - INFO - HTTP Request: POST https://api.telegram.org/bot7209418219:AAG3PCfMo53ocGGHYov1O04kzn56OKUhcP4/getUpdates "HTTP/1.1 200 OK"
2025-04-06 10:55:38,401 - httpx - INFO - HTTP Request: POST https://api.telegram.org/bot7209418219:AAG3PCfMo53ocGGHYov1O04kzn56OKUhcP4/getUpdates "HTTP/1.1 200 OK"
2025-04-06 10:55:48,521 - httpx - INFO - HTTP Request: POST https://api.telegram.org/bot7209418219:AAG3PCfMo53ocGGHYov1O04kzn56OKUhcP4/getUpdates "HTTP/1.1 200 OK"
2025-04-06 10:55:58,640 - httpx - INFO - HTTP Request: POST https://api.telegram.org/bot7209418219:AAG3PCfMo53ocGGHYov1O04kzn56OKUhcP4/getUpdates "HTTP/1.1 200 OK"
2025-04-06 10:56:06,076 - httpx - INFO - HTTP Request: POST https://api.telegram.org/bot7209418219:AAG3PCfMo53ocGGHYov1O04kzn56OKUhcP4/getUpdates "HTTP/1.1 200 OK"
2025-04-06 10:56:06,078 - conversation_handler - INFO - Ignoring message in group chat that's not directed at the bot
2025-04-06 10:56:16,197 - httpx - INFO - HTTP Request: POST https://api.telegram.org/bot7209418219:AAG3PCfMo53ocGGHYov1O04kzn56OKUhcP4/getUpdates "HTTP/1.1 200 OK"
2025-04-06 10:56:26,363 - httpx - INFO - HTTP Request: POST https://api.telegram.org/bot7209418219:AAG3PCfMo53ocGGHYov1O04kzn56OKUhcP4/getUpdates "HTTP/1.1 200 OK"
2025-04-06 10:56:36,492 - httpx - INFO - HTTP Request: POST https://api.telegram.org/bot7209418219:AAG3PCfMo53ocGGHYov1O04kzn56OKUhcP4/getUpdates "HTTP/1.1 200 OK"
2025-04-06 10:56:46,612 - httpx - INFO - HTTP Request: POST https://api.telegram.org/bot7209418219:AAG3PCfMo53ocGGHYov1O04kzn56OKUhcP4/getUpdates "HTTP/1.1 200 OK"
2025-04-06 10:56:56,731 - httpx - INFO - HTTP Request: POST https://api.telegram.org/bot7209418219:AAG3PCfMo53ocGGHYov1O04kzn56OKUhcP4/getUpdates "HTTP/1.1 200 OK"
2025-04-06 10:57:06,851 - httpx - INFO - HTTP Request: POST https://api.telegram.org/bot7209418219:AAG3PCfMo53ocGGHYov1O04kzn56OKUhcP4/getUpdates "HTTP/1.1 200 OK"
2025-04-06 10:57:16,970 - httpx - INFO - HTTP Request: POST https://api.telegram.org/bot7209418219:AAG3PCfMo53ocGGHYov1O04kzn56OKUhcP4/getUpdates "HTTP/1.1 200 OK"
2025-04-06 10:57:27,090 - httpx - INFO - HTTP Request: POST https://api.telegram.org/bot7209418219:AAG3PCfMo53ocGGHYov1O04kzn56OKUhcP4/getUpdates "HTTP/1.1 200 OK"
2025-04-06 10:57:27,421 - httpx - INFO - HTTP Request: POST https://api.telegram.org/bot7209418219:AAG3PCfMo53ocGGHYov1O04kzn56OKUhcP4/getUpdates "HTTP/1.1 200 OK"
2025-04-06 10:57:27,423 - conversation_handler - INFO - Ignoring message in group chat that's not directed at the bot
2025-04-06 10:57:37,545 - httpx - INFO - HTTP Request: POST https://api.telegram.org/bot7209418219:AAG3PCfMo53ocGGHYov1O04kzn56OKUhcP4/getUpdates "HTTP/1.1 200 OK"
2025-04-06 10:57:47,667 - httpx - INFO - HTTP Request: POST https://api.telegram.org/bot7209418219:AAG3PCfMo53ocGGHYov1O04kzn56OKUhcP4/getUpdates "HTTP/1.1 200 OK"
2025-04-06 10:57:57,799 - httpx - INFO - HTTP Request: POST https://api.telegram.org/bot7209418219:AAG3PCfMo53ocGGHYov1O04kzn56OKUhcP4/getUpdates "HTTP/1.1 200 OK"
2025-04-06 10:58:07,919 - httpx - INFO - HTTP Request: POST https://api.telegram.org/bot7209418219:AAG3PCfMo53ocGGHYov1O04kzn56OKUhcP4/getUpdates "HTTP/1.1 200 OK"
2025-04-06 10:58:18,038 - httpx - INFO - HTTP Request: POST https://api.telegram.org/bot7209418219:AAG3PCfMo53ocGGHYov1O04kzn56OKUhcP4/getUpdates "HTTP/1.1 200 OK"
2025-04-06 10:58:28,161 - httpx - INFO - HTTP Request: POST https://api.telegram.org/bot7209418219:AAG3PCfMo53ocGGHYov1O04kzn56OKUhcP4/getUpdates "HTTP/1.1 200 OK"
2025-04-06 10:58:34,733 - httpx - INFO - HTTP Request: POST https://api.telegram.org/bot7209418219:AAG3PCfMo53ocGGHYov1O04kzn56OKUhcP4/getUpdates "HTTP/1.1 200 OK"
2025-04-06 10:58:34,734 - telegram.ext.Application - INFO - Application is stopping. This might take a moment.
2025-04-06 10:58:34,735 - telegram.ext.Application - INFO - Application.stop() complete
2025-04-06 10:58:35,710 - root - INFO - Bot started!
2025-04-06 10:58:36,076 - httpx - INFO - HTTP Request: POST https://api.telegram.org/bot7209418219:AAG3PCfMo53ocGGHYov1O04kzn56OKUhcP4/getMe "HTTP/1.1 200 OK"
2025-04-06 10:58:36,195 - httpx - INFO - HTTP Request: POST https://api.telegram.org/bot7209418219:AAG3PCfMo53ocGGHYov1O04kzn56OKUhcP4/deleteWebhook "HTTP/1.1 200 OK"
2025-04-06 10:58:36,196 - telegram.ext.Application - INFO - Application started
2025-04-06 10:58:46,557 - httpx - INFO - HTTP Request: POST https://api.telegram.org/bot7209418219:AAG3PCfMo53ocGGHYov1O04kzn56OKUhcP4/getUpdates "HTTP/1.1 200 OK"
2025-04-06 10:58:52,488 - httpx - INFO - HTTP Request: POST https://api.telegram.org/bot7209418219:AAG3PCfMo53ocGGHYov1O04kzn56OKUhcP4/getUpdates "HTTP/1.1 200 OK"
2025-04-06 10:58:52,489 - telegram.ext.Application - INFO - Application is stopping. This might take a moment.
2025-04-06 10:58:52,489 - telegram.ext.Application - INFO - Application.stop() complete
2025-04-06 11:01:10,396 - root - INFO - Bot started!
2025-04-06 11:01:10,779 - httpx - INFO - HTTP Request: POST https://api.telegram.org/bot7209418219:AAG3PCfMo53ocGGHYov1O04kzn56OKUhcP4/getMe "HTTP/1.1 200 OK"
2025-04-06 11:01:10,900 - httpx - INFO - HTTP Request: POST https://api.telegram.org/bot7209418219:AAG3PCfMo53ocGGHYov1O04kzn56OKUhcP4/deleteWebhook "HTTP/1.1 200 OK"
2025-04-06 11:01:10,902 - telegram.ext.Application - INFO - Application started
2025-04-06 11:01:11,257 - httpx - INFO - HTTP Request: POST https://api.telegram.org/bot7209418219:AAG3PCfMo53ocGGHYov1O04kzn56OKUhcP4/getUpdates "HTTP/1.1 200 OK"
2025-04-06 11:01:11,259 - conversation_handler - INFO - Ignoring message in group chat that's not directed at the bot
2025-04-06 11:01:11,415 - httpx - INFO - HTTP Request: POST https://api.telegram.org/bot7209418219:AAG3PCfMo53ocGGHYov1O04kzn56OKUhcP4/sendMessage "HTTP/1.1 200 OK"
2025-04-06 11:01:19,908 - httpx - INFO - HTTP Request: POST https://api.telegram.org/bot7209418219:AAG3PCfMo53ocGGHYov1O04kzn56OKUhcP4/getUpdates "HTTP/1.1 200 OK"
2025-04-06 11:01:20,308 - httpx - INFO - HTTP Request: POST https://api.telegram.org/bot7209418219:AAG3PCfMo53ocGGHYov1O04kzn56OKUhcP4/answerCallbackQuery "HTTP/1.1 200 OK"
2025-04-06 11:01:20,533 - httpx - INFO - HTTP Request: POST https://api.telegram.org/bot7209418219:AAG3PCfMo53ocGGHYov1O04kzn56OKUhcP4/sendMessage "HTTP/1.1 200 OK"
2025-04-06 11:01:24,092 - root - INFO - Bot started!
2025-04-06 11:01:24,459 - httpx - INFO - HTTP Request: POST https://api.telegram.org/bot7209418219:AAG3PCfMo53ocGGHYov1O04kzn56OKUhcP4/getMe "HTTP/1.1 200 OK"
2025-04-06 11:01:24,578 - httpx - INFO - HTTP Request: POST https://api.telegram.org/bot7209418219:AAG3PCfMo53ocGGHYov1O04kzn56OKUhcP4/deleteWebhook "HTTP/1.1 200 OK"
2025-04-06 11:01:24,580 - telegram.ext.Application - INFO - Application started
2025-04-06 11:01:34,935 - httpx - INFO - HTTP Request: POST https://api.telegram.org/bot7209418219:AAG3PCfMo53ocGGHYov1O04kzn56OKUhcP4/getUpdates "HTTP/1.1 200 OK"
2025-04-06 11:01:45,054 - httpx - INFO - HTTP Request: POST https://api.telegram.org/bot7209418219:AAG3PCfMo53ocGGHYov1O04kzn56OKUhcP4/getUpdates "HTTP/1.1 200 OK"
2025-04-06 11:01:55,174 - httpx - INFO - HTTP Request: POST https://api.telegram.org/bot7209418219:AAG3PCfMo53ocGGHYov1O04kzn56OKUhcP4/getUpdates "HTTP/1.1 200 OK"
2025-04-06 11:02:05,304 - httpx - INFO - HTTP Request: POST https://api.telegram.org/bot7209418219:AAG3PCfMo53ocGGHYov1O04kzn56OKUhcP4/getUpdates "HTTP/1.1 200 OK"
2025-04-06 11:02:15,427 - httpx - INFO - HTTP Request: POST https://api.telegram.org/bot7209418219:AAG3PCfMo53ocGGHYov1O04kzn56OKUhcP4/getUpdates "HTTP/1.1 200 OK"
2025-04-06 11:02:25,545 - httpx - INFO - HTTP Request: POST https://api.telegram.org/bot7209418219:AAG3PCfMo53ocGGHYov1O04kzn56OKUhcP4/getUpdates "HTTP/1.1 200 OK"
2025-04-06 11:02:35,667 - httpx - INFO - HTTP Request: POST https://api.telegram.org/bot7209418219:AAG3PCfMo53ocGGHYov1O04kzn56OKUhcP4/getUpdates "HTTP/1.1 200 OK"
2025-04-06 11:02:45,791 - httpx - INFO - HTTP Request: POST https://api.telegram.org/bot7209418219:AAG3PCfMo53ocGGHYov1O04kzn56OKUhcP4/getUpdates "HTTP/1.1 200 OK"
2025-04-06 11:02:55,914 - httpx - INFO - HTTP Request: POST https://api.telegram.org/bot7209418219:AAG3PCfMo53ocGGHYov1O04kzn56OKUhcP4/getUpdates "HTTP/1.1 200 OK"
2025-04-06 11:03:06,032 - httpx - INFO - HTTP Request: POST https://api.telegram.org/bot7209418219:AAG3PCfMo53ocGGHYov1O04kzn56OKUhcP4/getUpdates "HTTP/1.1 200 OK"
2025-04-06 11:03:16,150 - httpx - INFO - HTTP Request: POST https://api.telegram.org/bot7209418219:AAG3PCfMo53ocGGHYov1O04kzn56OKUhcP4/getUpdates "HTTP/1.1 200 OK"
2025-04-06 11:03:26,267 - httpx - INFO - HTTP Request: POST https://api.telegram.org/bot7209418219:AAG3PCfMo53ocGGHYov1O04kzn56OKUhcP4/getUpdates "HTTP/1.1 200 OK"
2025-04-06 11:03:36,391 - httpx - INFO - HTTP Request: POST https://api.telegram.org/bot7209418219:AAG3PCfMo53ocGGHYov1O04kzn56OKUhcP4/getUpdates "HTTP/1.1 200 OK"
2025-04-06 11:03:46,509 - httpx - INFO - HTTP Request: POST https://api.telegram.org/bot7209418219:AAG3PCfMo53ocGGHYov1O04kzn56OKUhcP4/getUpdates "HTTP/1.1 200 OK"
2025-04-06 11:03:56,630 - httpx - INFO - HTTP Request: POST https://api.telegram.org/bot7209418219:AAG3PCfMo53ocGGHYov1O04kzn56OKUhcP4/getUpdates "HTTP/1.1 200 OK"
2025-04-06 11:04:06,748 - httpx - INFO - HTTP Request: POST https://api.telegram.org/bot7209418219:AAG3PCfMo53ocGGHYov1O04kzn56OKUhcP4/getUpdates "HTTP/1.1 200 OK"
2025-04-06 11:04:16,870 - httpx - INFO - HTTP Request: POST https://api.telegram.org/bot7209418219:AAG3PCfMo53ocGGHYov1O04kzn56OKUhcP4/getUpdates "HTTP/1.1 200 OK"
2025-04-06 11:04:26,988 - httpx - INFO - HTTP Request: POST https://api.telegram.org/bot7209418219:AAG3PCfMo53ocGGHYov1O04kzn56OKUhcP4/getUpdates "HTTP/1.1 200 OK"
2025-04-06 11:04:37,115 - httpx - INFO - HTTP Request: POST https://api.telegram.org/bot7209418219:AAG3PCfMo53ocGGHYov1O04kzn56OKUhcP4/getUpdates "HTTP/1.1 200 OK"
2025-04-06 11:04:47,234 - httpx - INFO - HTTP Request: POST https://api.telegram.org/bot7209418219:AAG3PCfMo53ocGGHYov1O04kzn56OKUhcP4/getUpdates "HTTP/1.1 200 OK"
2025-04-06 11:04:57,368 - httpx - INFO - HTTP Request: POST https://api.telegram.org/bot7209418219:AAG3PCfMo53ocGGHYov1O04kzn56OKUhcP4/getUpdates "HTTP/1.1 200 OK"
2025-04-06 11:05:07,513 - httpx - INFO - HTTP Request: POST https://api.telegram.org/bot7209418219:AAG3PCfMo53ocGGHYov1O04kzn56OKUhcP4/getUpdates "HTTP/1.1 200 OK"
2025-04-06 11:05:17,631 - httpx - INFO - HTTP Request: POST https://api.telegram.org/bot7209418219:AAG3PCfMo53ocGGHYov1O04kzn56OKUhcP4/getUpdates "HTTP/1.1 200 OK"
2025-04-06 11:05:27,749 - httpx - INFO - HTTP Request: POST https://api.telegram.org/bot7209418219:AAG3PCfMo53ocGGHYov1O04kzn56OKUhcP4/getUpdates "HTTP/1.1 200 OK"
2025-04-06 11:05:37,878 - httpx - INFO - HTTP Request: POST https://api.telegram.org/bot7209418219:AAG3PCfMo53ocGGHYov1O04kzn56OKUhcP4/getUpdates "HTTP/1.1 200 OK"
2025-04-06 11:05:48,004 - httpx - INFO - HTTP Request: POST https://api.telegram.org/bot7209418219:AAG3PCfMo53ocGGHYov1O04kzn56OKUhcP4/getUpdates "HTTP/1.1 200 OK"
2025-04-06 11:05:58,126 - httpx - INFO - HTTP Request: POST https://api.telegram.org/bot7209418219:AAG3PCfMo53ocGGHYov1O04kzn56OKUhcP4/getUpdates "HTTP/1.1 200 OK"
2025-04-06 11:06:08,244 - httpx - INFO - HTTP Request: POST https://api.telegram.org/bot7209418219:AAG3PCfMo53ocGGHYov1O04kzn56OKUhcP4/getUpdates "HTTP/1.1 200 OK"
2025-04-06 11:06:18,363 - httpx - INFO - HTTP Request: POST https://api.telegram.org/bot7209418219:AAG3PCfMo53ocGGHYov1O04kzn56OKUhcP4/getUpdates "HTTP/1.1 200 OK"
2025-04-06 11:06:28,480 - httpx - INFO - HTTP Request: POST https://api.telegram.org/bot7209418219:AAG3PCfMo53ocGGHYov1O04kzn56OKUhcP4/getUpdates "HTTP/1.1 200 OK"
2025-04-06 11:06:38,599 - httpx - INFO - HTTP Request: POST https://api.telegram.org/bot7209418219:AAG3PCfMo53ocGGHYov1O04kzn56OKUhcP4/getUpdates "HTTP/1.1 200 OK"
2025-04-06 11:06:48,721 - httpx - INFO - HTTP Request: POST https://api.telegram.org/bot7209418219:AAG3PCfMo53ocGGHYov1O04kzn56OKUhcP4/getUpdates "HTTP/1.1 200 OK"
2025-04-06 11:06:55,009 - httpx - INFO - HTTP Request: POST https://api.telegram.org/bot7209418219:AAG3PCfMo53ocGGHYov1O04kzn56OKUhcP4/getUpdates "HTTP/1.1 200 OK"
2025-04-06 11:06:55,011 - conversation_handler - INFO - Ignoring message in group chat that's not directed at the bot
2025-04-06 11:06:56,775 - httpx - INFO - HTTP Request: POST https://api.telegram.org/bot7209418219:AAG3PCfMo53ocGGHYov1O04kzn56OKUhcP4/getUpdates "HTTP/1.1 200 OK"
2025-04-06 11:07:06,894 - httpx - INFO - HTTP Request: POST https://api.telegram.org/bot7209418219:AAG3PCfMo53ocGGHYov1O04kzn56OKUhcP4/getUpdates "HTTP/1.1 200 OK"
2025-04-06 11:07:09,430 - httpx - INFO - HTTP Request: POST https://api.telegram.org/bot7209418219:AAG3PCfMo53ocGGHYov1O04kzn56OKUhcP4/getUpdates "HTTP/1.1 200 OK"
2025-04-06 11:07:19,552 - httpx - INFO - HTTP Request: POST https://api.telegram.org/bot7209418219:AAG3PCfMo53ocGGHYov1O04kzn56OKUhcP4/getUpdates "HTTP/1.1 200 OK"
2025-04-06 11:07:29,670 - httpx - INFO - HTTP Request: POST https://api.telegram.org/bot7209418219:AAG3PCfMo53ocGGHYov1O04kzn56OKUhcP4/getUpdates "HTTP/1.1 200 OK"
2025-04-06 11:07:39,789 - httpx - INFO - HTTP Request: POST https://api.telegram.org/bot7209418219:AAG3PCfMo53ocGGHYov1O04kzn56OKUhcP4/getUpdates "HTTP/1.1 200 OK"
2025-04-06 11:07:49,917 - httpx - INFO - HTTP Request: POST https://api.telegram.org/bot7209418219:AAG3PCfMo53ocGGHYov1O04kzn56OKUhcP4/getUpdates "HTTP/1.1 200 OK"
2025-04-06 11:08:00,036 - httpx - INFO - HTTP Request: POST https://api.telegram.org/bot7209418219:AAG3PCfMo53ocGGHYov1O04kzn56OKUhcP4/getUpdates "HTTP/1.1 200 OK"
2025-04-06 11:08:10,155 - httpx - INFO - HTTP Request: POST https://api.telegram.org/bot7209418219:AAG3PCfMo53ocGGHYov1O04kzn56OKUhcP4/getUpdates "HTTP/1.1 200 OK"
2025-04-06 11:08:20,275 - httpx - INFO - HTTP Request: POST https://api.telegram.org/bot7209418219:AAG3PCfMo53ocGGHYov1O04kzn56OKUhcP4/getUpdates "HTTP/1.1 200 OK"
2025-04-06 11:08:30,393 - httpx - INFO - HTTP Request: POST https://api.telegram.org/bot7209418219:AAG3PCfMo53ocGGHYov1O04kzn56OKUhcP4/getUpdates "HTTP/1.1 200 OK"
2025-04-06 11:08:40,516 - httpx - INFO - HTTP Request: POST https://api.telegram.org/bot7209418219:AAG3PCfMo53ocGGHYov1O04kzn56OKUhcP4/getUpdates "HTTP/1.1 200 OK"
2025-04-06 11:08:50,636 - httpx - INFO - HTTP Request: POST https://api.telegram.org/bot7209418219:AAG3PCfMo53ocGGHYov1O04kzn56OKUhcP4/getUpdates "HTTP/1.1 200 OK"
2025-04-06 11:09:00,759 - httpx - INFO - HTTP Request: POST https://api.telegram.org/bot7209418219:AAG3PCfMo53ocGGHYov1O04kzn56OKUhcP4/getUpdates "HTTP/1.1 200 OK"
2025-04-06 11:09:10,883 - httpx - INFO - HTTP Request: POST https://api.telegram.org/bot7209418219:AAG3PCfMo53ocGGHYov1O04kzn56OKUhcP4/getUpdates "HTTP/1.1 200 OK"
2025-04-06 11:09:21,007 - httpx - INFO - HTTP Request: POST https://api.telegram.org/bot7209418219:AAG3PCfMo53ocGGHYov1O04kzn56OKUhcP4/getUpdates "HTTP/1.1 200 OK"
2025-04-06 11:09:31,128 - httpx - INFO - HTTP Request: POST https://api.telegram.org/bot7209418219:AAG3PCfMo53ocGGHYov1O04kzn56OKUhcP4/getUpdates "HTTP/1.1 200 OK"
2025-04-06 11:09:41,249 - httpx - INFO - HTTP Request: POST https://api.telegram.org/bot7209418219:AAG3PCfMo53ocGGHYov1O04kzn56OKUhcP4/getUpdates "HTTP/1.1 200 OK"
2025-04-06 11:09:41,586 - httpx - INFO - HTTP Request: POST https://api.telegram.org/bot7209418219:AAG3PCfMo53ocGGHYov1O04kzn56OKUhcP4/getUpdates "HTTP/1.1 200 OK"
2025-04-06 11:09:42,047 - httpx - INFO - HTTP Request: POST https://api.telegram.org/bot7209418219:AAG3PCfMo53ocGGHYov1O04kzn56OKUhcP4/sendMessage "HTTP/1.1 200 OK"
2025-04-06 11:09:51,727 - httpx - INFO - HTTP Request: POST https://api.telegram.org/bot7209418219:AAG3PCfMo53ocGGHYov1O04kzn56OKUhcP4/getUpdates "HTTP/1.1 200 OK"
2025-04-06 11:10:01,967 - httpx - INFO - HTTP Request: POST https://api.telegram.org/bot7209418219:AAG3PCfMo53ocGGHYov1O04kzn56OKUhcP4/getUpdates "HTTP/1.1 200 OK"
2025-04-06 11:10:09,436 - httpx - INFO - HTTP Request: POST https://api.telegram.org/bot7209418219:AAG3PCfMo53ocGGHYov1O04kzn56OKUhcP4/getUpdates "HTTP/1.1 200 OK"
2025-04-06 11:10:19,555 - httpx - INFO - HTTP Request: POST https://api.telegram.org/bot7209418219:AAG3PCfMo53ocGGHYov1O04kzn56OKUhcP4/getUpdates "HTTP/1.1 200 OK"
2025-04-06 11:10:29,681 - httpx - INFO - HTTP Request: POST https://api.telegram.org/bot7209418219:AAG3PCfMo53ocGGHYov1O04kzn56OKUhcP4/getUpdates "HTTP/1.1 200 OK"
2025-04-06 11:10:32,204 - httpx - INFO - HTTP Request: POST https://api.telegram.org/bot7209418219:AAG3PCfMo53ocGGHYov1O04kzn56OKUhcP4/getUpdates "HTTP/1.1 200 OK"
2025-04-06 11:10:32,206 - conversation_handler - INFO - Ignoring message in group chat that's not directed at the bot
2025-04-06 11:10:36,044 - httpx - INFO - HTTP Request: POST https://api.telegram.org/bot7209418219:AAG3PCfMo53ocGGHYov1O04kzn56OKUhcP4/getUpdates "HTTP/1.1 200 OK"
2025-04-06 11:10:46,166 - httpx - INFO - HTTP Request: POST https://api.telegram.org/bot7209418219:AAG3PCfMo53ocGGHYov1O04kzn56OKUhcP4/getUpdates "HTTP/1.1 200 OK"
2025-04-06 11:10:49,760 - httpx - INFO - HTTP Request: POST https://api.telegram.org/bot7209418219:AAG3PCfMo53ocGGHYov1O04kzn56OKUhcP4/getUpdates "HTTP/1.1 200 OK"
2025-04-06 11:10:49,762 - conversation_handler - INFO - Ignoring message in group chat that's not directed at the bot
2025-04-06 11:10:53,927 - httpx - INFO - HTTP Request: POST https://api.telegram.org/bot7209418219:AAG3PCfMo53ocGGHYov1O04kzn56OKUhcP4/getUpdates "HTTP/1.1 200 OK"
2025-04-06 11:10:53,929 - conversation_handler - INFO - Ignoring message in group chat that's not directed at the bot
2025-04-06 11:11:04,048 - httpx - INFO - HTTP Request: POST https://api.telegram.org/bot7209418219:AAG3PCfMo53ocGGHYov1O04kzn56OKUhcP4/getUpdates "HTTP/1.1 200 OK"
2025-04-06 11:11:14,166 - httpx - INFO - HTTP Request: POST https://api.telegram.org/bot7209418219:AAG3PCfMo53ocGGHYov1O04kzn56OKUhcP4/getUpdates "HTTP/1.1 200 OK"
2025-04-06 11:11:24,287 - httpx - INFO - HTTP Request: POST https://api.telegram.org/bot7209418219:AAG3PCfMo53ocGGHYov1O04kzn56OKUhcP4/getUpdates "HTTP/1.1 200 OK"
2025-04-06 11:11:27,990 - httpx - INFO - HTTP Request: POST https://api.telegram.org/bot7209418219:AAG3PCfMo53ocGGHYov1O04kzn56OKUhcP4/getUpdates "HTTP/1.1 200 OK"
2025-04-06 11:11:27,992 - conversation_handler - INFO - Ignoring message in group chat that's not directed at the bot
2025-04-06 11:11:38,111 - httpx - INFO - HTTP Request: POST https://api.telegram.org/bot7209418219:AAG3PCfMo53ocGGHYov1O04kzn56OKUhcP4/getUpdates "HTTP/1.1 200 OK"
2025-04-06 11:11:48,231 - httpx - INFO - HTTP Request: POST https://api.telegram.org/bot7209418219:AAG3PCfMo53ocGGHYov1O04kzn56OKUhcP4/getUpdates "HTTP/1.1 200 OK"
2025-04-06 11:11:58,356 - httpx - INFO - HTTP Request: POST https://api.telegram.org/bot7209418219:AAG3PCfMo53ocGGHYov1O04kzn56OKUhcP4/getUpdates "HTTP/1.1 200 OK"
2025-04-06 11:12:08,477 - httpx - INFO - HTTP Request: POST https://api.telegram.org/bot7209418219:AAG3PCfMo53ocGGHYov1O04kzn56OKUhcP4/getUpdates "HTTP/1.1 200 OK"
2025-04-06 11:12:18,601 - httpx - INFO - HTTP Request: POST https://api.telegram.org/bot7209418219:AAG3PCfMo53ocGGHYov1O04kzn56OKUhcP4/getUpdates "HTTP/1.1 200 OK"
2025-04-06 11:12:28,723 - httpx - INFO - HTTP Request: POST https://api.telegram.org/bot7209418219:AAG3PCfMo53ocGGHYov1O04kzn56OKUhcP4/getUpdates "HTTP/1.1 200 OK"
2025-04-06 11:12:38,844 - httpx - INFO - HTTP Request: POST https://api.telegram.org/bot7209418219:AAG3PCfMo53ocGGHYov1O04kzn56OKUhcP4/getUpdates "HTTP/1.1 200 OK"
2025-04-06 11:12:48,964 - httpx - INFO - HTTP Request: POST https://api.telegram.org/bot7209418219:AAG3PCfMo53ocGGHYov1O04kzn56OKUhcP4/getUpdates "HTTP/1.1 200 OK"
2025-04-06 11:12:59,083 - httpx - INFO - HTTP Request: POST https://api.telegram.org/bot7209418219:AAG3PCfMo53ocGGHYov1O04kzn56OKUhcP4/getUpdates "HTTP/1.1 200 OK"
2025-04-06 11:13:09,205 - httpx - INFO - HTTP Request: POST https://api.telegram.org/bot7209418219:AAG3PCfMo53ocGGHYov1O04kzn56OKUhcP4/getUpdates "HTTP/1.1 200 OK"
2025-04-06 11:13:19,325 - httpx - INFO - HTTP Request: POST https://api.telegram.org/bot7209418219:AAG3PCfMo53ocGGHYov1O04kzn56OKUhcP4/getUpdates "HTTP/1.1 200 OK"
2025-04-06 11:13:29,444 - httpx - INFO - HTTP Request: POST https://api.telegram.org/bot7209418219:AAG3PCfMo53ocGGHYov1O04kzn56OKUhcP4/getUpdates "HTTP/1.1 200 OK"
2025-04-06 11:13:39,568 - httpx - INFO - HTTP Request: POST https://api.telegram.org/bot7209418219:AAG3PCfMo53ocGGHYov1O04kzn56OKUhcP4/getUpdates "HTTP/1.1 200 OK"
2025-04-06 11:13:49,696 - httpx - INFO - HTTP Request: POST https://api.telegram.org/bot7209418219:AAG3PCfMo53ocGGHYov1O04kzn56OKUhcP4/getUpdates "HTTP/1.1 200 OK"
2025-04-06 11:13:59,816 - httpx - INFO - HTTP Request: POST https://api.telegram.org/bot7209418219:AAG3PCfMo53ocGGHYov1O04kzn56OKUhcP4/getUpdates "HTTP/1.1 200 OK"
2025-04-06 11:14:09,936 - httpx - INFO - HTTP Request: POST https://api.telegram.org/bot7209418219:AAG3PCfMo53ocGGHYov1O04kzn56OKUhcP4/getUpdates "HTTP/1.1 200 OK"
2025-04-06 11:14:20,058 - httpx - INFO - HTTP Request: POST https://api.telegram.org/bot7209418219:AAG3PCfMo53ocGGHYov1O04kzn56OKUhcP4/getUpdates "HTTP/1.1 200 OK"
2025-04-06 11:14:30,180 - httpx - INFO - HTTP Request: POST https://api.telegram.org/bot7209418219:AAG3PCfMo53ocGGHYov1O04kzn56OKUhcP4/getUpdates "HTTP/1.1 200 OK"
2025-04-06 11:14:40,309 - httpx - INFO - HTTP Request: POST https://api.telegram.org/bot7209418219:AAG3PCfMo53ocGGHYov1O04kzn56OKUhcP4/getUpdates "HTTP/1.1 200 OK"
2025-04-06 11:14:50,430 - httpx - INFO - HTTP Request: POST https://api.telegram.org/bot7209418219:AAG3PCfMo53ocGGHYov1O04kzn56OKUhcP4/getUpdates "HTTP/1.1 200 OK"
2025-04-06 11:15:00,550 - httpx - INFO - HTTP Request: POST https://api.telegram.org/bot7209418219:AAG3PCfMo53ocGGHYov1O04kzn56OKUhcP4/getUpdates "HTTP/1.1 200 OK"
2025-04-06 11:15:10,679 - httpx - INFO - HTTP Request: POST https://api.telegram.org/bot7209418219:AAG3PCfMo53ocGGHYov1O04kzn56OKUhcP4/getUpdates "HTTP/1.1 200 OK"
2025-04-06 11:15:20,799 - httpx - INFO - HTTP Request: POST https://api.telegram.org/bot7209418219:AAG3PCfMo53ocGGHYov1O04kzn56OKUhcP4/getUpdates "HTTP/1.1 200 OK"
2025-04-06 11:15:30,923 - httpx - INFO - HTTP Request: POST https://api.telegram.org/bot7209418219:AAG3PCfMo53ocGGHYov1O04kzn56OKUhcP4/getUpdates "HTTP/1.1 200 OK"
2025-04-06 11:15:41,046 - httpx - INFO - HTTP Request: POST https://api.telegram.org/bot7209418219:AAG3PCfMo53ocGGHYov1O04kzn56OKUhcP4/getUpdates "HTTP/1.1 200 OK"
2025-04-06 11:15:51,171 - httpx - INFO - HTTP Request: POST https://api.telegram.org/bot7209418219:AAG3PCfMo53ocGGHYov1O04kzn56OKUhcP4/getUpdates "HTTP/1.1 200 OK"
2025-04-06 11:15:55,249 - httpx - INFO - HTTP Request: POST https://api.telegram.org/bot7209418219:AAG3PCfMo53ocGGHYov1O04kzn56OKUhcP4/getUpdates "HTTP/1.1 200 OK"
2025-04-06 11:15:55,251 - conversation_handler - INFO - Ignoring message in group chat that's not directed at the bot
2025-04-06 11:16:05,369 - httpx - INFO - HTTP Request: POST https://api.telegram.org/bot7209418219:AAG3PCfMo53ocGGHYov1O04kzn56OKUhcP4/getUpdates "HTTP/1.1 200 OK"
2025-04-06 11:16:07,824 - httpx - INFO - HTTP Request: POST https://api.telegram.org/bot7209418219:AAG3PCfMo53ocGGHYov1O04kzn56OKUhcP4/getUpdates "HTTP/1.1 200 OK"
2025-04-06 11:16:12,122 - httpx - INFO - HTTP Request: POST https://api.telegram.org/bot7209418219:AAG3PCfMo53ocGGHYov1O04kzn56OKUhcP4/getUpdates "HTTP/1.1 200 OK"
2025-04-06 11:16:12,124 - conversation_handler - INFO - Ignoring message in group chat that's not directed at the bot
2025-04-06 11:16:16,242 - httpx - INFO - HTTP Request: POST https://api.telegram.org/bot7209418219:AAG3PCfMo53ocGGHYov1O04kzn56OKUhcP4/getUpdates "HTTP/1.1 200 OK"
2025-04-06 11:16:16,246 - conversation_handler - INFO - Ignoring message in group chat that's not directed at the bot
2025-04-06 11:16:25,262 - httpx - INFO - HTTP Request: POST https://api.telegram.org/bot7209418219:AAG3PCfMo53ocGGHYov1O04kzn56OKUhcP4/getUpdates "HTTP/1.1 200 OK"
2025-04-06 11:16:25,264 - conversation_handler - INFO - Ignoring message in group chat that's not directed at the bot
2025-04-06 11:16:35,382 - httpx - INFO - HTTP Request: POST https://api.telegram.org/bot7209418219:AAG3PCfMo53ocGGHYov1O04kzn56OKUhcP4/getUpdates "HTTP/1.1 200 OK"
2025-04-06 11:16:45,502 - httpx - INFO - HTTP Request: POST https://api.telegram.org/bot7209418219:AAG3PCfMo53ocGGHYov1O04kzn56OKUhcP4/getUpdates "HTTP/1.1 200 OK"
2025-04-06 11:16:55,857 - httpx - INFO - HTTP Request: POST https://api.telegram.org/bot7209418219:AAG3PCfMo53ocGGHYov1O04kzn56OKUhcP4/getUpdates "HTTP/1.1 200 OK"
2025-04-06 11:16:57,444 - httpx - INFO - HTTP Request: POST https://api.telegram.org/bot7209418219:AAG3PCfMo53ocGGHYov1O04kzn56OKUhcP4/getUpdates "HTTP/1.1 200 OK"
2025-04-06 11:16:57,446 - conversation_handler - INFO - Ignoring message in group chat that's not directed at the bot
2025-04-06 11:17:07,564 - httpx - INFO - HTTP Request: POST https://api.telegram.org/bot7209418219:AAG3PCfMo53ocGGHYov1O04kzn56OKUhcP4/getUpdates "HTTP/1.1 200 OK"
2025-04-06 11:17:17,684 - httpx - INFO - HTTP Request: POST https://api.telegram.org/bot7209418219:AAG3PCfMo53ocGGHYov1O04kzn56OKUhcP4/getUpdates "HTTP/1.1 200 OK"
2025-04-06 11:17:27,807 - httpx - INFO - HTTP Request: POST https://api.telegram.org/bot7209418219:AAG3PCfMo53ocGGHYov1O04kzn56OKUhcP4/getUpdates "HTTP/1.1 200 OK"
2025-04-06 11:17:33,836 - httpx - INFO - HTTP Request: POST https://api.telegram.org/bot7209418219:AAG3PCfMo53ocGGHYov1O04kzn56OKUhcP4/getUpdates "HTTP/1.1 200 OK"
2025-04-06 11:17:33,837 - conversation_handler - INFO - Ignoring message in group chat that's not directed at the bot
2025-04-06 11:17:43,956 - httpx - INFO - HTTP Request: POST https://api.telegram.org/bot7209418219:AAG3PCfMo53ocGGHYov1O04kzn56OKUhcP4/getUpdates "HTTP/1.1 200 OK"
2025-04-06 11:17:54,084 - httpx - INFO - HTTP Request: POST https://api.telegram.org/bot7209418219:AAG3PCfMo53ocGGHYov1O04kzn56OKUhcP4/getUpdates "HTTP/1.1 200 OK"
2025-04-06 11:17:55,302 - httpx - INFO - HTTP Request: POST https://api.telegram.org/bot7209418219:AAG3PCfMo53ocGGHYov1O04kzn56OKUhcP4/getUpdates "HTTP/1.1 200 OK"
2025-04-06 11:17:55,304 - conversation_handler - INFO - Ignoring message in group chat that's not directed at the bot
2025-04-06 11:17:57,905 - httpx - INFO - HTTP Request: POST https://api.telegram.org/bot7209418219:AAG3PCfMo53ocGGHYov1O04kzn56OKUhcP4/getUpdates "HTTP/1.1 200 OK"
2025-04-06 12:52:28,680 - root - INFO - Bot started!
2025-04-06 12:52:28,680 - root - INFO - Health check server started on port 8000
2025-04-06 12:52:29,069 - httpx - INFO - HTTP Request: POST https://api.telegram.org/bot7209418219:AAG3PCfMo53ocGGHYov1O04kzn56OKUhcP4/getMe "HTTP/1.1 200 OK"
2025-04-06 12:52:29,193 - httpx - INFO - HTTP Request: POST https://api.telegram.org/bot7209418219:AAG3PCfMo53ocGGHYov1O04kzn56OKUhcP4/deleteWebhook "HTTP/1.1 200 OK"
2025-04-06 12:52:29,195 - telegram.ext.Application - INFO - Application started
2025-04-06 12:52:29,553 - httpx - INFO - HTTP Request: POST https://api.telegram.org/bot7209418219:AAG3PCfMo53ocGGHYov1O04kzn56OKUhcP4/getUpdates "HTTP/1.1 200 OK"
2025-04-06 12:52:29,762 - httpx - INFO - HTTP Request: POST https://api.telegram.org/bot7209418219:AAG3PCfMo53ocGGHYov1O04kzn56OKUhcP4/sendMessage "HTTP/1.1 200 OK"
2025-04-06 12:52:29,943 - httpx - INFO - HTTP Request: POST https://api.telegram.org/bot7209418219:AAG3PCfMo53ocGGHYov1O04kzn56OKUhcP4/sendMessage "HTTP/1.1 200 OK"
2025-04-06 12:52:29,944 - conversation_handler - INFO - Ignoring message in group chat that's not directed at the bot
2025-04-06 12:52:29,945 - conversation_handler - INFO - Ignoring message in group chat that's not directed at the bot
2025-04-06 12:52:39,691 - httpx - INFO - HTTP Request: POST https://api.telegram.org/bot7209418219:AAG3PCfMo53ocGGHYov1O04kzn56OKUhcP4/getUpdates "HTTP/1.1 200 OK"
2025-04-06 12:52:49,842 - httpx - INFO - HTTP Request: POST https://api.telegram.org/bot7209418219:AAG3PCfMo53ocGGHYov1O04kzn56OKUhcP4/getUpdates "HTTP/1.1 200 OK"
2025-04-06 12:52:59,963 - httpx - INFO - HTTP Request: POST https://api.telegram.org/bot7209418219:AAG3PCfMo53ocGGHYov1O04kzn56OKUhcP4/getUpdates "HTTP/1.1 200 OK"
2025-04-06 12:53:10,086 - httpx - INFO - HTTP Request: POST https://api.telegram.org/bot7209418219:AAG3PCfMo53ocGGHYov1O04kzn56OKUhcP4/getUpdates "HTTP/1.1 200 OK"
2025-04-06 12:53:20,215 - httpx - INFO - HTTP Request: POST https://api.telegram.org/bot7209418219:AAG3PCfMo53ocGGHYov1O04kzn56OKUhcP4/getUpdates "HTTP/1.1 200 OK"
2025-04-06 12:53:30,337 - httpx - INFO - HTTP Request: POST https://api.telegram.org/bot7209418219:AAG3PCfMo53ocGGHYov1O04kzn56OKUhcP4/getUpdates "HTTP/1.1 200 OK"
2025-04-06 12:53:40,457 - httpx - INFO - HTTP Request: POST https://api.telegram.org/bot7209418219:AAG3PCfMo53ocGGHYov1O04kzn56OKUhcP4/getUpdates "HTTP/1.1 200 OK"
2025-04-06 12:53:50,578 - httpx - INFO - HTTP Request: POST https://api.telegram.org/bot7209418219:AAG3PCfMo53ocGGHYov1O04kzn56OKUhcP4/getUpdates "HTTP/1.1 200 OK"
2025-04-06 12:54:00,702 - httpx - INFO - HTTP Request: POST https://api.telegram.org/bot7209418219:AAG3PCfMo53ocGGHYov1O04kzn56OKUhcP4/getUpdates "HTTP/1.1 200 OK"
2025-04-06 12:54:10,821 - httpx - INFO - HTTP Request: POST https://api.telegram.org/bot7209418219:AAG3PCfMo53ocGGHYov1O04kzn56OKUhcP4/getUpdates "HTTP/1.1 200 OK"
2025-04-06 12:54:20,948 - httpx - INFO - HTTP Request: POST https://api.telegram.org/bot7209418219:AAG3PCfMo53ocGGHYov1O04kzn56OKUhcP4/getUpdates "HTTP/1.1 200 OK"
2025-04-06 12:54:31,068 - httpx - INFO - HTTP Request: POST https://api.telegram.org/bot7209418219:AAG3PCfMo53ocGGHYov1O04kzn56OKUhcP4/getUpdates "HTTP/1.1 200 OK"
2025-04-06 12:54:41,190 - httpx - INFO - HTTP Request: POST https://api.telegram.org/bot7209418219:AAG3PCfMo53ocGGHYov1O04kzn56OKUhcP4/getUpdates "HTTP/1.1 200 OK"
2025-04-06 12:54:51,311 - httpx - INFO - HTTP Request: POST https://api.telegram.org/bot7209418219:AAG3PCfMo53ocGGHYov1O04kzn56OKUhcP4/getUpdates "HTTP/1.1 200 OK"
2025-04-06 12:55:01,461 - httpx - INFO - HTTP Request: POST https://api.telegram.org/bot7209418219:AAG3PCfMo53ocGGHYov1O04kzn56OKUhcP4/getUpdates "HTTP/1.1 200 OK"
2025-04-06 12:55:11,583 - httpx - INFO - HTTP Request: POST https://api.telegram.org/bot7209418219:AAG3PCfMo53ocGGHYov1O04kzn56OKUhcP4/getUpdates "HTTP/1.1 200 OK"
2025-04-06 12:55:21,704 - httpx - INFO - HTTP Request: POST https://api.telegram.org/bot7209418219:AAG3PCfMo53ocGGHYov1O04kzn56OKUhcP4/getUpdates "HTTP/1.1 200 OK"
2025-04-06 12:55:31,826 - httpx - INFO - HTTP Request: POST https://api.telegram.org/bot7209418219:AAG3PCfMo53ocGGHYov1O04kzn56OKUhcP4/getUpdates "HTTP/1.1 200 OK"
2025-04-06 12:55:41,947 - httpx - INFO - HTTP Request: POST https://api.telegram.org/bot7209418219:AAG3PCfMo53ocGGHYov1O04kzn56OKUhcP4/getUpdates "HTTP/1.1 200 OK"
2025-04-06 12:55:52,073 - httpx - INFO - HTTP Request: POST https://api.telegram.org/bot7209418219:AAG3PCfMo53ocGGHYov1O04kzn56OKUhcP4/getUpdates "HTTP/1.1 200 OK"
2025-04-06 12:56:02,194 - httpx - INFO - HTTP Request: POST https://api.telegram.org/bot7209418219:AAG3PCfMo53ocGGHYov1O04kzn56OKUhcP4/getUpdates "HTTP/1.1 200 OK"
2025-04-06 12:56:12,328 - httpx - INFO - HTTP Request: POST https://api.telegram.org/bot7209418219:AAG3PCfMo53ocGGHYov1O04kzn56OKUhcP4/getUpdates "HTTP/1.1 200 OK"
2025-04-06 12:56:22,447 - httpx - INFO - HTTP Request: POST https://api.telegram.org/bot7209418219:AAG3PCfMo53ocGGHYov1O04kzn56OKUhcP4/getUpdates "HTTP/1.1 200 OK"
2025-04-06 12:56:32,569 - httpx - INFO - HTTP Request: POST https://api.telegram.org/bot7209418219:AAG3PCfMo53ocGGHYov1O04kzn56OKUhcP4/getUpdates "HTTP/1.1 200 OK"
2025-04-06 12:56:36,818 - httpx - INFO - HTTP Request: POST https://api.telegram.org/bot7209418219:AAG3PCfMo53ocGGHYov1O04kzn56OKUhcP4/getUpdates "HTTP/1.1 409 Conflict"
2025-04-06 12:56:36,818 - telegram.ext.Updater - ERROR - Error while getting Updates: Conflict: terminated by other getUpdates request; make sure that only one bot instance is running
2025-04-06 12:56:36,819 - utils - ERROR - Update None caused error Conflict: terminated by other getUpdates request; make sure that only one bot instance is running
2025-04-06 12:56:41,968 - httpx - INFO - HTTP Request: POST https://api.telegram.org/bot7209418219:AAG3PCfMo53ocGGHYov1O04kzn56OKUhcP4/getUpdates "HTTP/1.1 409 Conflict"
2025-04-06 12:56:41,968 - telegram.ext.Updater - ERROR - Error while getting Updates: Conflict: terminated by other getUpdates request; make sure that only one bot instance is running
2025-04-06 12:56:41,969 - utils - ERROR - Update None caused error Conflict: terminated by other getUpdates request; make sure that only one bot instance is running
2025-04-06 12:56:48,114 - httpx - INFO - HTTP Request: POST https://api.telegram.org/bot7209418219:AAG3PCfMo53ocGGHYov1O04kzn56OKUhcP4/getUpdates "HTTP/1.1 409 Conflict"
2025-04-06 12:56:48,115 - telegram.ext.Updater - ERROR - Error while getting Updates: Conflict: terminated by other getUpdates request; make sure that only one bot instance is running
2025-04-06 12:56:48,115 - utils - ERROR - Update None caused error Conflict: terminated by other getUpdates request; make sure that only one bot instance is running
2025-04-06 12:56:55,787 - httpx - INFO - HTTP Request: POST https://api.telegram.org/bot7209418219:AAG3PCfMo53ocGGHYov1O04kzn56OKUhcP4/getUpdates "HTTP/1.1 409 Conflict"
2025-04-06 12:56:55,787 - telegram.ext.Updater - ERROR - Error while getting Updates: Conflict: terminated by other getUpdates request; make sure that only one bot instance is running
2025-04-06 12:56:55,788 - utils - ERROR - Update None caused error Conflict: terminated by other getUpdates request; make sure that only one bot instance is running
2025-04-06 12:57:02,693 - httpx - INFO - HTTP Request: POST https://api.telegram.org/bot7209418219:AAG3PCfMo53ocGGHYov1O04kzn56OKUhcP4/getUpdates "HTTP/1.1 409 Conflict"
2025-04-06 12:57:02,693 - telegram.ext.Updater - ERROR - Error while getting Updates: Conflict: terminated by other getUpdates request; make sure that only one bot instance is running
2025-04-06 12:57:02,693 - utils - ERROR - Update None caused error Conflict: terminated by other getUpdates request; make sure that only one bot instance is running
2025-04-06 12:57:13,235 - httpx - INFO - HTTP Request: POST https://api.telegram.org/bot7209418219:AAG3PCfMo53ocGGHYov1O04kzn56OKUhcP4/getUpdates "HTTP/1.1 409 Conflict"
2025-04-06 12:57:13,235 - telegram.ext.Updater - ERROR - Error while getting Updates: Conflict: terminated by other getUpdates request; make sure that only one bot instance is running
2025-04-06 12:57:13,236 - utils - ERROR - Update None caused error Conflict: terminated by other getUpdates request; make sure that only one bot instance is running
2025-04-06 12:57:28,853 - httpx - INFO - HTTP Request: POST https://api.telegram.org/bot7209418219:AAG3PCfMo53ocGGHYov1O04kzn56OKUhcP4/getUpdates "HTTP/1.1 409 Conflict"
2025-04-06 12:57:28,853 - telegram.ext.Updater - ERROR - Error while getting Updates: Conflict: terminated by other getUpdates request; make sure that only one bot instance is running
2025-04-06 12:57:28,854 - utils - ERROR - Update None caused error Conflict: terminated by other getUpdates request; make sure that only one bot instance is running
2025-04-06 12:57:44,639 - httpx - INFO - HTTP Request: POST https://api.telegram.org/bot7209418219:AAG3PCfMo53ocGGHYov1O04kzn56OKUhcP4/getUpdates "HTTP/1.1 409 Conflict"
2025-04-06 12:57:44,640 - telegram.ext.Updater - ERROR - Error while getting Updates: Conflict: terminated by other getUpdates request; make sure that only one bot instance is running
2025-04-06 12:57:44,640 - utils - ERROR - Update None caused error Conflict: terminated by other getUpdates request; make sure that only one bot instance is running
2025-04-06 12:58:06,126 - httpx - INFO - HTTP Request: POST https://api.telegram.org/bot7209418219:AAG3PCfMo53ocGGHYov1O04kzn56OKUhcP4/getUpdates "HTTP/1.1 409 Conflict"
2025-04-06 12:58:06,127 - telegram.ext.Updater - ERROR - Error while getting Updates: Conflict: terminated by other getUpdates request; make sure that only one bot instance is running
2025-04-06 12:58:06,127 - utils - ERROR - Update None caused error Conflict: terminated by other getUpdates request; make sure that only one bot instance is running
2025-04-06 12:58:36,177 - httpx - INFO - HTTP Request: POST https://api.telegram.org/bot7209418219:AAG3PCfMo53ocGGHYov1O04kzn56OKUhcP4/getUpdates "HTTP/1.1 409 Conflict"
2025-04-06 12:58:36,178 - telegram.ext.Updater - ERROR - Error while getting Updates: Conflict: terminated by other getUpdates request; make sure that only one bot instance is running
2025-04-06 12:58:36,178 - utils - ERROR - Update None caused error Conflict: terminated by other getUpdates request; make sure that only one bot instance is running
2025-04-06 12:59:10,595 - httpx - INFO - HTTP Request: POST https://api.telegram.org/bot7209418219:AAG3PCfMo53ocGGHYov1O04kzn56OKUhcP4/getUpdates "HTTP/1.1 409 Conflict"
2025-04-06 12:59:10,595 - telegram.ext.Updater - ERROR - Error while getting Updates: Conflict: terminated by other getUpdates request; make sure that only one bot instance is running
2025-04-06 12:59:10,596 - utils - ERROR - Update None caused error Conflict: terminated by other getUpdates request; make sure that only one bot instance is running
2025-04-06 12:59:45,007 - httpx - INFO - HTTP Request: POST https://api.telegram.org/bot7209418219:AAG3PCfMo53ocGGHYov1O04kzn56OKUhcP4/getUpdates "HTTP/1.1 409 Conflict"
2025-04-06 12:59:45,008 - telegram.ext.Updater - ERROR - Error while getting Updates: Conflict: terminated by other getUpdates request; make sure that only one bot instance is running
2025-04-06 12:59:45,008 - utils - ERROR - Update None caused error Conflict: terminated by other getUpdates request; make sure that only one bot instance is running
2025-04-06 13:00:19,424 - httpx - INFO - HTTP Request: POST https://api.telegram.org/bot7209418219:AAG3PCfMo53ocGGHYov1O04kzn56OKUhcP4/getUpdates "HTTP/1.1 409 Conflict"
2025-04-06 13:00:19,425 - telegram.ext.Updater - ERROR - Error while getting Updates: Conflict: terminated by other getUpdates request; make sure that only one bot instance is running
2025-04-06 13:00:19,425 - utils - ERROR - Update None caused error Conflict: terminated by other getUpdates request; make sure that only one bot instance is running
2025-04-06 13:00:53,838 - httpx - INFO - HTTP Request: POST https://api.telegram.org/bot7209418219:AAG3PCfMo53ocGGHYov1O04kzn56OKUhcP4/getUpdates "HTTP/1.1 409 Conflict"
2025-04-06 13:00:53,838 - telegram.ext.Updater - ERROR - Error while getting Updates: Conflict: terminated by other getUpdates request; make sure that only one bot instance is running
2025-04-06 13:00:53,839 - utils - ERROR - Update None caused error Conflict: terminated by other getUpdates request; make sure that only one bot instance is running
2025-04-06 13:01:28,247 - httpx - INFO - HTTP Request: POST https://api.telegram.org/bot7209418219:AAG3PCfMo53ocGGHYov1O04kzn56OKUhcP4/getUpdates "HTTP/1.1 409 Conflict"
2025-04-06 13:01:28,248 - telegram.ext.Updater - ERROR - Error while getting Updates: Conflict: terminated by other getUpdates request; make sure that only one bot instance is running
2025-04-06 13:01:28,248 - utils - ERROR - Update None caused error Conflict: terminated by other getUpdates request; make sure that only one bot instance is running
2025-04-06 13:02:02,655 - httpx - INFO - HTTP Request: POST https://api.telegram.org/bot7209418219:AAG3PCfMo53ocGGHYov1O04kzn56OKUhcP4/getUpdates "HTTP/1.1 409 Conflict"
2025-04-06 13:02:02,656 - telegram.ext.Updater - ERROR - Error while getting Updates: Conflict: terminated by other getUpdates request; make sure that only one bot instance is running
2025-04-06 13:02:02,656 - utils - ERROR - Update None caused error Conflict: terminated by other getUpdates request; make sure that only one bot instance is running
2025-04-06 13:02:37,073 - httpx - INFO - HTTP Request: POST https://api.telegram.org/bot7209418219:AAG3PCfMo53ocGGHYov1O04kzn56OKUhcP4/getUpdates "HTTP/1.1 409 Conflict"
2025-04-06 13:02:37,074 - telegram.ext.Updater - ERROR - Error while getting Updates: Conflict: terminated by other getUpdates request; make sure that only one bot instance is running
2025-04-06 13:02:37,074 - utils - ERROR - Update None caused error Conflict: terminated by other getUpdates request; make sure that only one bot instance is running
2025-04-06 13:03:11,486 - httpx - INFO - HTTP Request: POST https://api.telegram.org/bot7209418219:AAG3PCfMo53ocGGHYov1O04kzn56OKUhcP4/getUpdates "HTTP/1.1 409 Conflict"
2025-04-06 13:03:11,486 - telegram.ext.Updater - ERROR - Error while getting Updates: Conflict: terminated by other getUpdates request; make sure that only one bot instance is running
2025-04-06 13:03:11,486 - utils - ERROR - Update None caused error Conflict: terminated by other getUpdates request; make sure that only one bot instance is running
2025-04-06 13:03:45,985 - httpx - INFO - HTTP Request: POST https://api.telegram.org/bot7209418219:AAG3PCfMo53ocGGHYov1O04kzn56OKUhcP4/getUpdates "HTTP/1.1 409 Conflict"
2025-04-06 13:03:45,986 - telegram.ext.Updater - ERROR - Error while getting Updates: Conflict: terminated by other getUpdates request; make sure that only one bot instance is running
2025-04-06 13:03:45,986 - utils - ERROR - Update None caused error Conflict: terminated by other getUpdates request; make sure that only one bot instance is running
2025-04-06 13:04:20,393 - httpx - INFO - HTTP Request: POST https://api.telegram.org/bot7209418219:AAG3PCfMo53ocGGHYov1O04kzn56OKUhcP4/getUpdates "HTTP/1.1 409 Conflict"
2025-04-06 13:04:20,394 - telegram.ext.Updater - ERROR - Error while getting Updates: Conflict: terminated by other getUpdates request; make sure that only one bot instance is running
2025-04-06 13:04:20,394 - utils - ERROR - Update None caused error Conflict: terminated by other getUpdates request; make sure that only one bot instance is running
2025-04-06 13:04:54,804 - httpx - INFO - HTTP Request: POST https://api.telegram.org/bot7209418219:AAG3PCfMo53ocGGHYov1O04kzn56OKUhcP4/getUpdates "HTTP/1.1 409 Conflict"
2025-04-06 13:04:54,805 - telegram.ext.Updater - ERROR - Error while getting Updates: Conflict: terminated by other getUpdates request; make sure that only one bot instance is running
2025-04-06 13:04:54,805 - utils - ERROR - Update None caused error Conflict: terminated by other getUpdates request; make sure that only one bot instance is running
2025-04-06 13:05:29,218 - httpx - INFO - HTTP Request: POST https://api.telegram.org/bot7209418219:AAG3PCfMo53ocGGHYov1O04kzn56OKUhcP4/getUpdates "HTTP/1.1 409 Conflict"
2025-04-06 13:05:29,219 - telegram.ext.Updater - ERROR - Error while getting Updates: Conflict: terminated by other getUpdates request; make sure that only one bot instance is running
2025-04-06 13:05:29,219 - utils - ERROR - Update None caused error Conflict: terminated by other getUpdates request; make sure that only one bot instance is running
2025-04-06 13:06:03,628 - httpx - INFO - HTTP Request: POST https://api.telegram.org/bot7209418219:AAG3PCfMo53ocGGHYov1O04kzn56OKUhcP4/getUpdates "HTTP/1.1 409 Conflict"
2025-04-06 13:06:03,629 - telegram.ext.Updater - ERROR - Error while getting Updates: Conflict: terminated by other getUpdates request; make sure that only one bot instance is running
2025-04-06 13:06:03,629 - utils - ERROR - Update None caused error Conflict: terminated by other getUpdates request; make sure that only one bot instance is running
2025-04-06 13:06:38,035 - httpx - INFO - HTTP Request: POST https://api.telegram.org/bot7209418219:AAG3PCfMo53ocGGHYov1O04kzn56OKUhcP4/getUpdates "HTTP/1.1 409 Conflict"
2025-04-06 13:06:38,036 - telegram.ext.Updater - ERROR - Error while getting Updates: Conflict: terminated by other getUpdates request; make sure that only one bot instance is running
2025-04-06 13:06:38,036 - utils - ERROR - Update None caused error Conflict: terminated by other getUpdates request; make sure that only one bot instance is running
2025-04-06 13:07:12,445 - httpx - INFO - HTTP Request: POST https://api.telegram.org/bot7209418219:AAG3PCfMo53ocGGHYov1O04kzn56OKUhcP4/getUpdates "HTTP/1.1 409 Conflict"
2025-04-06 13:07:12,446 - telegram.ext.Updater - ERROR - Error while getting Updates: Conflict: terminated by other getUpdates request; make sure that only one bot instance is running
2025-04-06 13:07:12,446 - utils - ERROR - Update None caused error Conflict: terminated by other getUpdates request; make sure that only one bot instance is running
2025-04-06 13:07:46,854 - httpx - INFO - HTTP Request: POST https://api.telegram.org/bot7209418219:AAG3PCfMo53ocGGHYov1O04kzn56OKUhcP4/getUpdates "HTTP/1.1 409 Conflict"
2025-04-06 13:07:46,855 - telegram.ext.Updater - ERROR - Error while getting Updates: Conflict: terminated by other getUpdates request; make sure that only one bot instance is running
2025-04-06 13:07:46,855 - utils - ERROR - Update None caused error Conflict: terminated by other getUpdates request; make sure that only one bot instance is running
2025-04-06 13:08:21,279 - httpx - INFO - HTTP Request: POST https://api.telegram.org/bot7209418219:AAG3PCfMo53ocGGHYov1O04kzn56OKUhcP4/getUpdates "HTTP/1.1 409 Conflict"
2025-04-06 13:08:21,280 - telegram.ext.Updater - ERROR - Error while getting Updates: Conflict: terminated by other getUpdates request; make sure that only one bot instance is running
2025-04-06 13:08:21,280 - utils - ERROR - Update None caused error Conflict: terminated by other getUpdates request; make sure that only one bot instance is running
2025-04-06 13:08:55,688 - httpx - INFO - HTTP Request: POST https://api.telegram.org/bot7209418219:AAG3PCfMo53ocGGHYov1O04kzn56OKUhcP4/getUpdates "HTTP/1.1 409 Conflict"
2025-04-06 13:08:55,688 - telegram.ext.Updater - ERROR - Error while getting Updates: Conflict: terminated by other getUpdates request; make sure that only one bot instance is running
2025-04-06 13:08:55,689 - utils - ERROR - Update None caused error Conflict: terminated by other getUpdates request; make sure that only one bot instance is running
2025-04-06 13:09:30,110 - httpx - INFO - HTTP Request: POST https://api.telegram.org/bot7209418219:AAG3PCfMo53ocGGHYov1O04kzn56OKUhcP4/getUpdates "HTTP/1.1 409 Conflict"
2025-04-06 13:09:30,111 - telegram.ext.Updater - ERROR - Error while getting Updates: Conflict: terminated by other getUpdates request; make sure that only one bot instance is running
2025-04-06 13:09:30,112 - utils - ERROR - Update None caused error Conflict: terminated by other getUpdates request; make sure that only one bot instance is running
2025-04-06 13:10:04,524 - httpx - INFO - HTTP Request: POST https://api.telegram.org/bot7209418219:AAG3PCfMo53ocGGHYov1O04kzn56OKUhcP4/getUpdates "HTTP/1.1 409 Conflict"
2025-04-06 13:10:04,524 - telegram.ext.Updater - ERROR - Error while getting Updates: Conflict: terminated by other getUpdates request; make sure that only one bot instance is running
2025-04-06 13:10:04,525 - utils - ERROR - Update None caused error Conflict: terminated by other getUpdates request; make sure that only one bot instance is running
2025-04-06 13:10:35,886 - httpx - INFO - HTTP Request: POST https://api.telegram.org/bot7209418219:AAG3PCfMo53ocGGHYov1O04kzn56OKUhcP4/getUpdates "HTTP/1.1 200 OK"
2025-04-06 13:10:36,260 - httpx - INFO - HTTP Request: POST https://api.telegram.org/bot7209418219:AAG3PCfMo53ocGGHYov1O04kzn56OKUhcP4/answerCallbackQuery "HTTP/1.1 200 OK"
2025-04-06 13:10:36,408 - httpx - INFO - HTTP Request: POST https://api.telegram.org/bot7209418219:AAG3PCfMo53ocGGHYov1O04kzn56OKUhcP4/editMessageText "HTTP/1.1 400 Bad Request"
2025-04-06 13:10:36,410 - utils - ERROR - Update Update(callback_query=CallbackQuery(chat_instance='-8541370627238823497', data='select_character:lilith', from_user=User(first_name='1916 SOEG 빛', id=1159603709, is_bot=False, is_premium=True, language_code='en', username='Soeg1916'), id='4980460010708521659', message=Message(channel_chat_created=False, chat=Chat(id=-1002023560648, title="Clowns Servant's 𓀐𓂺", type=<ChatType.SUPERGROUP>), date=datetime.datetime(2025, 4, 6, 13, 10, 31, tzinfo=datetime.timezone.utc), delete_chat_photo=False, from_user=User(first_name='C ai', id=7209418219, is_bot=True, username='Character0_a1_bot'), group_chat_created=False, message_id=412083, message_thread_id=412082, reply_markup=InlineKeyboardMarkup(inline_keyboard=((InlineKeyboardButton(callback_data='preset_header', text='--- Preset Characters ---'),), (InlineKeyboardButton(callback_data='select_character:lilith', text='Lilith 🔞'), InlineKeyboardButton(callback_data='select_character:nami', text='Nami '), InlineKeyboardButton(callback_data='select_character:nico_robin', text='Nico Robin ')), (InlineKeyboardButton(callback_data='select_character:zoro', text='Roronoa Zoro '), InlineKeyboardButton(callback_data='select_character:spike', text='Spike Spiegel '), InlineKeyboardButton(callback_data='select_character:makima', text='Makima ')), (InlineKeyboardButton(callback_data='select_character:hisoka', text='Hisoka Morow '), InlineKeyboardButton(callback_data='select_character:hannibal', text='Hannibal Lecter 🔞'), InlineKeyboardButton(callback_data='select_character:joker', text='The Joker 🔞')), (InlineKeyboardButton(callback_data='select_character:cthulhu', text='Cthulhu 🔞'), InlineKeyboardButton(callback_data='select_character:sherlock', text='Sherlock Holmes '), InlineKeyboardButton(callback_data='select_character:tyrion', text='Tyrion Lannister ')), (InlineKeyboardButton(callback_data='select_character:naruto', text='Naruto Uzumaki '), InlineKeyboardButton(callback_data='select_character:totoro', text='Totoro '), InlineKeyboardButton(callback_data='select_character:wednesday', text='Wednesday Addams ')), (InlineKeyboardButton(callback_data='custom_header', text='--- Your Custom Characters ---'),), (InlineKeyboardButton(callback_data='select_character:custom_nakano_miku_1159603709', text='Nakano Miku 🔞'),), (InlineKeyboardButton(callback_data='create_character', text='Create New Character'),))), reply_to_message=Message(api_kwargs={'sender_boost_count': 1}, channel_chat_created=False, chat=Chat(id=-1002023560648, title="Clowns Servant's 𓀐𓂺", type=<ChatType.SUPERGROUP>), date=datetime.datetime(2025, 4, 6, 13, 10, 31, tzinfo=datetime.timezone.utc), delete_chat_photo=False, entities=(MessageEntity(length=29, offset=0, type=<MessageEntityType.BOT_COMMAND>),), from_user=User(first_name='1916 SOEG 빛', id=1159603709, is_bot=False, is_premium=True, language_code='en', username='Soeg1916'), group_chat_created=False, message_id=412082, supergroup_chat_created=False, text='/characters@Character0_a1_bot'), supergroup_chat_created=False, text='Choose a character to chat with:\n\nAll characters can express real emotions and develop genuine connections.\nCharacters with 🔞 have NSFW mode enabled, allowing explicit content.')), update_id=604784725) caused error Message is not modified: specified new message content and reply markup are exactly the same as a current content and reply markup of the message
2025-04-06 13:10:36,642 - httpx - INFO - HTTP Request: POST https://api.telegram.org/bot7209418219:AAG3PCfMo53ocGGHYov1O04kzn56OKUhcP4/sendMessage "HTTP/1.1 200 OK"
2025-04-06 13:10:40,076 - httpx - INFO - HTTP Request: POST https://api.telegram.org/bot7209418219:AAG3PCfMo53ocGGHYov1O04kzn56OKUhcP4/getUpdates "HTTP/1.1 409 Conflict"
2025-04-06 13:10:40,077 - telegram.ext.Updater - ERROR - Error while getting Updates: Conflict: terminated by other getUpdates request; make sure that only one bot instance is running
2025-04-06 13:10:40,077 - utils - ERROR - Update None caused error Conflict: terminated by other getUpdates request; make sure that only one bot instance is running
2025-04-06 13:10:45,252 - httpx - INFO - HTTP Request: POST https://api.telegram.org/bot7209418219:AAG3PCfMo53ocGGHYov1O04kzn56OKUhcP4/getUpdates "HTTP/1.1 409 Conflict"
2025-04-06 13:10:45,253 - telegram.ext.Updater - ERROR - Error while getting Updates: Conflict: terminated by other getUpdates request; make sure that only one bot instance is running
2025-04-06 13:10:45,253 - utils - ERROR - Update None caused error Conflict: terminated by other getUpdates request; make sure that only one bot instance is running
2025-04-06 13:10:50,892 - httpx - INFO - HTTP Request: POST https://api.telegram.org/bot7209418219:AAG3PCfMo53ocGGHYov1O04kzn56OKUhcP4/getUpdates "HTTP/1.1 409 Conflict"
2025-04-06 13:10:50,892 - telegram.ext.Updater - ERROR - Error while getting Updates: Conflict: terminated by other getUpdates request; make sure that only one bot instance is running
2025-04-06 13:10:50,893 - utils - ERROR - Update None caused error Conflict: terminated by other getUpdates request; make sure that only one bot instance is running
2025-04-06 13:10:53,976 - httpx - INFO - HTTP Request: POST https://api.telegram.org/bot7209418219:AAG3PCfMo53ocGGHYov1O04kzn56OKUhcP4/getUpdates "HTTP/1.1 200 OK"
2025-04-06 13:10:53,977 - conversation_handler - INFO - User 6336835164 replied to the bot in a group chat
2025-04-06 13:10:54,374 - httpx - INFO - HTTP Request: POST https://api.telegram.org/bot7209418219:AAG3PCfMo53ocGGHYov1O04kzn56OKUhcP4/sendChatAction "HTTP/1.1 200 OK"
2025-04-06 13:10:57,293 - httpx - INFO - HTTP Request: POST https://api.telegram.org/bot7209418219:AAG3PCfMo53ocGGHYov1O04kzn56OKUhcP4/getUpdates "HTTP/1.1 409 Conflict"
2025-04-06 13:10:57,295 - telegram.ext.Updater - ERROR - Error while getting Updates: Conflict: terminated by other getUpdates request; make sure that only one bot instance is running
2025-04-06 13:10:57,296 - utils - ERROR - Update None caused error Conflict: terminated by other getUpdates request; make sure that only one bot instance is running
2025-04-06 13:10:58,050 - httpx - INFO - HTTP Request: POST https://api.telegram.org/bot7209418219:AAG3PCfMo53ocGGHYov1O04kzn56OKUhcP4/sendMessage "HTTP/1.1 200 OK"
2025-04-06 13:10:58,442 - httpx - INFO - HTTP Request: POST https://api.telegram.org/bot7209418219:AAG3PCfMo53ocGGHYov1O04kzn56OKUhcP4/getUpdates "HTTP/1.1 200 OK"
2025-04-06 13:10:58,445 - conversation_handler - INFO - User 1159603709 replied to the bot in a group chat
2025-04-06 13:10:58,582 - httpx - INFO - HTTP Request: POST https://api.telegram.org/bot7209418219:AAG3PCfMo53ocGGHYov1O04kzn56OKUhcP4/sendChatAction "HTTP/1.1 200 OK"
2025-04-06 13:10:59,423 - httpx - INFO - HTTP Request: POST https://api.telegram.org/bot7209418219:AAG3PCfMo53ocGGHYov1O04kzn56OKUhcP4/getUpdates "HTTP/1.1 200 OK"
2025-04-06 13:11:01,781 - httpx - INFO - HTTP Request: POST https://api.telegram.org/bot7209418219:AAG3PCfMo53ocGGHYov1O04kzn56OKUhcP4/sendMessage "HTTP/1.1 200 OK"
2025-04-06 13:11:01,969 - httpx - INFO - HTTP Request: POST https://api.telegram.org/bot7209418219:AAG3PCfMo53ocGGHYov1O04kzn56OKUhcP4/sendMessage "HTTP/1.1 200 OK"
2025-04-06 13:11:02,940 - httpx - INFO - HTTP Request: POST https://api.telegram.org/bot7209418219:AAG3PCfMo53ocGGHYov1O04kzn56OKUhcP4/getUpdates "HTTP/1.1 409 Conflict"
2025-04-06 13:11:02,942 - telegram.ext.Updater - ERROR - Error while getting Updates: Conflict: terminated by other getUpdates request; make sure that only one bot instance is running
2025-04-06 13:11:02,943 - utils - ERROR - Update None caused error Conflict: terminated by other getUpdates request; make sure that only one bot instance is running
2025-04-06 13:11:09,340 - httpx - INFO - HTTP Request: POST https://api.telegram.org/bot7209418219:AAG3PCfMo53ocGGHYov1O04kzn56OKUhcP4/getUpdates "HTTP/1.1 409 Conflict"
2025-04-06 13:11:09,340 - telegram.ext.Updater - ERROR - Error while getting Updates: Conflict: terminated by other getUpdates request; make sure that only one bot instance is running
2025-04-06 13:11:09,341 - utils - ERROR - Update None caused error Conflict: terminated by other getUpdates request; make sure that only one bot instance is running
2025-04-06 13:11:12,159 - httpx - INFO - HTTP Request: POST https://api.telegram.org/bot7209418219:AAG3PCfMo53ocGGHYov1O04kzn56OKUhcP4/getUpdates "HTTP/1.1 200 OK"
2025-05-02 08:25:25,690 - root - INFO - Health check server started on port 8000
2025-05-02 08:25:25,740 - root - INFO - Bot started!
2025-05-02 08:25:27,703 - httpx - INFO - HTTP Request: POST https://api.telegram.org/bot7209418219:AAG3PCfMo53ocGGHYov1O04kzn56OKUhcP4/getMe "HTTP/1.1 401 Unauthorized"
2025-05-02 08:27:25,414 - root - INFO - Health check server started on port 8000
2025-05-02 08:27:25,459 - root - INFO - Bot started!
2025-05-02 08:27:25,831 - httpx - INFO - HTTP Request: POST https://api.telegram.org/bot7209418219:AAG3PCfMo53ocGGHYov1O04kzn56OKUhcP4/getMe "HTTP/1.1 401 Unauthorized"
2025-05-02 08:28:15,364 - root - INFO - Health check server started on port 8000
2025-05-02 08:28:15,405 - root - INFO - Bot started!
2025-05-02 08:28:15,748 - httpx - INFO - HTTP Request: POST https://api.telegram.org/bot7209418219:AAG3PCfMo53ocGGHYov1O04kzn56OKUhcP4/getMe "HTTP/1.1 401 Unauthorized"
2025-05-02 08:29:45,139 - root - INFO - Health check server started on port 8000
2025-05-02 08:29:45,165 - root - INFO - Bot started!
2025-05-02 08:29:45,503 - httpx - INFO - HTTP Request: POST https://api.telegram.org/bot7209418219:AAG3PCfMo53ocGGHYov1O04kzn56OKUhcP4/getMe "HTTP/1.1 401 Unauthorized"
2025-05-02 08:36:31,328 - root - INFO - Health check server started on port 8000
2025-05-02 08:36:31,341 - root - INFO - Bot started!
2025-05-02 08:36:31,670 - httpx - INFO - HTTP Request: POST https://api.telegram.org/bot7209418219:AAG3PCfMo53ocGGHYov1O04kzn56OKUhcP4/getMe "HTTP/1.1 401 Unauthorized"
2025-05-02 08:36:34,982 - root - INFO - Health check server started on port 8000
2025-05-02 08:36:34,997 - root - INFO - Bot started!
2025-05-02 08:36:35,370 - httpx - INFO - HTTP Request: POST https://api.telegram.org/bot7209418219:AAG3PCfMo53ocGGHYov1O04kzn56OKUhcP4/getMe "HTTP/1.1 401 Unauthorized"
2025-05-02 08:45:09,194 - root - INFO - Health check server started on port 8000
2025-05-02 08:45:09,217 - root - INFO - Bot started!
2025-05-02 08:45:42,960 - root - INFO - Health check server started on port 8000
2025-05-02 08:45:42,974 - root - INFO - Bot started!
2025-05-02 08:45:46,059 - httpx - INFO - HTTP Request: POST https://api.telegram.org/bot8071076420:AAFzeBp37IfwX-_JYHoH51WKyhnF9NgHlvY/getMe "HTTP/1.1 200 OK"
2025-05-02 08:45:46,164 - httpx - INFO - HTTP Request: POST https://api.telegram.org/bot8071076420:AAFzeBp37IfwX-_JYHoH51WKyhnF9NgHlvY/getMe "HTTP/1.1 200 OK"
2025-05-02 08:45:46,165 - root - INFO - Bot username saved to environment: Character0_a1_bot
2025-05-02 08:45:46,270 - httpx - INFO - HTTP Request: POST https://api.telegram.org/bot8071076420:AAFzeBp37IfwX-_JYHoH51WKyhnF9NgHlvY/deleteWebhook "HTTP/1.1 200 OK"
2025-05-02 08:45:46,272 - telegram.ext.Application - INFO - Application started
2025-05-02 08:45:56,590 - httpx - INFO - HTTP Request: POST https://api.telegram.org/bot8071076420:AAFzeBp37IfwX-_JYHoH51WKyhnF9NgHlvY/getUpdates "HTTP/1.1 200 OK"
2025-05-02 08:46:06,705 - httpx - INFO - HTTP Request: POST https://api.telegram.org/bot8071076420:AAFzeBp37IfwX-_JYHoH51WKyhnF9NgHlvY/getUpdates "HTTP/1.1 200 OK"
2025-05-02 08:46:16,812 - httpx - INFO - HTTP Request: POST https://api.telegram.org/bot8071076420:AAFzeBp37IfwX-_JYHoH51WKyhnF9NgHlvY/getUpdates "HTTP/1.1 200 OK"
2025-05-02 08:46:26,917 - httpx - INFO - HTTP Request: POST https://api.telegram.org/bot8071076420:AAFzeBp37IfwX-_JYHoH51WKyhnF9NgHlvY/getUpdates "HTTP/1.1 200 OK"
2025-05-02 08:46:37,026 - httpx - INFO - HTTP Request: POST https://api.telegram.org/bot8071076420:AAFzeBp37IfwX-_JYHoH51WKyhnF9NgHlvY/getUpdates "HTTP/1.1 200 OK"
2025-05-02 08:46:38,659 - root - ERROR - Health check server error: [Errno 98] Address already in use
2025-05-02 08:46:38,675 - root - INFO - Bot started!
2025-05-02 08:46:39,007 - httpx - INFO - HTTP Request: POST https://api.telegram.org/bot8071076420:AAFzeBp37IfwX-_JYHoH51WKyhnF9NgHlvY/getMe "HTTP/1.1 200 OK"
2025-05-02 08:46:39,113 - httpx - INFO - HTTP Request: POST https://api.telegram.org/bot8071076420:AAFzeBp37IfwX-_JYHoH51WKyhnF9NgHlvY/getMe "HTTP/1.1 200 OK"
2025-05-02 08:46:39,114 - root - INFO - Bot username saved to environment: Character0_a1_bot
2025-05-02 08:46:39,221 - httpx - INFO - HTTP Request: POST https://api.telegram.org/bot8071076420:AAFzeBp37IfwX-_JYHoH51WKyhnF9NgHlvY/deleteWebhook "HTTP/1.1 200 OK"
2025-05-02 08:46:39,222 - telegram.ext.Application - INFO - Application started
2025-05-02 08:46:39,532 - httpx - INFO - HTTP Request: POST https://api.telegram.org/bot8071076420:AAFzeBp37IfwX-_JYHoH51WKyhnF9NgHlvY/getUpdates "HTTP/1.1 409 Conflict"
2025-05-02 08:46:39,533 - telegram.ext.Updater - ERROR - Error while getting Updates: Conflict: terminated by other getUpdates request; make sure that only one bot instance is running
2025-05-02 08:46:39,533 - utils - ERROR - Update None caused error Conflict: terminated by other getUpdates request; make sure that only one bot instance is running
2025-05-02 08:46:43,641 - httpx - INFO - HTTP Request: POST https://api.telegram.org/bot8071076420:AAFzeBp37IfwX-_JYHoH51WKyhnF9NgHlvY/getUpdates "HTTP/1.1 409 Conflict"
2025-05-02 08:46:43,642 - telegram.ext.Updater - ERROR - Error while getting Updates: Conflict: terminated by other getUpdates request; make sure that only one bot instance is running
2025-05-02 08:46:43,642 - utils - ERROR - Update None caused error Conflict: terminated by other getUpdates request; make sure that only one bot instance is running
2025-05-02 08:46:44,746 - httpx - INFO - HTTP Request: POST https://api.telegram.org/bot8071076420:AAFzeBp37IfwX-_JYHoH51WKyhnF9NgHlvY/getUpdates "HTTP/1.1 409 Conflict"
2025-05-02 08:46:44,748 - telegram.ext.Updater - ERROR - Error while getting Updates: Conflict: terminated by other getUpdates request; make sure that only one bot instance is running
2025-05-02 08:46:44,748 - utils - ERROR - Update None caused error Conflict: terminated by other getUpdates request; make sure that only one bot instance is running
2025-05-02 08:46:49,354 - httpx - INFO - HTTP Request: POST https://api.telegram.org/bot8071076420:AAFzeBp37IfwX-_JYHoH51WKyhnF9NgHlvY/getUpdates "HTTP/1.1 409 Conflict"
2025-05-02 08:46:49,355 - telegram.ext.Updater - ERROR - Error while getting Updates: Conflict: terminated by other getUpdates request; make sure that only one bot instance is running
2025-05-02 08:46:49,355 - utils - ERROR - Update None caused error Conflict: terminated by other getUpdates request; make sure that only one bot instance is running
2025-05-02 08:46:50,960 - httpx - INFO - HTTP Request: POST https://api.telegram.org/bot8071076420:AAFzeBp37IfwX-_JYHoH51WKyhnF9NgHlvY/getUpdates "HTTP/1.1 409 Conflict"
2025-05-02 08:46:50,962 - telegram.ext.Updater - ERROR - Error while getting Updates: Conflict: terminated by other getUpdates request; make sure that only one bot instance is running
2025-05-02 08:46:50,963 - utils - ERROR - Update None caused error Conflict: terminated by other getUpdates request; make sure that only one bot instance is running
2025-05-02 08:46:56,320 - httpx - INFO - HTTP Request: POST https://api.telegram.org/bot8071076420:AAFzeBp37IfwX-_JYHoH51WKyhnF9NgHlvY/getUpdates "HTTP/1.1 409 Conflict"
2025-05-02 08:46:56,321 - telegram.ext.Updater - ERROR - Error while getting Updates: Conflict: terminated by other getUpdates request; make sure that only one bot instance is running
2025-05-02 08:46:56,321 - utils - ERROR - Update None caused error Conflict: terminated by other getUpdates request; make sure that only one bot instance is running
2025-05-02 08:46:58,680 - httpx - INFO - HTTP Request: POST https://api.telegram.org/bot8071076420:AAFzeBp37IfwX-_JYHoH51WKyhnF9NgHlvY/getUpdates "HTTP/1.1 409 Conflict"
2025-05-02 08:46:58,680 - telegram.ext.Updater - ERROR - Error while getting Updates: Conflict: terminated by other getUpdates request; make sure that only one bot instance is running
2025-05-02 08:46:58,681 - utils - ERROR - Update None caused error Conflict: terminated by other getUpdates request; make sure that only one bot instance is running
2025-05-02 08:47:02,170 - httpx - INFO - HTTP Request: POST https://api.telegram.org/bot8071076420:AAFzeBp37IfwX-_JYHoH51WKyhnF9NgHlvY/getUpdates "HTTP/1.1 409 Conflict"
2025-05-02 08:47:02,171 - telegram.ext.Updater - ERROR - Error while getting Updates: Conflict: terminated by other getUpdates request; make sure that only one bot instance is running
2025-05-02 08:47:02,171 - utils - ERROR - Update None caused error Conflict: terminated by other getUpdates request; make sure that only one bot instance is running
2025-05-02 08:47:05,654 - httpx - INFO - HTTP Request: POST https://api.telegram.org/bot8071076420:AAFzeBp37IfwX-_JYHoH51WKyhnF9NgHlvY/getUpdates "HTTP/1.1 409 Conflict"
2025-05-02 08:47:05,655 - telegram.ext.Updater - ERROR - Error while getting Updates: Conflict: terminated by other getUpdates request; make sure that only one bot instance is running
2025-05-02 08:47:05,656 - utils - ERROR - Update None caused error Conflict: terminated by other getUpdates request; make sure that only one bot instance is running
2025-05-02 08:47:11,040 - httpx - INFO - HTTP Request: POST https://api.telegram.org/bot8071076420:AAFzeBp37IfwX-_JYHoH51WKyhnF9NgHlvY/getUpdates "HTTP/1.1 409 Conflict"
2025-05-02 08:47:11,042 - telegram.ext.Updater - ERROR - Error while getting Updates: Conflict: terminated by other getUpdates request; make sure that only one bot instance is running
2025-05-02 08:47:11,043 - utils - ERROR - Update None caused error Conflict: terminated by other getUpdates request; make sure that only one bot instance is running
2025-05-02 08:47:16,426 - httpx - INFO - HTTP Request: POST https://api.telegram.org/bot8071076420:AAFzeBp37IfwX-_JYHoH51WKyhnF9NgHlvY/getUpdates "HTTP/1.1 409 Conflict"
2025-05-02 08:47:16,426 - telegram.ext.Updater - ERROR - Error while getting Updates: Conflict: terminated by other getUpdates request; make sure that only one bot instance is running
2025-05-02 08:47:16,427 - utils - ERROR - Update None caused error Conflict: terminated by other getUpdates request; make sure that only one bot instance is running
2025-05-02 08:47:24,350 - httpx - INFO - HTTP Request: POST https://api.telegram.org/bot8071076420:AAFzeBp37IfwX-_JYHoH51WKyhnF9NgHlvY/getUpdates "HTTP/1.1 409 Conflict"
2025-05-02 08:47:24,351 - telegram.ext.Updater - ERROR - Error while getting Updates: Conflict: terminated by other getUpdates request; make sure that only one bot instance is running
2025-05-02 08:47:24,351 - utils - ERROR - Update None caused error Conflict: terminated by other getUpdates request; make sure that only one bot instance is running
2025-05-02 08:47:32,267 - httpx - INFO - HTTP Request: POST https://api.telegram.org/bot8071076420:AAFzeBp37IfwX-_JYHoH51WKyhnF9NgHlvY/getUpdates "HTTP/1.1 409 Conflict"
2025-05-02 08:47:32,267 - telegram.ext.Updater - ERROR - Error while getting Updates: Conflict: terminated by other getUpdates request; make sure that only one bot instance is running
2025-05-02 08:47:32,268 - utils - ERROR - Update None caused error Conflict: terminated by other getUpdates request; make sure that only one bot instance is running
2025-05-02 08:47:42,268 - httpx - INFO - HTTP Request: POST https://api.telegram.org/bot8071076420:AAFzeBp37IfwX-_JYHoH51WKyhnF9NgHlvY/getUpdates "HTTP/1.1 200 OK"
2025-05-02 08:47:43,986 - httpx - INFO - HTTP Request: POST https://api.telegram.org/bot8071076420:AAFzeBp37IfwX-_JYHoH51WKyhnF9NgHlvY/getUpdates "HTTP/1.1 409 Conflict"
2025-05-02 08:47:43,987 - telegram.ext.Updater - ERROR - Error while getting Updates: Conflict: terminated by other getUpdates request; make sure that only one bot instance is running
2025-05-02 08:47:43,987 - utils - ERROR - Update None caused error Conflict: terminated by other getUpdates request; make sure that only one bot instance is running
2025-05-02 08:47:48,097 - httpx - INFO - HTTP Request: POST https://api.telegram.org/bot8071076420:AAFzeBp37IfwX-_JYHoH51WKyhnF9NgHlvY/getUpdates "HTTP/1.1 409 Conflict"
2025-05-02 08:47:48,098 - telegram.ext.Updater - ERROR - Error while getting Updates: Conflict: terminated by other getUpdates request; make sure that only one bot instance is running
2025-05-02 08:47:48,098 - utils - ERROR - Update None caused error Conflict: terminated by other getUpdates request; make sure that only one bot instance is running
2025-05-02 08:47:55,094 - httpx - INFO - HTTP Request: POST https://api.telegram.org/bot8071076420:AAFzeBp37IfwX-_JYHoH51WKyhnF9NgHlvY/getUpdates "HTTP/1.1 200 OK"
2025-05-02 08:48:05,210 - httpx - INFO - HTTP Request: POST https://api.telegram.org/bot8071076420:AAFzeBp37IfwX-_JYHoH51WKyhnF9NgHlvY/getUpdates "HTTP/1.1 200 OK"
2025-05-02 08:48:05,542 - httpx - INFO - HTTP Request: POST https://api.telegram.org/bot8071076420:AAFzeBp37IfwX-_JYHoH51WKyhnF9NgHlvY/getUpdates "HTTP/1.1 409 Conflict"
2025-05-02 08:48:05,543 - telegram.ext.Updater - ERROR - Error while getting Updates: Conflict: terminated by other getUpdates request; make sure that only one bot instance is running
2025-05-02 08:48:05,543 - utils - ERROR - Update None caused error Conflict: terminated by other getUpdates request; make sure that only one bot instance is running
2025-05-02 08:48:09,649 - httpx - INFO - HTTP Request: POST https://api.telegram.org/bot8071076420:AAFzeBp37IfwX-_JYHoH51WKyhnF9NgHlvY/getUpdates "HTTP/1.1 409 Conflict"
2025-05-02 08:48:09,650 - telegram.ext.Updater - ERROR - Error while getting Updates: Conflict: terminated by other getUpdates request; make sure that only one bot instance is running
2025-05-02 08:48:09,650 - utils - ERROR - Update None caused error Conflict: terminated by other getUpdates request; make sure that only one bot instance is running
2025-05-02 08:48:16,650 - httpx - INFO - HTTP Request: POST https://api.telegram.org/bot8071076420:AAFzeBp37IfwX-_JYHoH51WKyhnF9NgHlvY/getUpdates "HTTP/1.1 200 OK"
2025-05-02 08:48:26,766 - httpx - INFO - HTTP Request: POST https://api.telegram.org/bot8071076420:AAFzeBp37IfwX-_JYHoH51WKyhnF9NgHlvY/getUpdates "HTTP/1.1 200 OK"
2025-05-02 08:48:35,619 - httpx - INFO - HTTP Request: POST https://api.telegram.org/bot8071076420:AAFzeBp37IfwX-_JYHoH51WKyhnF9NgHlvY/getUpdates "HTTP/1.1 409 Conflict"
2025-05-02 08:48:35,620 - telegram.ext.Updater - ERROR - Error while getting Updates: Conflict: terminated by other getUpdates request; make sure that only one bot instance is running
2025-05-02 08:48:35,620 - utils - ERROR - Update None caused error Conflict: terminated by other getUpdates request; make sure that only one bot instance is running
2025-05-02 08:48:36,134 - root - ERROR - Health check server error: [Errno 98] Address already in use
2025-05-02 08:48:36,166 - root - INFO - Bot started!
2025-05-02 08:48:36,490 - httpx - INFO - HTTP Request: POST https://api.telegram.org/bot8071076420:AAFzeBp37IfwX-_JYHoH51WKyhnF9NgHlvY/getMe "HTTP/1.1 200 OK"
2025-05-02 08:48:36,595 - httpx - INFO - HTTP Request: POST https://api.telegram.org/bot8071076420:AAFzeBp37IfwX-_JYHoH51WKyhnF9NgHlvY/getMe "HTTP/1.1 200 OK"
2025-05-02 08:48:36,596 - root - INFO - Bot username saved to environment: Character0_a1_bot
2025-05-02 08:48:36,700 - httpx - INFO - HTTP Request: POST https://api.telegram.org/bot8071076420:AAFzeBp37IfwX-_JYHoH51WKyhnF9NgHlvY/deleteWebhook "HTTP/1.1 200 OK"
2025-05-02 08:48:36,702 - telegram.ext.Application - INFO - Application started
2025-05-02 08:48:39,727 - httpx - INFO - HTTP Request: POST https://api.telegram.org/bot8071076420:AAFzeBp37IfwX-_JYHoH51WKyhnF9NgHlvY/getUpdates "HTTP/1.1 409 Conflict"
2025-05-02 08:48:39,728 - telegram.ext.Updater - ERROR - Error while getting Updates: Conflict: terminated by other getUpdates request; make sure that only one bot instance is running
2025-05-02 08:48:39,730 - utils - ERROR - Update None caused error Conflict: terminated by other getUpdates request; make sure that only one bot instance is running
2025-05-02 08:48:40,017 - httpx - INFO - HTTP Request: POST https://api.telegram.org/bot8071076420:AAFzeBp37IfwX-_JYHoH51WKyhnF9NgHlvY/getUpdates "HTTP/1.1 409 Conflict"
2025-05-02 08:48:40,018 - telegram.ext.Updater - ERROR - Error while getting Updates: Conflict: terminated by other getUpdates request; make sure that only one bot instance is running
2025-05-02 08:48:40,018 - utils - ERROR - Update None caused error Conflict: terminated by other getUpdates request; make sure that only one bot instance is running
2025-05-02 08:48:41,623 - httpx - INFO - HTTP Request: POST https://api.telegram.org/bot8071076420:AAFzeBp37IfwX-_JYHoH51WKyhnF9NgHlvY/getUpdates "HTTP/1.1 409 Conflict"
2025-05-02 08:48:41,624 - telegram.ext.Updater - ERROR - Error while getting Updates: Conflict: terminated by other getUpdates request; make sure that only one bot instance is running
2025-05-02 08:48:41,624 - utils - ERROR - Update None caused error Conflict: terminated by other getUpdates request; make sure that only one bot instance is running
2025-05-02 08:48:45,729 - httpx - INFO - HTTP Request: POST https://api.telegram.org/bot8071076420:AAFzeBp37IfwX-_JYHoH51WKyhnF9NgHlvY/getUpdates "HTTP/1.1 409 Conflict"
2025-05-02 08:48:45,730 - telegram.ext.Updater - ERROR - Error while getting Updates: Conflict: terminated by other getUpdates request; make sure that only one bot instance is running
2025-05-02 08:48:45,730 - utils - ERROR - Update None caused error Conflict: terminated by other getUpdates request; make sure that only one bot instance is running
2025-05-02 08:48:48,087 - httpx - INFO - HTTP Request: POST https://api.telegram.org/bot8071076420:AAFzeBp37IfwX-_JYHoH51WKyhnF9NgHlvY/getUpdates "HTTP/1.1 409 Conflict"
2025-05-02 08:48:48,088 - telegram.ext.Updater - ERROR - Error while getting Updates: Conflict: terminated by other getUpdates request; make sure that only one bot instance is running
2025-05-02 08:48:48,088 - utils - ERROR - Update None caused error Conflict: terminated by other getUpdates request; make sure that only one bot instance is running
2025-05-02 08:48:52,710 - httpx - INFO - HTTP Request: POST https://api.telegram.org/bot8071076420:AAFzeBp37IfwX-_JYHoH51WKyhnF9NgHlvY/getUpdates "HTTP/1.1 409 Conflict"
2025-05-02 08:48:52,711 - telegram.ext.Updater - ERROR - Error while getting Updates: Conflict: terminated by other getUpdates request; make sure that only one bot instance is running
2025-05-02 08:48:52,711 - utils - ERROR - Update None caused error Conflict: terminated by other getUpdates request; make sure that only one bot instance is running
2025-05-02 08:48:56,194 - httpx - INFO - HTTP Request: POST https://api.telegram.org/bot8071076420:AAFzeBp37IfwX-_JYHoH51WKyhnF9NgHlvY/getUpdates "HTTP/1.1 409 Conflict"
2025-05-02 08:48:56,195 - telegram.ext.Updater - ERROR - Error while getting Updates: Conflict: terminated by other getUpdates request; make sure that only one bot instance is running
2025-05-02 08:48:56,195 - utils - ERROR - Update None caused error Conflict: terminated by other getUpdates request; make sure that only one bot instance is running
2025-05-02 08:49:01,558 - httpx - INFO - HTTP Request: POST https://api.telegram.org/bot8071076420:AAFzeBp37IfwX-_JYHoH51WKyhnF9NgHlvY/getUpdates "HTTP/1.1 409 Conflict"
2025-05-02 08:49:01,560 - telegram.ext.Updater - ERROR - Error while getting Updates: Conflict: terminated by other getUpdates request; make sure that only one bot instance is running
2025-05-02 08:49:01,560 - utils - ERROR - Update None caused error Conflict: terminated by other getUpdates request; make sure that only one bot instance is running
2025-05-02 08:49:06,941 - httpx - INFO - HTTP Request: POST https://api.telegram.org/bot8071076420:AAFzeBp37IfwX-_JYHoH51WKyhnF9NgHlvY/getUpdates "HTTP/1.1 409 Conflict"
2025-05-02 08:49:06,942 - telegram.ext.Updater - ERROR - Error while getting Updates: Conflict: terminated by other getUpdates request; make sure that only one bot instance is running
2025-05-02 08:49:06,944 - utils - ERROR - Update None caused error Conflict: terminated by other getUpdates request; make sure that only one bot instance is running
2025-05-02 08:49:10,073 - httpx - INFO - HTTP Request: POST https://api.telegram.org/bot8071076420:AAFzeBp37IfwX-_JYHoH51WKyhnF9NgHlvY/getUpdates "HTTP/1.1 409 Conflict"
2025-05-02 08:49:10,075 - telegram.ext.Updater - ERROR - Error while getting Updates: Conflict: terminated by other getUpdates request; make sure that only one bot instance is running
2025-05-02 08:49:10,075 - utils - ERROR - Update None caused error Conflict: terminated by other getUpdates request; make sure that only one bot instance is running
2025-05-02 08:49:13,460 - httpx - INFO - HTTP Request: POST https://api.telegram.org/bot8071076420:AAFzeBp37IfwX-_JYHoH51WKyhnF9NgHlvY/getUpdates "HTTP/1.1 409 Conflict"
2025-05-02 08:49:13,461 - telegram.ext.Updater - ERROR - Error while getting Updates: Conflict: terminated by other getUpdates request; make sure that only one bot instance is running
2025-05-02 08:49:13,461 - utils - ERROR - Update None caused error Conflict: terminated by other getUpdates request; make sure that only one bot instance is running
2025-05-02 08:49:18,000 - httpx - INFO - HTTP Request: POST https://api.telegram.org/bot8071076420:AAFzeBp37IfwX-_JYHoH51WKyhnF9NgHlvY/getUpdates "HTTP/1.1 409 Conflict"
2025-05-02 08:49:18,003 - telegram.ext.Updater - ERROR - Error while getting Updates: Conflict: terminated by other getUpdates request; make sure that only one bot instance is running
2025-05-02 08:49:18,006 - utils - ERROR - Update None caused error Conflict: terminated by other getUpdates request; make sure that only one bot instance is running
2025-05-02 08:49:23,438 - httpx - INFO - HTTP Request: POST https://api.telegram.org/bot8071076420:AAFzeBp37IfwX-_JYHoH51WKyhnF9NgHlvY/getUpdates "HTTP/1.1 409 Conflict"
2025-05-02 08:49:23,439 - telegram.ext.Updater - ERROR - Error while getting Updates: Conflict: terminated by other getUpdates request; make sure that only one bot instance is running
2025-05-02 08:49:23,440 - utils - ERROR - Update None caused error Conflict: terminated by other getUpdates request; make sure that only one bot instance is running
2025-05-02 08:49:33,387 - httpx - INFO - HTTP Request: POST https://api.telegram.org/bot8071076420:AAFzeBp37IfwX-_JYHoH51WKyhnF9NgHlvY/getUpdates "HTTP/1.1 200 OK"
2025-05-02 08:49:34,817 - httpx - INFO - HTTP Request: POST https://api.telegram.org/bot8071076420:AAFzeBp37IfwX-_JYHoH51WKyhnF9NgHlvY/getUpdates "HTTP/1.1 200 OK"
2025-05-02 08:49:35,155 - httpx - INFO - HTTP Request: POST https://api.telegram.org/bot8071076420:AAFzeBp37IfwX-_JYHoH51WKyhnF9NgHlvY/getUpdates "HTTP/1.1 409 Conflict"
2025-05-02 08:49:35,156 - telegram.ext.Updater - ERROR - Error while getting Updates: Conflict: terminated by other getUpdates request; make sure that only one bot instance is running
2025-05-02 08:49:35,156 - utils - ERROR - Update None caused error Conflict: terminated by other getUpdates request; make sure that only one bot instance is running
2025-05-02 08:49:35,162 - httpx - INFO - HTTP Request: POST https://api.telegram.org/bot8071076420:AAFzeBp37IfwX-_JYHoH51WKyhnF9NgHlvY/sendMessage "HTTP/1.1 200 OK"
2025-05-02 08:49:39,263 - httpx - INFO - HTTP Request: POST https://api.telegram.org/bot8071076420:AAFzeBp37IfwX-_JYHoH51WKyhnF9NgHlvY/getUpdates "HTTP/1.1 409 Conflict"
2025-05-02 08:49:39,264 - telegram.ext.Updater - ERROR - Error while getting Updates: Conflict: terminated by other getUpdates request; make sure that only one bot instance is running
2025-05-02 08:49:39,264 - utils - ERROR - Update None caused error Conflict: terminated by other getUpdates request; make sure that only one bot instance is running
2025-05-02 08:49:42,596 - httpx - INFO - HTTP Request: POST https://api.telegram.org/bot8071076420:AAFzeBp37IfwX-_JYHoH51WKyhnF9NgHlvY/getUpdates "HTTP/1.1 200 OK"
2025-05-02 08:49:42,598 - conversation_handler - INFO - User 1159603709 replied to the bot in a group chat
2025-05-02 08:49:42,922 - httpx - INFO - HTTP Request: POST https://api.telegram.org/bot8071076420:AAFzeBp37IfwX-_JYHoH51WKyhnF9NgHlvY/sendChatAction "HTTP/1.1 200 OK"
2025-05-02 08:49:43,801 - httpx - INFO - HTTP Request: POST https://api.telegram.org/bot8071076420:AAFzeBp37IfwX-_JYHoH51WKyhnF9NgHlvY/getUpdates "HTTP/1.1 409 Conflict"
2025-05-02 08:49:43,802 - telegram.ext.Updater - ERROR - Error while getting Updates: Conflict: terminated by other getUpdates request; make sure that only one bot instance is running
2025-05-02 08:49:43,802 - utils - ERROR - Update None caused error Conflict: terminated by other getUpdates request; make sure that only one bot instance is running
2025-05-02 08:49:44,628 - httpx - INFO - HTTP Request: POST https://api.telegram.org/bot8071076420:AAFzeBp37IfwX-_JYHoH51WKyhnF9NgHlvY/sendMessage "HTTP/1.1 200 OK"
2025-05-02 08:49:47,908 - httpx - INFO - HTTP Request: POST https://api.telegram.org/bot8071076420:AAFzeBp37IfwX-_JYHoH51WKyhnF9NgHlvY/getUpdates "HTTP/1.1 409 Conflict"
2025-05-02 08:49:47,909 - telegram.ext.Updater - ERROR - Error while getting Updates: Conflict: terminated by other getUpdates request; make sure that only one bot instance is running
2025-05-02 08:49:47,909 - utils - ERROR - Update None caused error Conflict: terminated by other getUpdates request; make sure that only one bot instance is running
2025-05-02 08:49:54,911 - httpx - INFO - HTTP Request: POST https://api.telegram.org/bot8071076420:AAFzeBp37IfwX-_JYHoH51WKyhnF9NgHlvY/getUpdates "HTTP/1.1 200 OK"
2025-05-02 08:49:56,681 - httpx - INFO - HTTP Request: POST https://api.telegram.org/bot8071076420:AAFzeBp37IfwX-_JYHoH51WKyhnF9NgHlvY/getUpdates "HTTP/1.1 409 Conflict"
2025-05-02 08:49:56,682 - telegram.ext.Updater - ERROR - Error while getting Updates: Conflict: terminated by other getUpdates request; make sure that only one bot instance is running
2025-05-02 08:49:56,682 - utils - ERROR - Update None caused error Conflict: terminated by other getUpdates request; make sure that only one bot instance is running
2025-05-02 08:49:58,180 - httpx - INFO - HTTP Request: POST https://api.telegram.org/bot8071076420:AAFzeBp37IfwX-_JYHoH51WKyhnF9NgHlvY/getUpdates "HTTP/1.1 200 OK"
2025-05-02 08:49:58,555 - httpx - INFO - HTTP Request: POST https://api.telegram.org/bot8071076420:AAFzeBp37IfwX-_JYHoH51WKyhnF9NgHlvY/sendMessage "HTTP/1.1 200 OK"
2025-05-02 08:50:00,796 - httpx - INFO - HTTP Request: POST https://api.telegram.org/bot8071076420:AAFzeBp37IfwX-_JYHoH51WKyhnF9NgHlvY/getUpdates "HTTP/1.1 409 Conflict"
2025-05-02 08:50:00,797 - telegram.ext.Updater - ERROR - Error while getting Updates: Conflict: terminated by other getUpdates request; make sure that only one bot instance is running
2025-05-02 08:50:00,797 - utils - ERROR - Update None caused error Conflict: terminated by other getUpdates request; make sure that only one bot instance is running
2025-05-02 08:50:03,236 - httpx - INFO - HTTP Request: POST https://api.telegram.org/bot8071076420:AAFzeBp37IfwX-_JYHoH51WKyhnF9NgHlvY/getUpdates "HTTP/1.1 200 OK"
2025-05-02 08:50:03,238 - conversation_handler - INFO - User 1159603709 replied to the bot in a group chat
2025-05-02 08:50:03,354 - httpx - INFO - HTTP Request: POST https://api.telegram.org/bot8071076420:AAFzeBp37IfwX-_JYHoH51WKyhnF9NgHlvY/sendChatAction "HTTP/1.1 200 OK"
2025-05-02 08:50:06,266 - httpx - INFO - HTTP Request: POST https://api.telegram.org/bot8071076420:AAFzeBp37IfwX-_JYHoH51WKyhnF9NgHlvY/sendMessage "HTTP/1.1 200 OK"
2025-05-02 08:50:13,363 - httpx - INFO - HTTP Request: POST https://api.telegram.org/bot8071076420:AAFzeBp37IfwX-_JYHoH51WKyhnF9NgHlvY/getUpdates "HTTP/1.1 200 OK"
2025-05-02 08:50:18,251 - httpx - INFO - HTTP Request: POST https://api.telegram.org/bot8071076420:AAFzeBp37IfwX-_JYHoH51WKyhnF9NgHlvY/getUpdates "HTTP/1.1 409 Conflict"
2025-05-02 08:50:18,252 - telegram.ext.Updater - ERROR - Error while getting Updates: Conflict: terminated by other getUpdates request; make sure that only one bot instance is running
2025-05-02 08:50:18,252 - utils - ERROR - Update None caused error Conflict: terminated by other getUpdates request; make sure that only one bot instance is running
2025-05-02 08:50:22,357 - httpx - INFO - HTTP Request: POST https://api.telegram.org/bot8071076420:AAFzeBp37IfwX-_JYHoH51WKyhnF9NgHlvY/getUpdates "HTTP/1.1 409 Conflict"
2025-05-02 08:50:22,358 - telegram.ext.Updater - ERROR - Error while getting Updates: Conflict: terminated by other getUpdates request; make sure that only one bot instance is running
2025-05-02 08:50:22,358 - utils - ERROR - Update None caused error Conflict: terminated by other getUpdates request; make sure that only one bot instance is running
2025-05-02 08:50:23,253 - httpx - INFO - HTTP Request: POST https://api.telegram.org/bot8071076420:AAFzeBp37IfwX-_JYHoH51WKyhnF9NgHlvY/getUpdates "HTTP/1.1 200 OK"
2025-05-02 08:50:23,254 - conversation_handler - INFO - User 1159603709 replied to the bot in a group chat
2025-05-02 08:50:23,576 - httpx - INFO - HTTP Request: POST https://api.telegram.org/bot8071076420:AAFzeBp37IfwX-_JYHoH51WKyhnF9NgHlvY/sendChatAction "HTTP/1.1 200 OK"
2025-05-02 08:50:26,471 - httpx - INFO - HTTP Request: POST https://api.telegram.org/bot8071076420:AAFzeBp37IfwX-_JYHoH51WKyhnF9NgHlvY/sendMessage "HTTP/1.1 200 OK"
2025-05-02 08:50:26,764 - httpx - INFO - HTTP Request: POST https://api.telegram.org/bot8071076420:AAFzeBp37IfwX-_JYHoH51WKyhnF9NgHlvY/getUpdates "HTTP/1.1 409 Conflict"
2025-05-02 08:50:26,765 - telegram.ext.Updater - ERROR - Error while getting Updates: Conflict: terminated by other getUpdates request; make sure that only one bot instance is running
2025-05-02 08:50:26,765 - utils - ERROR - Update None caused error Conflict: terminated by other getUpdates request; make sure that only one bot instance is running
2025-05-02 08:50:30,870 - httpx - INFO - HTTP Request: POST https://api.telegram.org/bot8071076420:AAFzeBp37IfwX-_JYHoH51WKyhnF9NgHlvY/getUpdates "HTTP/1.1 409 Conflict"
2025-05-02 08:50:30,870 - telegram.ext.Updater - ERROR - Error while getting Updates: Conflict: terminated by other getUpdates request; make sure that only one bot instance is running
2025-05-02 08:50:30,871 - utils - ERROR - Update None caused error Conflict: terminated by other getUpdates request; make sure that only one bot instance is running
2025-05-02 08:50:37,870 - httpx - INFO - HTTP Request: POST https://api.telegram.org/bot8071076420:AAFzeBp37IfwX-_JYHoH51WKyhnF9NgHlvY/getUpdates "HTTP/1.1 200 OK"
2025-05-02 08:50:47,976 - httpx - INFO - HTTP Request: POST https://api.telegram.org/bot8071076420:AAFzeBp37IfwX-_JYHoH51WKyhnF9NgHlvY/getUpdates "HTTP/1.1 200 OK"
2025-05-02 08:50:52,708 - httpx - INFO - HTTP Request: POST https://api.telegram.org/bot8071076420:AAFzeBp37IfwX-_JYHoH51WKyhnF9NgHlvY/getUpdates "HTTP/1.1 409 Conflict"
2025-05-02 08:50:52,708 - telegram.ext.Updater - ERROR - Error while getting Updates: Conflict: terminated by other getUpdates request; make sure that only one bot instance is running
2025-05-02 08:50:52,709 - utils - ERROR - Update None caused error Conflict: terminated by other getUpdates request; make sure that only one bot instance is running
2025-05-02 08:50:56,818 - httpx - INFO - HTTP Request: POST https://api.telegram.org/bot8071076420:AAFzeBp37IfwX-_JYHoH51WKyhnF9NgHlvY/getUpdates "HTTP/1.1 409 Conflict"
2025-05-02 08:50:56,819 - telegram.ext.Updater - ERROR - Error while getting Updates: Conflict: terminated by other getUpdates request; make sure that only one bot instance is running
2025-05-02 08:50:56,819 - utils - ERROR - Update None caused error Conflict: terminated by other getUpdates request; make sure that only one bot instance is running
2025-05-02 08:51:01,218 - httpx - INFO - HTTP Request: POST https://api.telegram.org/bot8071076420:AAFzeBp37IfwX-_JYHoH51WKyhnF9NgHlvY/getUpdates "HTTP/1.1 409 Conflict"
2025-05-02 08:51:01,219 - telegram.ext.Updater - ERROR - Error while getting Updates: Conflict: terminated by other getUpdates request; make sure that only one bot instance is running
2025-05-02 08:51:01,220 - utils - ERROR - Update None caused error Conflict: terminated by other getUpdates request; make sure that only one bot instance is running
2025-05-02 08:51:03,438 - httpx - INFO - HTTP Request: POST https://api.telegram.org/bot8071076420:AAFzeBp37IfwX-_JYHoH51WKyhnF9NgHlvY/getUpdates "HTTP/1.1 200 OK"
2025-05-02 08:51:03,440 - conversation_handler - INFO - User 1159603709 replied to the bot in a group chat
2025-05-02 08:51:03,799 - httpx - INFO - HTTP Request: POST https://api.telegram.org/bot8071076420:AAFzeBp37IfwX-_JYHoH51WKyhnF9NgHlvY/sendChatAction "HTTP/1.1 200 OK"
2025-05-02 08:51:05,827 - httpx - INFO - HTTP Request: POST https://api.telegram.org/bot8071076420:AAFzeBp37IfwX-_JYHoH51WKyhnF9NgHlvY/getUpdates "HTTP/1.1 409 Conflict"
2025-05-02 08:51:05,828 - telegram.ext.Updater - ERROR - Error while getting Updates: Conflict: terminated by other getUpdates request; make sure that only one bot instance is running
2025-05-02 08:51:05,828 - utils - ERROR - Update None caused error Conflict: terminated by other getUpdates request; make sure that only one bot instance is running
2025-05-02 08:51:13,546 - httpx - INFO - HTTP Request: POST https://api.telegram.org/bot8071076420:AAFzeBp37IfwX-_JYHoH51WKyhnF9NgHlvY/getUpdates "HTTP/1.1 200 OK"
2025-05-02 08:51:13,573 - httpx - INFO - HTTP Request: POST https://api.telegram.org/bot8071076420:AAFzeBp37IfwX-_JYHoH51WKyhnF9NgHlvY/sendMessage "HTTP/1.1 200 OK"
2025-05-02 08:51:23,221 - httpx - INFO - HTTP Request: POST https://api.telegram.org/bot8071076420:AAFzeBp37IfwX-_JYHoH51WKyhnF9NgHlvY/getUpdates "HTTP/1.1 200 OK"
2025-05-02 08:51:23,223 - conversation_handler - INFO - User 1159603709 replied to the bot in a group chat
2025-05-02 08:51:23,547 - httpx - INFO - HTTP Request: POST https://api.telegram.org/bot8071076420:AAFzeBp37IfwX-_JYHoH51WKyhnF9NgHlvY/sendChatAction "HTTP/1.1 200 OK"
2025-05-02 08:51:27,163 - httpx - INFO - HTTP Request: POST https://api.telegram.org/bot8071076420:AAFzeBp37IfwX-_JYHoH51WKyhnF9NgHlvY/getUpdates "HTTP/1.1 409 Conflict"
2025-05-02 08:51:27,164 - telegram.ext.Updater - ERROR - Error while getting Updates: Conflict: terminated by other getUpdates request; make sure that only one bot instance is running
2025-05-02 08:51:27,165 - utils - ERROR - Update None caused error Conflict: terminated by other getUpdates request; make sure that only one bot instance is running
2025-05-02 08:51:31,298 - httpx - INFO - HTTP Request: POST https://api.telegram.org/bot8071076420:AAFzeBp37IfwX-_JYHoH51WKyhnF9NgHlvY/getUpdates "HTTP/1.1 409 Conflict"
2025-05-02 08:51:31,299 - telegram.ext.Updater - ERROR - Error while getting Updates: Conflict: terminated by other getUpdates request; make sure that only one bot instance is running
2025-05-02 08:51:31,299 - utils - ERROR - Update None caused error Conflict: terminated by other getUpdates request; make sure that only one bot instance is running
2025-05-02 08:51:33,216 - httpx - INFO - HTTP Request: POST https://api.telegram.org/bot8071076420:AAFzeBp37IfwX-_JYHoH51WKyhnF9NgHlvY/sendMessage "HTTP/1.1 200 OK"
2025-05-02 08:51:36,171 - httpx - INFO - HTTP Request: POST https://api.telegram.org/bot8071076420:AAFzeBp37IfwX-_JYHoH51WKyhnF9NgHlvY/getUpdates "HTTP/1.1 409 Conflict"
2025-05-02 08:51:36,172 - telegram.ext.Updater - ERROR - Error while getting Updates: Conflict: terminated by other getUpdates request; make sure that only one bot instance is running
2025-05-02 08:51:36,172 - utils - ERROR - Update None caused error Conflict: terminated by other getUpdates request; make sure that only one bot instance is running
2025-05-02 08:51:40,810 - httpx - INFO - HTTP Request: POST https://api.telegram.org/bot8071076420:AAFzeBp37IfwX-_JYHoH51WKyhnF9NgHlvY/getUpdates "HTTP/1.1 409 Conflict"
2025-05-02 08:51:40,811 - telegram.ext.Updater - ERROR - Error while getting Updates: Conflict: terminated by other getUpdates request; make sure that only one bot instance is running
2025-05-02 08:51:40,811 - utils - ERROR - Update None caused error Conflict: terminated by other getUpdates request; make sure that only one bot instance is running
2025-05-02 08:51:46,891 - httpx - INFO - HTTP Request: POST https://api.telegram.org/bot8071076420:AAFzeBp37IfwX-_JYHoH51WKyhnF9NgHlvY/getUpdates "HTTP/1.1 200 OK"
2025-05-02 08:51:46,892 - conversation_handler - INFO - User 1159603709 replied to the bot in a group chat
2025-05-02 08:51:47,282 - httpx - INFO - HTTP Request: POST https://api.telegram.org/bot8071076420:AAFzeBp37IfwX-_JYHoH51WKyhnF9NgHlvY/sendChatAction "HTTP/1.1 200 OK"
2025-05-02 08:51:56,985 - httpx - INFO - HTTP Request: POST https://api.telegram.org/bot8071076420:AAFzeBp37IfwX-_JYHoH51WKyhnF9NgHlvY/sendMessage "HTTP/1.1 200 OK"
2025-05-02 08:51:56,999 - httpx - INFO - HTTP Request: POST https://api.telegram.org/bot8071076420:AAFzeBp37IfwX-_JYHoH51WKyhnF9NgHlvY/getUpdates "HTTP/1.1 200 OK"
2025-05-02 08:52:01,645 - httpx - INFO - HTTP Request: POST https://api.telegram.org/bot8071076420:AAFzeBp37IfwX-_JYHoH51WKyhnF9NgHlvY/getUpdates "HTTP/1.1 409 Conflict"
2025-05-02 08:52:01,646 - telegram.ext.Updater - ERROR - Error while getting Updates: Conflict: terminated by other getUpdates request; make sure that only one bot instance is running
2025-05-02 08:52:01,646 - utils - ERROR - Update None caused error Conflict: terminated by other getUpdates request; make sure that only one bot instance is running
2025-05-02 08:52:05,760 - httpx - INFO - HTTP Request: POST https://api.telegram.org/bot8071076420:AAFzeBp37IfwX-_JYHoH51WKyhnF9NgHlvY/getUpdates "HTTP/1.1 409 Conflict"
2025-05-02 08:52:05,761 - telegram.ext.Updater - ERROR - Error while getting Updates: Conflict: terminated by other getUpdates request; make sure that only one bot instance is running
2025-05-02 08:52:05,761 - utils - ERROR - Update None caused error Conflict: terminated by other getUpdates request; make sure that only one bot instance is running
2025-05-02 08:52:11,156 - httpx - INFO - HTTP Request: POST https://api.telegram.org/bot8071076420:AAFzeBp37IfwX-_JYHoH51WKyhnF9NgHlvY/getUpdates "HTTP/1.1 409 Conflict"
2025-05-02 08:52:11,157 - telegram.ext.Updater - ERROR - Error while getting Updates: Conflict: terminated by other getUpdates request; make sure that only one bot instance is running
2025-05-02 08:52:11,158 - utils - ERROR - Update None caused error Conflict: terminated by other getUpdates request; make sure that only one bot instance is running
2025-05-02 08:52:15,675 - httpx - INFO - HTTP Request: POST https://api.telegram.org/bot8071076420:AAFzeBp37IfwX-_JYHoH51WKyhnF9NgHlvY/getUpdates "HTTP/1.1 200 OK"
2025-05-02 08:52:15,763 - httpx - INFO - HTTP Request: POST https://api.telegram.org/bot8071076420:AAFzeBp37IfwX-_JYHoH51WKyhnF9NgHlvY/getUpdates "HTTP/1.1 409 Conflict"
2025-05-02 08:52:15,764 - telegram.ext.Updater - ERROR - Error while getting Updates: Conflict: terminated by other getUpdates request; make sure that only one bot instance is running
2025-05-02 08:52:15,764 - utils - ERROR - Update None caused error Conflict: terminated by other getUpdates request; make sure that only one bot instance is running
2025-05-02 08:52:20,328 - httpx - INFO - HTTP Request: POST https://api.telegram.org/bot8071076420:AAFzeBp37IfwX-_JYHoH51WKyhnF9NgHlvY/getUpdates "HTTP/1.1 200 OK"
2025-05-02 08:52:20,684 - httpx - INFO - HTTP Request: POST https://api.telegram.org/bot8071076420:AAFzeBp37IfwX-_JYHoH51WKyhnF9NgHlvY/sendMessage "HTTP/1.1 200 OK"
2025-05-02 08:52:27,105 - httpx - INFO - HTTP Request: POST https://api.telegram.org/bot8071076420:AAFzeBp37IfwX-_JYHoH51WKyhnF9NgHlvY/getUpdates "HTTP/1.1 200 OK"
2025-05-02 08:52:27,449 - httpx - INFO - HTTP Request: POST https://api.telegram.org/bot8071076420:AAFzeBp37IfwX-_JYHoH51WKyhnF9NgHlvY/sendMessage "HTTP/1.1 200 OK"
2025-05-02 08:52:31,855 - httpx - INFO - HTTP Request: POST https://api.telegram.org/bot8071076420:AAFzeBp37IfwX-_JYHoH51WKyhnF9NgHlvY/getUpdates "HTTP/1.1 200 OK"
2025-05-02 08:52:31,989 - httpx - INFO - HTTP Request: POST https://api.telegram.org/bot8071076420:AAFzeBp37IfwX-_JYHoH51WKyhnF9NgHlvY/sendMessage "HTTP/1.1 200 OK"
2025-05-02 08:52:36,110 - httpx - INFO - HTTP Request: POST https://api.telegram.org/bot8071076420:AAFzeBp37IfwX-_JYHoH51WKyhnF9NgHlvY/getUpdates "HTTP/1.1 409 Conflict"
2025-05-02 08:52:36,111 - telegram.ext.Updater - ERROR - Error while getting Updates: Conflict: terminated by other getUpdates request; make sure that only one bot instance is running
2025-05-02 08:52:36,111 - utils - ERROR - Update None caused error Conflict: terminated by other getUpdates request; make sure that only one bot instance is running
2025-05-02 08:52:40,219 - httpx - INFO - HTTP Request: POST https://api.telegram.org/bot8071076420:AAFzeBp37IfwX-_JYHoH51WKyhnF9NgHlvY/getUpdates "HTTP/1.1 409 Conflict"
2025-05-02 08:52:40,219 - telegram.ext.Updater - ERROR - Error while getting Updates: Conflict: terminated by other getUpdates request; make sure that only one bot instance is running
2025-05-02 08:52:40,220 - utils - ERROR - Update None caused error Conflict: terminated by other getUpdates request; make sure that only one bot instance is running
2025-05-02 08:52:46,123 - httpx - INFO - HTTP Request: POST https://api.telegram.org/bot8071076420:AAFzeBp37IfwX-_JYHoH51WKyhnF9NgHlvY/getUpdates "HTTP/1.1 409 Conflict"
2025-05-02 08:52:46,124 - telegram.ext.Updater - ERROR - Error while getting Updates: Conflict: terminated by other getUpdates request; make sure that only one bot instance is running
2025-05-02 08:52:46,124 - utils - ERROR - Update None caused error Conflict: terminated by other getUpdates request; make sure that only one bot instance is running
2025-05-02 08:52:50,737 - httpx - INFO - HTTP Request: POST https://api.telegram.org/bot8071076420:AAFzeBp37IfwX-_JYHoH51WKyhnF9NgHlvY/getUpdates "HTTP/1.1 409 Conflict"
2025-05-02 08:52:50,738 - telegram.ext.Updater - ERROR - Error while getting Updates: Conflict: terminated by other getUpdates request; make sure that only one bot instance is running
2025-05-02 08:52:50,739 - utils - ERROR - Update None caused error Conflict: terminated by other getUpdates request; make sure that only one bot instance is running
2025-05-02 08:52:57,729 - httpx - INFO - HTTP Request: POST https://api.telegram.org/bot8071076420:AAFzeBp37IfwX-_JYHoH51WKyhnF9NgHlvY/getUpdates "HTTP/1.1 200 OK"
2025-05-02 08:53:07,427 - httpx - INFO - HTTP Request: POST https://api.telegram.org/bot8071076420:AAFzeBp37IfwX-_JYHoH51WKyhnF9NgHlvY/getUpdates "HTTP/1.1 200 OK"
2025-05-02 08:53:07,791 - httpx - INFO - HTTP Request: POST https://api.telegram.org/bot8071076420:AAFzeBp37IfwX-_JYHoH51WKyhnF9NgHlvY/sendMessage "HTTP/1.1 200 OK"
2025-05-02 08:53:10,569 - httpx - INFO - HTTP Request: POST https://api.telegram.org/bot8071076420:AAFzeBp37IfwX-_JYHoH51WKyhnF9NgHlvY/getUpdates "HTTP/1.1 409 Conflict"
2025-05-02 08:53:10,570 - telegram.ext.Updater - ERROR - Error while getting Updates: Conflict: terminated by other getUpdates request; make sure that only one bot instance is running
2025-05-02 08:53:10,570 - utils - ERROR - Update None caused error Conflict: terminated by other getUpdates request; make sure that only one bot instance is running
2025-05-02 08:53:14,675 - httpx - INFO - HTTP Request: POST https://api.telegram.org/bot8071076420:AAFzeBp37IfwX-_JYHoH51WKyhnF9NgHlvY/getUpdates "HTTP/1.1 409 Conflict"
2025-05-02 08:53:14,675 - telegram.ext.Updater - ERROR - Error while getting Updates: Conflict: terminated by other getUpdates request; make sure that only one bot instance is running
2025-05-02 08:53:14,676 - utils - ERROR - Update None caused error Conflict: terminated by other getUpdates request; make sure that only one bot instance is running
2025-05-02 08:53:15,096 - httpx - INFO - HTTP Request: POST https://api.telegram.org/bot8071076420:AAFzeBp37IfwX-_JYHoH51WKyhnF9NgHlvY/getUpdates "HTTP/1.1 200 OK"
2025-05-02 08:53:15,449 - httpx - INFO - HTTP Request: POST https://api.telegram.org/bot8071076420:AAFzeBp37IfwX-_JYHoH51WKyhnF9NgHlvY/sendMessage "HTTP/1.1 200 OK"
2025-05-02 08:53:21,083 - httpx - INFO - HTTP Request: POST https://api.telegram.org/bot8071076420:AAFzeBp37IfwX-_JYHoH51WKyhnF9NgHlvY/getUpdates "HTTP/1.1 409 Conflict"
2025-05-02 08:53:21,084 - telegram.ext.Updater - ERROR - Error while getting Updates: Conflict: terminated by other getUpdates request; make sure that only one bot instance is running
2025-05-02 08:53:21,085 - utils - ERROR - Update None caused error Conflict: terminated by other getUpdates request; make sure that only one bot instance is running
2025-05-02 08:53:24,109 - httpx - INFO - HTTP Request: POST https://api.telegram.org/bot8071076420:AAFzeBp37IfwX-_JYHoH51WKyhnF9NgHlvY/getUpdates "HTTP/1.1 200 OK"
2025-05-02 08:53:24,456 - httpx - INFO - HTTP Request: POST https://api.telegram.org/bot8071076420:AAFzeBp37IfwX-_JYHoH51WKyhnF9NgHlvY/sendMessage "HTTP/1.1 200 OK"
2025-05-02 08:53:25,191 - httpx - INFO - HTTP Request: POST https://api.telegram.org/bot8071076420:AAFzeBp37IfwX-_JYHoH51WKyhnF9NgHlvY/getUpdates "HTTP/1.1 409 Conflict"
2025-05-02 08:53:25,191 - telegram.ext.Updater - ERROR - Error while getting Updates: Conflict: terminated by other getUpdates request; make sure that only one bot instance is running
2025-05-02 08:53:25,192 - utils - ERROR - Update None caused error Conflict: terminated by other getUpdates request; make sure that only one bot instance is running
2025-05-02 08:53:27,207 - httpx - INFO - HTTP Request: POST https://api.telegram.org/bot8071076420:AAFzeBp37IfwX-_JYHoH51WKyhnF9NgHlvY/getUpdates "HTTP/1.1 200 OK"
2025-05-02 08:53:27,323 - httpx - INFO - HTTP Request: POST https://api.telegram.org/bot8071076420:AAFzeBp37IfwX-_JYHoH51WKyhnF9NgHlvY/answerCallbackQuery "HTTP/1.1 200 OK"
2025-05-02 08:53:27,460 - httpx - INFO - HTTP Request: POST https://api.telegram.org/bot8071076420:AAFzeBp37IfwX-_JYHoH51WKyhnF9NgHlvY/editMessageText "HTTP/1.1 200 OK"
2025-05-02 08:53:29,685 - httpx - INFO - HTTP Request: POST https://api.telegram.org/bot8071076420:AAFzeBp37IfwX-_JYHoH51WKyhnF9NgHlvY/getUpdates "HTTP/1.1 200 OK"
2025-05-02 08:53:29,687 - conversation_handler - INFO - User 1159603709 replied to the bot in a group chat
2025-05-02 08:53:29,803 - httpx - INFO - HTTP Request: POST https://api.telegram.org/bot8071076420:AAFzeBp37IfwX-_JYHoH51WKyhnF9NgHlvY/sendChatAction "HTTP/1.1 200 OK"
2025-05-02 08:53:30,733 - httpx - INFO - HTTP Request: POST https://api.telegram.org/bot8071076420:AAFzeBp37IfwX-_JYHoH51WKyhnF9NgHlvY/sendMessage "HTTP/1.1 200 OK"
2025-05-02 08:53:35,616 - httpx - INFO - HTTP Request: POST https://api.telegram.org/bot8071076420:AAFzeBp37IfwX-_JYHoH51WKyhnF9NgHlvY/getUpdates "HTTP/1.1 200 OK"
2025-05-02 08:53:35,618 - conversation_handler - INFO - User 1159603709 replied to the bot in a group chat
2025-05-02 08:53:35,738 - httpx - INFO - HTTP Request: POST https://api.telegram.org/bot8071076420:AAFzeBp37IfwX-_JYHoH51WKyhnF9NgHlvY/sendChatAction "HTTP/1.1 200 OK"
2025-05-02 08:53:37,146 - httpx - INFO - HTTP Request: POST https://api.telegram.org/bot8071076420:AAFzeBp37IfwX-_JYHoH51WKyhnF9NgHlvY/sendMessage "HTTP/1.1 200 OK"
2025-05-02 08:53:45,022 - httpx - INFO - HTTP Request: POST https://api.telegram.org/bot8071076420:AAFzeBp37IfwX-_JYHoH51WKyhnF9NgHlvY/getUpdates "HTTP/1.1 409 Conflict"
2025-05-02 08:53:45,023 - telegram.ext.Updater - ERROR - Error while getting Updates: Conflict: terminated by other getUpdates request; make sure that only one bot instance is running
2025-05-02 08:53:45,023 - utils - ERROR - Update None caused error Conflict: terminated by other getUpdates request; make sure that only one bot instance is running
2025-05-02 08:53:47,635 - httpx - INFO - HTTP Request: POST https://api.telegram.org/bot8071076420:AAFzeBp37IfwX-_JYHoH51WKyhnF9NgHlvY/getUpdates "HTTP/1.1 200 OK"
2025-05-02 08:53:47,637 - conversation_handler - INFO - User 1159603709 replied to the bot in a group chat
2025-05-02 08:53:47,966 - httpx - INFO - HTTP Request: POST https://api.telegram.org/bot8071076420:AAFzeBp37IfwX-_JYHoH51WKyhnF9NgHlvY/sendChatAction "HTTP/1.1 200 OK"
2025-05-02 08:53:49,876 - httpx - INFO - HTTP Request: POST https://api.telegram.org/bot8071076420:AAFzeBp37IfwX-_JYHoH51WKyhnF9NgHlvY/sendMessage "HTTP/1.1 200 OK"
2025-05-02 08:53:51,174 - root - INFO - Health check server started on port 8000
2025-05-02 08:53:51,198 - root - INFO - Bot started!
2025-05-02 08:53:51,524 - httpx - INFO - HTTP Request: POST https://api.telegram.org/bot8071076420:AAFzeBp37IfwX-_JYHoH51WKyhnF9NgHlvY/getMe "HTTP/1.1 200 OK"
2025-05-02 08:53:51,636 - httpx - INFO - HTTP Request: POST https://api.telegram.org/bot8071076420:AAFzeBp37IfwX-_JYHoH51WKyhnF9NgHlvY/getMe "HTTP/1.1 200 OK"
2025-05-02 08:53:51,637 - root - INFO - Bot username saved to environment: Character0_a1_bot
2025-05-02 08:53:51,742 - httpx - INFO - HTTP Request: POST https://api.telegram.org/bot8071076420:AAFzeBp37IfwX-_JYHoH51WKyhnF9NgHlvY/deleteWebhook "HTTP/1.1 200 OK"
2025-05-02 08:53:51,744 - telegram.ext.Application - INFO - Application started
2025-05-02 08:53:52,056 - httpx - INFO - HTTP Request: POST https://api.telegram.org/bot8071076420:AAFzeBp37IfwX-_JYHoH51WKyhnF9NgHlvY/getUpdates "HTTP/1.1 409 Conflict"
2025-05-02 08:53:52,057 - telegram.ext.Updater - ERROR - Error while getting Updates: Conflict: terminated by other getUpdates request; make sure that only one bot instance is running
2025-05-02 08:53:52,057 - utils - ERROR - Update None caused error Conflict: terminated by other getUpdates request; make sure that only one bot instance is running
2025-05-02 08:53:55,534 - httpx - INFO - HTTP Request: POST https://api.telegram.org/bot8071076420:AAFzeBp37IfwX-_JYHoH51WKyhnF9NgHlvY/getUpdates "HTTP/1.1 409 Conflict"
2025-05-02 08:53:55,535 - telegram.ext.Updater - ERROR - Error while getting Updates: Conflict: terminated by other getUpdates request; make sure that only one bot instance is running
2025-05-02 08:53:55,535 - utils - ERROR - Update None caused error Conflict: terminated by other getUpdates request; make sure that only one bot instance is running
2025-05-02 08:53:56,165 - httpx - INFO - HTTP Request: POST https://api.telegram.org/bot8071076420:AAFzeBp37IfwX-_JYHoH51WKyhnF9NgHlvY/getUpdates "HTTP/1.1 409 Conflict"
2025-05-02 08:53:56,165 - telegram.ext.Updater - ERROR - Error while getting Updates: Conflict: terminated by other getUpdates request; make sure that only one bot instance is running
2025-05-02 08:53:56,166 - utils - ERROR - Update None caused error Conflict: terminated by other getUpdates request; make sure that only one bot instance is running
2025-05-02 08:54:00,141 - httpx - INFO - HTTP Request: POST https://api.telegram.org/bot8071076420:AAFzeBp37IfwX-_JYHoH51WKyhnF9NgHlvY/getUpdates "HTTP/1.1 409 Conflict"
2025-05-02 08:54:00,141 - telegram.ext.Updater - ERROR - Error while getting Updates: Conflict: terminated by other getUpdates request; make sure that only one bot instance is running
2025-05-02 08:54:00,141 - utils - ERROR - Update None caused error Conflict: terminated by other getUpdates request; make sure that only one bot instance is running
2025-05-02 08:54:00,272 - httpx - INFO - HTTP Request: POST https://api.telegram.org/bot8071076420:AAFzeBp37IfwX-_JYHoH51WKyhnF9NgHlvY/getUpdates "HTTP/1.1 409 Conflict"
2025-05-02 08:54:00,272 - telegram.ext.Updater - ERROR - Error while getting Updates: Conflict: terminated by other getUpdates request; make sure that only one bot instance is running
2025-05-02 08:54:00,273 - utils - ERROR - Update None caused error Conflict: terminated by other getUpdates request; make sure that only one bot instance is running
2025-05-02 08:54:02,629 - httpx - INFO - HTTP Request: POST https://api.telegram.org/bot8071076420:AAFzeBp37IfwX-_JYHoH51WKyhnF9NgHlvY/getUpdates "HTTP/1.1 409 Conflict"
2025-05-02 08:54:02,630 - telegram.ext.Updater - ERROR - Error while getting Updates: Conflict: terminated by other getUpdates request; make sure that only one bot instance is running
2025-05-02 08:54:02,630 - utils - ERROR - Update None caused error Conflict: terminated by other getUpdates request; make sure that only one bot instance is running
2025-05-02 08:54:03,870 - httpx - INFO - HTTP Request: POST https://api.telegram.org/bot8071076420:AAFzeBp37IfwX-_JYHoH51WKyhnF9NgHlvY/getUpdates "HTTP/1.1 200 OK"
2025-05-02 08:54:03,872 - conversation_handler - INFO - User 1159603709 replied to the bot in a group chat
2025-05-02 08:54:04,192 - httpx - INFO - HTTP Request: POST https://api.telegram.org/bot8071076420:AAFzeBp37IfwX-_JYHoH51WKyhnF9NgHlvY/sendChatAction "HTTP/1.1 200 OK"
2025-05-02 08:54:06,037 - httpx - INFO - HTTP Request: POST https://api.telegram.org/bot8071076420:AAFzeBp37IfwX-_JYHoH51WKyhnF9NgHlvY/sendMessage "HTTP/1.1 200 OK"
2025-05-02 08:54:07,235 - httpx - INFO - HTTP Request: POST https://api.telegram.org/bot8071076420:AAFzeBp37IfwX-_JYHoH51WKyhnF9NgHlvY/getUpdates "HTTP/1.1 409 Conflict"
2025-05-02 08:54:07,236 - telegram.ext.Updater - ERROR - Error while getting Updates: Conflict: terminated by other getUpdates request; make sure that only one bot instance is running
2025-05-02 08:54:07,236 - utils - ERROR - Update None caused error Conflict: terminated by other getUpdates request; make sure that only one bot instance is running
2025-05-02 08:54:08,347 - httpx - INFO - HTTP Request: POST https://api.telegram.org/bot8071076420:AAFzeBp37IfwX-_JYHoH51WKyhnF9NgHlvY/getUpdates "HTTP/1.1 409 Conflict"
2025-05-02 08:54:08,348 - telegram.ext.Updater - ERROR - Error while getting Updates: Conflict: terminated by other getUpdates request; make sure that only one bot instance is running
2025-05-02 08:54:08,348 - utils - ERROR - Update None caused error Conflict: terminated by other getUpdates request; make sure that only one bot instance is running
2025-05-02 08:54:13,706 - httpx - INFO - HTTP Request: POST https://api.telegram.org/bot8071076420:AAFzeBp37IfwX-_JYHoH51WKyhnF9NgHlvY/getUpdates "HTTP/1.1 409 Conflict"
2025-05-02 08:54:13,707 - telegram.ext.Updater - ERROR - Error while getting Updates: Conflict: terminated by other getUpdates request; make sure that only one bot instance is running
2025-05-02 08:54:13,709 - utils - ERROR - Update None caused error Conflict: terminated by other getUpdates request; make sure that only one bot instance is running
2025-05-02 08:54:15,314 - httpx - INFO - HTTP Request: POST https://api.telegram.org/bot8071076420:AAFzeBp37IfwX-_JYHoH51WKyhnF9NgHlvY/getUpdates "HTTP/1.1 409 Conflict"
2025-05-02 08:54:15,315 - telegram.ext.Updater - ERROR - Error while getting Updates: Conflict: terminated by other getUpdates request; make sure that only one bot instance is running
2025-05-02 08:54:15,315 - utils - ERROR - Update None caused error Conflict: terminated by other getUpdates request; make sure that only one bot instance is running
2025-05-02 08:54:18,301 - httpx - INFO - HTTP Request: POST https://api.telegram.org/bot8071076420:AAFzeBp37IfwX-_JYHoH51WKyhnF9NgHlvY/getUpdates "HTTP/1.1 200 OK"
2025-05-02 08:54:18,302 - conversation_handler - INFO - User 1159603709 replied to the bot in a group chat
2025-05-02 08:54:18,671 - httpx - INFO - HTTP Request: POST https://api.telegram.org/bot8071076420:AAFzeBp37IfwX-_JYHoH51WKyhnF9NgHlvY/sendChatAction "HTTP/1.1 200 OK"
2025-05-02 08:54:18,797 - httpx - INFO - HTTP Request: POST https://api.telegram.org/bot8071076420:AAFzeBp37IfwX-_JYHoH51WKyhnF9NgHlvY/getUpdates "HTTP/1.1 409 Conflict"
2025-05-02 08:54:18,798 - telegram.ext.Updater - ERROR - Error while getting Updates: Conflict: terminated by other getUpdates request; make sure that only one bot instance is running
2025-05-02 08:54:18,798 - utils - ERROR - Update None caused error Conflict: terminated by other getUpdates request; make sure that only one bot instance is running
2025-05-02 08:54:21,243 - httpx - INFO - HTTP Request: POST https://api.telegram.org/bot8071076420:AAFzeBp37IfwX-_JYHoH51WKyhnF9NgHlvY/sendMessage "HTTP/1.1 200 OK"
2025-05-02 08:54:22,902 - httpx - INFO - HTTP Request: POST https://api.telegram.org/bot8071076420:AAFzeBp37IfwX-_JYHoH51WKyhnF9NgHlvY/getUpdates "HTTP/1.1 409 Conflict"
2025-05-02 08:54:22,903 - telegram.ext.Updater - ERROR - Error while getting Updates: Conflict: terminated by other getUpdates request; make sure that only one bot instance is running
2025-05-02 08:54:22,903 - utils - ERROR - Update None caused error Conflict: terminated by other getUpdates request; make sure that only one bot instance is running
2025-05-02 08:54:28,286 - httpx - INFO - HTTP Request: POST https://api.telegram.org/bot8071076420:AAFzeBp37IfwX-_JYHoH51WKyhnF9NgHlvY/getUpdates "HTTP/1.1 409 Conflict"
2025-05-02 08:54:28,287 - telegram.ext.Updater - ERROR - Error while getting Updates: Conflict: terminated by other getUpdates request; make sure that only one bot instance is running
2025-05-02 08:54:28,288 - utils - ERROR - Update None caused error Conflict: terminated by other getUpdates request; make sure that only one bot instance is running
2025-05-02 08:54:32,900 - httpx - INFO - HTTP Request: POST https://api.telegram.org/bot8071076420:AAFzeBp37IfwX-_JYHoH51WKyhnF9NgHlvY/getUpdates "HTTP/1.1 409 Conflict"
2025-05-02 08:54:32,901 - telegram.ext.Updater - ERROR - Error while getting Updates: Conflict: terminated by other getUpdates request; make sure that only one bot instance is running
2025-05-02 08:54:32,901 - utils - ERROR - Update None caused error Conflict: terminated by other getUpdates request; make sure that only one bot instance is running
2025-05-02 08:54:33,428 - httpx - INFO - HTTP Request: POST https://api.telegram.org/bot8071076420:AAFzeBp37IfwX-_JYHoH51WKyhnF9NgHlvY/getUpdates "HTTP/1.1 200 OK"
2025-05-02 08:54:33,430 - conversation_handler - INFO - User 1159603709 replied to the bot in a group chat
2025-05-02 08:54:33,489 - httpx - INFO - HTTP Request: POST https://api.telegram.org/bot8071076420:AAFzeBp37IfwX-_JYHoH51WKyhnF9NgHlvY/getUpdates "HTTP/1.1 409 Conflict"
2025-05-02 08:54:33,489 - telegram.ext.Updater - ERROR - Error while getting Updates: Conflict: terminated by other getUpdates request; make sure that only one bot instance is running
2025-05-02 08:54:33,490 - utils - ERROR - Update None caused error Conflict: terminated by other getUpdates request; make sure that only one bot instance is running
2025-05-02 08:54:33,752 - httpx - INFO - HTTP Request: POST https://api.telegram.org/bot8071076420:AAFzeBp37IfwX-_JYHoH51WKyhnF9NgHlvY/sendChatAction "HTTP/1.1 200 OK"
2025-05-02 08:54:35,848 - httpx - INFO - HTTP Request: POST https://api.telegram.org/bot8071076420:AAFzeBp37IfwX-_JYHoH51WKyhnF9NgHlvY/getUpdates "HTTP/1.1 409 Conflict"
2025-05-02 08:54:35,848 - telegram.ext.Updater - ERROR - Error while getting Updates: Conflict: terminated by other getUpdates request; make sure that only one bot instance is running
2025-05-02 08:54:35,849 - utils - ERROR - Update None caused error Conflict: terminated by other getUpdates request; make sure that only one bot instance is running
2025-05-02 08:54:35,948 - httpx - INFO - HTTP Request: POST https://api.telegram.org/bot8071076420:AAFzeBp37IfwX-_JYHoH51WKyhnF9NgHlvY/sendMessage "HTTP/1.1 200 OK"
2025-05-02 08:54:39,956 - httpx - INFO - HTTP Request: POST https://api.telegram.org/bot8071076420:AAFzeBp37IfwX-_JYHoH51WKyhnF9NgHlvY/getUpdates "HTTP/1.1 409 Conflict"
2025-05-02 08:54:39,957 - telegram.ext.Updater - ERROR - Error while getting Updates: Conflict: terminated by other getUpdates request; make sure that only one bot instance is running
2025-05-02 08:54:39,957 - utils - ERROR - Update None caused error Conflict: terminated by other getUpdates request; make sure that only one bot instance is running
2025-05-02 08:54:40,816 - httpx - INFO - HTTP Request: POST https://api.telegram.org/bot8071076420:AAFzeBp37IfwX-_JYHoH51WKyhnF9NgHlvY/getUpdates "HTTP/1.1 409 Conflict"
2025-05-02 08:54:40,817 - telegram.ext.Updater - ERROR - Error while getting Updates: Conflict: terminated by other getUpdates request; make sure that only one bot instance is running
2025-05-02 08:54:40,817 - utils - ERROR - Update None caused error Conflict: terminated by other getUpdates request; make sure that only one bot instance is running
2025-05-02 08:54:45,437 - httpx - INFO - HTTP Request: POST https://api.telegram.org/bot8071076420:AAFzeBp37IfwX-_JYHoH51WKyhnF9NgHlvY/getUpdates "HTTP/1.1 409 Conflict"
2025-05-02 08:54:45,438 - telegram.ext.Updater - ERROR - Error while getting Updates: Conflict: terminated by other getUpdates request; make sure that only one bot instance is running
2025-05-02 08:54:45,438 - utils - ERROR - Update None caused error Conflict: terminated by other getUpdates request; make sure that only one bot instance is running
2025-05-02 08:54:46,442 - httpx - INFO - HTTP Request: POST https://api.telegram.org/bot8071076420:AAFzeBp37IfwX-_JYHoH51WKyhnF9NgHlvY/getUpdates "HTTP/1.1 409 Conflict"
2025-05-02 08:54:46,442 - telegram.ext.Updater - ERROR - Error while getting Updates: Conflict: terminated by other getUpdates request; make sure that only one bot instance is running
2025-05-02 08:54:46,443 - utils - ERROR - Update None caused error Conflict: terminated by other getUpdates request; make sure that only one bot instance is running
2025-05-02 08:54:48,799 - httpx - INFO - HTTP Request: POST https://api.telegram.org/bot8071076420:AAFzeBp37IfwX-_JYHoH51WKyhnF9NgHlvY/getUpdates "HTTP/1.1 409 Conflict"
2025-05-02 08:54:48,800 - telegram.ext.Updater - ERROR - Error while getting Updates: Conflict: terminated by other getUpdates request; make sure that only one bot instance is running
2025-05-02 08:54:48,800 - utils - ERROR - Update None caused error Conflict: terminated by other getUpdates request; make sure that only one bot instance is running
2025-05-02 08:54:54,180 - httpx - INFO - HTTP Request: POST https://api.telegram.org/bot8071076420:AAFzeBp37IfwX-_JYHoH51WKyhnF9NgHlvY/getUpdates "HTTP/1.1 409 Conflict"
2025-05-02 08:54:54,181 - telegram.ext.Updater - ERROR - Error while getting Updates: Conflict: terminated by other getUpdates request; make sure that only one bot instance is running
2025-05-02 08:54:54,181 - utils - ERROR - Update None caused error Conflict: terminated by other getUpdates request; make sure that only one bot instance is running
2025-05-02 08:54:57,665 - httpx - INFO - HTTP Request: POST https://api.telegram.org/bot8071076420:AAFzeBp37IfwX-_JYHoH51WKyhnF9NgHlvY/getUpdates "HTTP/1.1 409 Conflict"
2025-05-02 08:54:57,666 - telegram.ext.Updater - ERROR - Error while getting Updates: Conflict: terminated by other getUpdates request; make sure that only one bot instance is running
2025-05-02 08:54:57,666 - utils - ERROR - Update None caused error Conflict: terminated by other getUpdates request; make sure that only one bot instance is running
2025-05-02 08:54:59,778 - httpx - INFO - HTTP Request: POST https://api.telegram.org/bot8071076420:AAFzeBp37IfwX-_JYHoH51WKyhnF9NgHlvY/getUpdates "HTTP/1.1 200 OK"
2025-05-02 08:55:00,115 - httpx - INFO - HTTP Request: POST https://api.telegram.org/bot8071076420:AAFzeBp37IfwX-_JYHoH51WKyhnF9NgHlvY/sendMessage "HTTP/1.1 200 OK"
2025-05-02 08:55:00,157 - httpx - INFO - HTTP Request: POST https://api.telegram.org/bot8071076420:AAFzeBp37IfwX-_JYHoH51WKyhnF9NgHlvY/getUpdates "HTTP/1.1 409 Conflict"
2025-05-02 08:55:00,158 - telegram.ext.Updater - ERROR - Error while getting Updates: Conflict: terminated by other getUpdates request; make sure that only one bot instance is running
2025-05-02 08:55:00,159 - utils - ERROR - Update None caused error Conflict: terminated by other getUpdates request; make sure that only one bot instance is running
2025-05-02 08:55:08,074 - httpx - INFO - HTTP Request: POST https://api.telegram.org/bot8071076420:AAFzeBp37IfwX-_JYHoH51WKyhnF9NgHlvY/getUpdates "HTTP/1.1 409 Conflict"
2025-05-02 08:55:08,075 - telegram.ext.Updater - ERROR - Error while getting Updates: Conflict: terminated by other getUpdates request; make sure that only one bot instance is running
2025-05-02 08:55:08,075 - utils - ERROR - Update None caused error Conflict: terminated by other getUpdates request; make sure that only one bot instance is running
2025-05-02 08:55:12,186 - httpx - INFO - HTTP Request: POST https://api.telegram.org/bot8071076420:AAFzeBp37IfwX-_JYHoH51WKyhnF9NgHlvY/getUpdates "HTTP/1.1 409 Conflict"
2025-05-02 08:55:12,187 - telegram.ext.Updater - ERROR - Error while getting Updates: Conflict: terminated by other getUpdates request; make sure that only one bot instance is running
2025-05-02 08:55:12,187 - utils - ERROR - Update None caused error Conflict: terminated by other getUpdates request; make sure that only one bot instance is running
2025-05-02 08:55:15,086 - httpx - INFO - HTTP Request: POST https://api.telegram.org/bot8071076420:AAFzeBp37IfwX-_JYHoH51WKyhnF9NgHlvY/getUpdates "HTTP/1.1 409 Conflict"
2025-05-02 08:55:15,087 - telegram.ext.Updater - ERROR - Error while getting Updates: Conflict: terminated by other getUpdates request; make sure that only one bot instance is running
2025-05-02 08:55:15,087 - utils - ERROR - Update None caused error Conflict: terminated by other getUpdates request; make sure that only one bot instance is running
2025-05-02 08:55:19,696 - httpx - INFO - HTTP Request: POST https://api.telegram.org/bot8071076420:AAFzeBp37IfwX-_JYHoH51WKyhnF9NgHlvY/getUpdates "HTTP/1.1 409 Conflict"
2025-05-02 08:55:19,697 - telegram.ext.Updater - ERROR - Error while getting Updates: Conflict: terminated by other getUpdates request; make sure that only one bot instance is running
2025-05-02 08:55:19,697 - utils - ERROR - Update None caused error Conflict: terminated by other getUpdates request; make sure that only one bot instance is running
2025-05-02 08:55:23,903 - httpx - INFO - HTTP Request: POST https://api.telegram.org/bot8071076420:AAFzeBp37IfwX-_JYHoH51WKyhnF9NgHlvY/getUpdates "HTTP/1.1 409 Conflict"
2025-05-02 08:55:23,904 - telegram.ext.Updater - ERROR - Error while getting Updates: Conflict: terminated by other getUpdates request; make sure that only one bot instance is running
2025-05-02 08:55:23,904 - utils - ERROR - Update None caused error Conflict: terminated by other getUpdates request; make sure that only one bot instance is running
2025-05-02 08:55:29,264 - httpx - INFO - HTTP Request: POST https://api.telegram.org/bot8071076420:AAFzeBp37IfwX-_JYHoH51WKyhnF9NgHlvY/getUpdates "HTTP/1.1 409 Conflict"
2025-05-02 08:55:29,265 - telegram.ext.Updater - ERROR - Error while getting Updates: Conflict: terminated by other getUpdates request; make sure that only one bot instance is running
2025-05-02 08:55:29,265 - utils - ERROR - Update None caused error Conflict: terminated by other getUpdates request; make sure that only one bot instance is running
2025-05-02 08:55:36,268 - httpx - INFO - HTTP Request: POST https://api.telegram.org/bot8071076420:AAFzeBp37IfwX-_JYHoH51WKyhnF9NgHlvY/getUpdates "HTTP/1.1 200 OK"
2025-05-02 08:55:45,669 - httpx - INFO - HTTP Request: POST https://api.telegram.org/bot8071076420:AAFzeBp37IfwX-_JYHoH51WKyhnF9NgHlvY/getUpdates "HTTP/1.1 409 Conflict"
2025-05-02 08:55:45,670 - telegram.ext.Updater - ERROR - Error while getting Updates: Conflict: terminated by other getUpdates request; make sure that only one bot instance is running
2025-05-02 08:55:45,670 - utils - ERROR - Update None caused error Conflict: terminated by other getUpdates request; make sure that only one bot instance is running
2025-05-02 08:55:49,688 - httpx - INFO - HTTP Request: POST https://api.telegram.org/bot8071076420:AAFzeBp37IfwX-_JYHoH51WKyhnF9NgHlvY/getUpdates "HTTP/1.1 409 Conflict"
2025-05-02 08:55:49,689 - telegram.ext.Updater - ERROR - Error while getting Updates: Conflict: terminated by other getUpdates request; make sure that only one bot instance is running
2025-05-02 08:55:49,689 - utils - ERROR - Update None caused error Conflict: terminated by other getUpdates request; make sure that only one bot instance is running
2025-05-02 08:55:49,778 - httpx - INFO - HTTP Request: POST https://api.telegram.org/bot8071076420:AAFzeBp37IfwX-_JYHoH51WKyhnF9NgHlvY/getUpdates "HTTP/1.1 409 Conflict"
2025-05-02 08:55:49,779 - telegram.ext.Updater - ERROR - Error while getting Updates: Conflict: terminated by other getUpdates request; make sure that only one bot instance is running
2025-05-02 08:55:49,779 - utils - ERROR - Update None caused error Conflict: terminated by other getUpdates request; make sure that only one bot instance is running
2025-05-02 08:55:55,914 - httpx - INFO - HTTP Request: POST https://api.telegram.org/bot8071076420:AAFzeBp37IfwX-_JYHoH51WKyhnF9NgHlvY/getUpdates "HTTP/1.1 200 OK"
2025-05-02 08:55:55,914 - telegram.ext.Application - INFO - Application is stopping. This might take a moment.
2025-05-02 08:55:55,915 - telegram.ext.Application - INFO - Application.stop() complete
2025-05-02 08:55:58,353 - root - ERROR - Health check server error: [Errno 98] Address already in use
2025-05-02 08:55:58,370 - root - INFO - Bot started!
2025-05-02 08:55:58,691 - httpx - INFO - HTTP Request: POST https://api.telegram.org/bot8071076420:AAFzeBp37IfwX-_JYHoH51WKyhnF9NgHlvY/getMe "HTTP/1.1 200 OK"
2025-05-02 08:55:58,797 - httpx - INFO - HTTP Request: POST https://api.telegram.org/bot8071076420:AAFzeBp37IfwX-_JYHoH51WKyhnF9NgHlvY/getMe "HTTP/1.1 200 OK"
2025-05-02 08:55:58,798 - root - INFO - Bot username saved to environment: Character0_a1_bot
2025-05-02 08:55:58,908 - httpx - INFO - HTTP Request: POST https://api.telegram.org/bot8071076420:AAFzeBp37IfwX-_JYHoH51WKyhnF9NgHlvY/deleteWebhook "HTTP/1.1 200 OK"
2025-05-02 08:55:58,909 - telegram.ext.Application - INFO - Application started
2025-05-02 08:56:09,228 - httpx - INFO - HTTP Request: POST https://api.telegram.org/bot8071076420:AAFzeBp37IfwX-_JYHoH51WKyhnF9NgHlvY/getUpdates "HTTP/1.1 200 OK"
2025-05-02 08:56:15,746 - httpx - INFO - HTTP Request: POST https://api.telegram.org/bot8071076420:AAFzeBp37IfwX-_JYHoH51WKyhnF9NgHlvY/getUpdates "HTTP/1.1 409 Conflict"
2025-05-02 08:56:15,748 - telegram.ext.Updater - ERROR - Error while getting Updates: Conflict: terminated by other getUpdates request; make sure that only one bot instance is running
2025-05-02 08:56:15,748 - utils - ERROR - Update None caused error Conflict: terminated by other getUpdates request; make sure that only one bot instance is running
2025-05-02 08:56:19,858 - httpx - INFO - HTTP Request: POST https://api.telegram.org/bot8071076420:AAFzeBp37IfwX-_JYHoH51WKyhnF9NgHlvY/getUpdates "HTTP/1.1 409 Conflict"
2025-05-02 08:56:19,858 - telegram.ext.Updater - ERROR - Error while getting Updates: Conflict: terminated by other getUpdates request; make sure that only one bot instance is running
2025-05-02 08:56:19,859 - utils - ERROR - Update None caused error Conflict: terminated by other getUpdates request; make sure that only one bot instance is running
2025-05-02 08:56:20,035 - httpx - INFO - HTTP Request: POST https://api.telegram.org/bot8071076420:AAFzeBp37IfwX-_JYHoH51WKyhnF9NgHlvY/getUpdates "HTTP/1.1 409 Conflict"
2025-05-02 08:56:20,036 - telegram.ext.Updater - ERROR - Error while getting Updates: Conflict: terminated by other getUpdates request; make sure that only one bot instance is running
2025-05-02 08:56:20,036 - utils - ERROR - Update None caused error Conflict: terminated by other getUpdates request; make sure that only one bot instance is running
2025-05-02 08:56:24,644 - httpx - INFO - HTTP Request: POST https://api.telegram.org/bot8071076420:AAFzeBp37IfwX-_JYHoH51WKyhnF9NgHlvY/getUpdates "HTTP/1.1 409 Conflict"
2025-05-02 08:56:24,646 - telegram.ext.Updater - ERROR - Error while getting Updates: Conflict: terminated by other getUpdates request; make sure that only one bot instance is running
2025-05-02 08:56:24,647 - utils - ERROR - Update None caused error Conflict: terminated by other getUpdates request; make sure that only one bot instance is running
2025-05-02 08:56:31,648 - httpx - INFO - HTTP Request: POST https://api.telegram.org/bot8071076420:AAFzeBp37IfwX-_JYHoH51WKyhnF9NgHlvY/getUpdates "HTTP/1.1 200 OK"
2025-05-02 08:56:41,762 - httpx - INFO - HTTP Request: POST https://api.telegram.org/bot8071076420:AAFzeBp37IfwX-_JYHoH51WKyhnF9NgHlvY/getUpdates "HTTP/1.1 200 OK"
2025-05-02 08:56:50,203 - httpx - INFO - HTTP Request: POST https://api.telegram.org/bot8071076420:AAFzeBp37IfwX-_JYHoH51WKyhnF9NgHlvY/getUpdates "HTTP/1.1 409 Conflict"
2025-05-02 08:56:50,205 - telegram.ext.Updater - ERROR - Error while getting Updates: Conflict: terminated by other getUpdates request; make sure that only one bot instance is running
2025-05-02 08:56:50,205 - utils - ERROR - Update None caused error Conflict: terminated by other getUpdates request; make sure that only one bot instance is running
2025-05-02 08:56:53,650 - httpx - INFO - HTTP Request: POST https://api.telegram.org/bot8071076420:AAFzeBp37IfwX-_JYHoH51WKyhnF9NgHlvY/getUpdates "HTTP/1.1 200 OK"
2025-05-02 08:56:53,969 - httpx - INFO - HTTP Request: POST https://api.telegram.org/bot8071076420:AAFzeBp37IfwX-_JYHoH51WKyhnF9NgHlvY/answerCallbackQuery "HTTP/1.1 200 OK"
2025-05-02 08:56:54,094 - httpx - INFO - HTTP Request: POST https://api.telegram.org/bot8071076420:AAFzeBp37IfwX-_JYHoH51WKyhnF9NgHlvY/sendMessage "HTTP/1.1 200 OK"
2025-05-02 08:56:54,311 - httpx - INFO - HTTP Request: POST https://api.telegram.org/bot8071076420:AAFzeBp37IfwX-_JYHoH51WKyhnF9NgHlvY/getUpdates "HTTP/1.1 409 Conflict"
2025-05-02 08:56:54,311 - telegram.ext.Updater - ERROR - Error while getting Updates: Conflict: terminated by other getUpdates request; make sure that only one bot instance is running
2025-05-02 08:56:54,311 - utils - ERROR - Update None caused error Conflict: terminated by other getUpdates request; make sure that only one bot instance is running
2025-05-02 08:56:54,998 - httpx - INFO - HTTP Request: POST https://api.telegram.org/bot8071076420:AAFzeBp37IfwX-_JYHoH51WKyhnF9NgHlvY/getUpdates "HTTP/1.1 409 Conflict"
2025-05-02 08:56:54,999 - telegram.ext.Updater - ERROR - Error while getting Updates: Conflict: terminated by other getUpdates request; make sure that only one bot instance is running
2025-05-02 08:56:54,999 - utils - ERROR - Update None caused error Conflict: terminated by other getUpdates request; make sure that only one bot instance is running
2025-05-02 08:56:55,323 - httpx - INFO - HTTP Request: POST https://api.telegram.org/bot8071076420:AAFzeBp37IfwX-_JYHoH51WKyhnF9NgHlvY/getUpdates "HTTP/1.1 200 OK"
2025-05-02 08:56:55,641 - httpx - INFO - HTTP Request: POST https://api.telegram.org/bot8071076420:AAFzeBp37IfwX-_JYHoH51WKyhnF9NgHlvY/answerCallbackQuery "HTTP/1.1 200 OK"
2025-05-02 08:56:55,767 - httpx - INFO - HTTP Request: POST https://api.telegram.org/bot8071076420:AAFzeBp37IfwX-_JYHoH51WKyhnF9NgHlvY/editMessageText "HTTP/1.1 200 OK"
2025-05-02 08:56:58,521 - httpx - INFO - HTTP Request: POST https://api.telegram.org/bot8071076420:AAFzeBp37IfwX-_JYHoH51WKyhnF9NgHlvY/getUpdates "HTTP/1.1 200 OK"
2025-05-02 08:56:58,652 - httpx - INFO - HTTP Request: POST https://api.telegram.org/bot8071076420:AAFzeBp37IfwX-_JYHoH51WKyhnF9NgHlvY/sendMessage "HTTP/1.1 200 OK"
2025-05-02 08:56:59,123 - httpx - INFO - HTTP Request: POST https://api.telegram.org/bot8071076420:AAFzeBp37IfwX-_JYHoH51WKyhnF9NgHlvY/getUpdates "HTTP/1.1 409 Conflict"
2025-05-02 08:56:59,124 - telegram.ext.Updater - ERROR - Error while getting Updates: Conflict: terminated by other getUpdates request; make sure that only one bot instance is running
2025-05-02 08:56:59,124 - utils - ERROR - Update None caused error Conflict: terminated by other getUpdates request; make sure that only one bot instance is running
2025-05-02 08:57:00,230 - httpx - INFO - HTTP Request: POST https://api.telegram.org/bot8071076420:AAFzeBp37IfwX-_JYHoH51WKyhnF9NgHlvY/getUpdates "HTTP/1.1 409 Conflict"
2025-05-02 08:57:00,231 - telegram.ext.Updater - ERROR - Error while getting Updates: Conflict: terminated by other getUpdates request; make sure that only one bot instance is running
2025-05-02 08:57:00,231 - utils - ERROR - Update None caused error Conflict: terminated by other getUpdates request; make sure that only one bot instance is running
2025-05-02 08:57:02,048 - httpx - INFO - HTTP Request: POST https://api.telegram.org/bot8071076420:AAFzeBp37IfwX-_JYHoH51WKyhnF9NgHlvY/getUpdates "HTTP/1.1 200 OK"
2025-05-02 08:57:02,250 - httpx - INFO - HTTP Request: POST https://api.telegram.org/bot8071076420:AAFzeBp37IfwX-_JYHoH51WKyhnF9NgHlvY/sendChatAction "HTTP/1.1 200 OK"
2025-05-02 08:57:04,338 - httpx - INFO - HTTP Request: POST https://api.telegram.org/bot8071076420:AAFzeBp37IfwX-_JYHoH51WKyhnF9NgHlvY/getUpdates "HTTP/1.1 409 Conflict"
2025-05-02 08:57:04,339 - telegram.ext.Updater - ERROR - Error while getting Updates: Conflict: terminated by other getUpdates request; make sure that only one bot instance is running
2025-05-02 08:57:04,339 - utils - ERROR - Update None caused error Conflict: terminated by other getUpdates request; make sure that only one bot instance is running
2025-05-02 08:57:04,800 - httpx - INFO - HTTP Request: POST https://api.telegram.org/bot8071076420:AAFzeBp37IfwX-_JYHoH51WKyhnF9NgHlvY/sendMessage "HTTP/1.1 200 OK"
2025-05-02 08:57:05,945 - httpx - INFO - HTTP Request: POST https://api.telegram.org/bot8071076420:AAFzeBp37IfwX-_JYHoH51WKyhnF9NgHlvY/getUpdates "HTTP/1.1 409 Conflict"
2025-05-02 08:57:05,946 - telegram.ext.Updater - ERROR - Error while getting Updates: Conflict: terminated by other getUpdates request; make sure that only one bot instance is running
2025-05-02 08:57:05,946 - utils - ERROR - Update None caused error Conflict: terminated by other getUpdates request; make sure that only one bot instance is running
2025-05-02 08:57:10,087 - httpx - INFO - HTTP Request: POST https://api.telegram.org/bot8071076420:AAFzeBp37IfwX-_JYHoH51WKyhnF9NgHlvY/getUpdates "HTTP/1.1 409 Conflict"
2025-05-02 08:57:10,088 - telegram.ext.Updater - ERROR - Error while getting Updates: Conflict: terminated by other getUpdates request; make sure that only one bot instance is running
2025-05-02 08:57:10,088 - utils - ERROR - Update None caused error Conflict: terminated by other getUpdates request; make sure that only one bot instance is running
2025-05-02 08:57:12,450 - httpx - INFO - HTTP Request: POST https://api.telegram.org/bot8071076420:AAFzeBp37IfwX-_JYHoH51WKyhnF9NgHlvY/getUpdates "HTTP/1.1 409 Conflict"
2025-05-02 08:57:12,452 - telegram.ext.Updater - ERROR - Error while getting Updates: Conflict: terminated by other getUpdates request; make sure that only one bot instance is running
2025-05-02 08:57:12,453 - utils - ERROR - Update None caused error Conflict: terminated by other getUpdates request; make sure that only one bot instance is running
2025-05-02 08:57:14,113 - httpx - INFO - HTTP Request: POST https://api.telegram.org/bot8071076420:AAFzeBp37IfwX-_JYHoH51WKyhnF9NgHlvY/getUpdates "HTTP/1.1 200 OK"
2025-05-02 08:57:14,474 - httpx - INFO - HTTP Request: POST https://api.telegram.org/bot8071076420:AAFzeBp37IfwX-_JYHoH51WKyhnF9NgHlvY/sendChatAction "HTTP/1.1 200 OK"
2025-05-02 08:57:15,461 - httpx - INFO - HTTP Request: POST https://api.telegram.org/bot8071076420:AAFzeBp37IfwX-_JYHoH51WKyhnF9NgHlvY/sendMessage "HTTP/1.1 200 OK"
2025-05-02 08:57:17,061 - httpx - INFO - HTTP Request: POST https://api.telegram.org/bot8071076420:AAFzeBp37IfwX-_JYHoH51WKyhnF9NgHlvY/getUpdates "HTTP/1.1 409 Conflict"
2025-05-02 08:57:17,062 - telegram.ext.Updater - ERROR - Error while getting Updates: Conflict: terminated by other getUpdates request; make sure that only one bot instance is running
2025-05-02 08:57:17,062 - utils - ERROR - Update None caused error Conflict: terminated by other getUpdates request; make sure that only one bot instance is running
2025-05-02 08:57:20,545 - httpx - INFO - HTTP Request: POST https://api.telegram.org/bot8071076420:AAFzeBp37IfwX-_JYHoH51WKyhnF9NgHlvY/getUpdates "HTTP/1.1 409 Conflict"
2025-05-02 08:57:20,546 - telegram.ext.Updater - ERROR - Error while getting Updates: Conflict: terminated by other getUpdates request; make sure that only one bot instance is running
2025-05-02 08:57:20,546 - utils - ERROR - Update None caused error Conflict: terminated by other getUpdates request; make sure that only one bot instance is running
2025-05-02 08:57:21,224 - httpx - INFO - HTTP Request: POST https://api.telegram.org/bot8071076420:AAFzeBp37IfwX-_JYHoH51WKyhnF9NgHlvY/getUpdates "HTTP/1.1 200 OK"
2025-05-02 08:57:21,565 - httpx - INFO - HTTP Request: POST https://api.telegram.org/bot8071076420:AAFzeBp37IfwX-_JYHoH51WKyhnF9NgHlvY/sendChatAction "HTTP/1.1 200 OK"
2025-05-02 08:57:23,129 - httpx - INFO - HTTP Request: POST https://api.telegram.org/bot8071076420:AAFzeBp37IfwX-_JYHoH51WKyhnF9NgHlvY/sendMessage "HTTP/1.1 200 OK"
2025-05-02 08:57:24,655 - httpx - INFO - HTTP Request: POST https://api.telegram.org/bot8071076420:AAFzeBp37IfwX-_JYHoH51WKyhnF9NgHlvY/getUpdates "HTTP/1.1 409 Conflict"
2025-05-02 08:57:24,656 - telegram.ext.Updater - ERROR - Error while getting Updates: Conflict: terminated by other getUpdates request; make sure that only one bot instance is running
2025-05-02 08:57:24,656 - utils - ERROR - Update None caused error Conflict: terminated by other getUpdates request; make sure that only one bot instance is running
2025-05-02 08:57:24,670 - httpx - INFO - HTTP Request: POST https://api.telegram.org/bot8071076420:AAFzeBp37IfwX-_JYHoH51WKyhnF9NgHlvY/getUpdates "HTTP/1.1 409 Conflict"
2025-05-02 08:57:24,670 - telegram.ext.Updater - ERROR - Error while getting Updates: Conflict: terminated by other getUpdates request; make sure that only one bot instance is running
2025-05-02 08:57:24,671 - utils - ERROR - Update None caused error Conflict: terminated by other getUpdates request; make sure that only one bot instance is running
2025-05-02 08:57:28,778 - httpx - INFO - HTTP Request: POST https://api.telegram.org/bot8071076420:AAFzeBp37IfwX-_JYHoH51WKyhnF9NgHlvY/getUpdates "HTTP/1.1 409 Conflict"
2025-05-02 08:57:28,778 - telegram.ext.Updater - ERROR - Error while getting Updates: Conflict: terminated by other getUpdates request; make sure that only one bot instance is running
2025-05-02 08:57:28,779 - utils - ERROR - Update None caused error Conflict: terminated by other getUpdates request; make sure that only one bot instance is running
2025-05-02 08:57:29,263 - httpx - INFO - HTTP Request: POST https://api.telegram.org/bot8071076420:AAFzeBp37IfwX-_JYHoH51WKyhnF9NgHlvY/getUpdates "HTTP/1.1 409 Conflict"
2025-05-02 08:57:29,263 - telegram.ext.Updater - ERROR - Error while getting Updates: Conflict: terminated by other getUpdates request; make sure that only one bot instance is running
2025-05-02 08:57:29,263 - utils - ERROR - Update None caused error Conflict: terminated by other getUpdates request; make sure that only one bot instance is running
2025-05-02 08:57:30,869 - httpx - INFO - HTTP Request: POST https://api.telegram.org/bot8071076420:AAFzeBp37IfwX-_JYHoH51WKyhnF9NgHlvY/getUpdates "HTTP/1.1 409 Conflict"
2025-05-02 08:57:30,869 - telegram.ext.Updater - ERROR - Error while getting Updates: Conflict: terminated by other getUpdates request; make sure that only one bot instance is running
2025-05-02 08:57:30,869 - utils - ERROR - Update None caused error Conflict: terminated by other getUpdates request; make sure that only one bot instance is running
2025-05-02 08:57:36,227 - httpx - INFO - HTTP Request: POST https://api.telegram.org/bot8071076420:AAFzeBp37IfwX-_JYHoH51WKyhnF9NgHlvY/getUpdates "HTTP/1.1 409 Conflict"
2025-05-02 08:57:36,227 - telegram.ext.Updater - ERROR - Error while getting Updates: Conflict: terminated by other getUpdates request; make sure that only one bot instance is running
2025-05-02 08:57:36,228 - utils - ERROR - Update None caused error Conflict: terminated by other getUpdates request; make sure that only one bot instance is running
2025-05-02 08:57:38,543 - httpx - INFO - HTTP Request: POST https://api.telegram.org/bot8071076420:AAFzeBp37IfwX-_JYHoH51WKyhnF9NgHlvY/getUpdates "HTTP/1.1 200 OK"
2025-05-02 08:57:38,583 - httpx - INFO - HTTP Request: POST https://api.telegram.org/bot8071076420:AAFzeBp37IfwX-_JYHoH51WKyhnF9NgHlvY/getUpdates "HTTP/1.1 200 OK"
2025-05-02 08:57:38,689 - httpx - INFO - HTTP Request: POST https://api.telegram.org/bot8071076420:AAFzeBp37IfwX-_JYHoH51WKyhnF9NgHlvY/getUpdates "HTTP/1.1 409 Conflict"
2025-05-02 08:57:38,691 - telegram.ext.Updater - ERROR - Error while getting Updates: Conflict: terminated by other getUpdates request; make sure that only one bot instance is running
2025-05-02 08:57:38,691 - utils - ERROR - Update None caused error Conflict: terminated by other getUpdates request; make sure that only one bot instance is running
2025-05-02 08:57:38,865 - httpx - INFO - HTTP Request: POST https://api.telegram.org/bot8071076420:AAFzeBp37IfwX-_JYHoH51WKyhnF9NgHlvY/sendChatAction "HTTP/1.1 200 OK"
2025-05-02 08:57:38,908 - httpx - INFO - HTTP Request: POST https://api.telegram.org/bot8071076420:AAFzeBp37IfwX-_JYHoH51WKyhnF9NgHlvY/sendChatAction "HTTP/1.1 200 OK"
2025-05-02 08:57:40,625 - httpx - INFO - HTTP Request: POST https://api.telegram.org/bot8071076420:AAFzeBp37IfwX-_JYHoH51WKyhnF9NgHlvY/sendMessage "HTTP/1.1 200 OK"
2025-05-02 08:57:40,866 - httpx - INFO - HTTP Request: POST https://api.telegram.org/bot8071076420:AAFzeBp37IfwX-_JYHoH51WKyhnF9NgHlvY/sendMessage "HTTP/1.1 200 OK"
2025-05-02 08:57:42,805 - httpx - INFO - HTTP Request: POST https://api.telegram.org/bot8071076420:AAFzeBp37IfwX-_JYHoH51WKyhnF9NgHlvY/getUpdates "HTTP/1.1 409 Conflict"
2025-05-02 08:57:42,806 - telegram.ext.Updater - ERROR - Error while getting Updates: Conflict: terminated by other getUpdates request; make sure that only one bot instance is running
2025-05-02 08:57:42,806 - utils - ERROR - Update None caused error Conflict: terminated by other getUpdates request; make sure that only one bot instance is running
2025-05-02 08:57:43,915 - httpx - INFO - HTTP Request: POST https://api.telegram.org/bot8071076420:AAFzeBp37IfwX-_JYHoH51WKyhnF9NgHlvY/getUpdates "HTTP/1.1 409 Conflict"
2025-05-02 08:57:43,916 - telegram.ext.Updater - ERROR - Error while getting Updates: Conflict: terminated by other getUpdates request; make sure that only one bot instance is running
2025-05-02 08:57:43,916 - utils - ERROR - Update None caused error Conflict: terminated by other getUpdates request; make sure that only one bot instance is running
2025-05-02 08:57:48,524 - httpx - INFO - HTTP Request: POST https://api.telegram.org/bot8071076420:AAFzeBp37IfwX-_JYHoH51WKyhnF9NgHlvY/getUpdates "HTTP/1.1 409 Conflict"
2025-05-02 08:57:48,525 - telegram.ext.Updater - ERROR - Error while getting Updates: Conflict: terminated by other getUpdates request; make sure that only one bot instance is running
2025-05-02 08:57:48,525 - utils - ERROR - Update None caused error Conflict: terminated by other getUpdates request; make sure that only one bot instance is running
2025-05-02 08:57:50,129 - httpx - INFO - HTTP Request: POST https://api.telegram.org/bot8071076420:AAFzeBp37IfwX-_JYHoH51WKyhnF9NgHlvY/getUpdates "HTTP/1.1 409 Conflict"
2025-05-02 08:57:50,130 - telegram.ext.Updater - ERROR - Error while getting Updates: Conflict: terminated by other getUpdates request; make sure that only one bot instance is running
2025-05-02 08:57:50,130 - utils - ERROR - Update None caused error Conflict: terminated by other getUpdates request; make sure that only one bot instance is running
2025-05-02 08:57:55,514 - httpx - INFO - HTTP Request: POST https://api.telegram.org/bot8071076420:AAFzeBp37IfwX-_JYHoH51WKyhnF9NgHlvY/getUpdates "HTTP/1.1 409 Conflict"
2025-05-02 08:57:55,514 - telegram.ext.Updater - ERROR - Error while getting Updates: Conflict: terminated by other getUpdates request; make sure that only one bot instance is running
2025-05-02 08:57:55,515 - utils - ERROR - Update None caused error Conflict: terminated by other getUpdates request; make sure that only one bot instance is running
2025-05-02 08:57:57,876 - httpx - INFO - HTTP Request: POST https://api.telegram.org/bot8071076420:AAFzeBp37IfwX-_JYHoH51WKyhnF9NgHlvY/getUpdates "HTTP/1.1 409 Conflict"
2025-05-02 08:57:57,877 - telegram.ext.Updater - ERROR - Error while getting Updates: Conflict: terminated by other getUpdates request; make sure that only one bot instance is running
2025-05-02 08:57:57,877 - utils - ERROR - Update None caused error Conflict: terminated by other getUpdates request; make sure that only one bot instance is running
2025-05-02 08:57:58,027 - httpx - INFO - HTTP Request: POST https://api.telegram.org/bot8071076420:AAFzeBp37IfwX-_JYHoH51WKyhnF9NgHlvY/getUpdates "HTTP/1.1 200 OK"
2025-05-02 08:57:58,369 - httpx - INFO - HTTP Request: POST https://api.telegram.org/bot8071076420:AAFzeBp37IfwX-_JYHoH51WKyhnF9NgHlvY/sendChatAction "HTTP/1.1 200 OK"
2025-05-02 08:57:59,861 - httpx - INFO - HTTP Request: POST https://api.telegram.org/bot8071076420:AAFzeBp37IfwX-_JYHoH51WKyhnF9NgHlvY/sendMessage "HTTP/1.1 200 OK"
2025-05-02 08:58:01,363 - httpx - INFO - HTTP Request: POST https://api.telegram.org/bot8071076420:AAFzeBp37IfwX-_JYHoH51WKyhnF9NgHlvY/getUpdates "HTTP/1.1 409 Conflict"
2025-05-02 08:58:01,364 - telegram.ext.Updater - ERROR - Error while getting Updates: Conflict: terminated by other getUpdates request; make sure that only one bot instance is running
2025-05-02 08:58:01,364 - utils - ERROR - Update None caused error Conflict: terminated by other getUpdates request; make sure that only one bot instance is running
2025-05-02 08:58:02,127 - httpx - INFO - HTTP Request: POST https://api.telegram.org/bot8071076420:AAFzeBp37IfwX-_JYHoH51WKyhnF9NgHlvY/getUpdates "HTTP/1.1 409 Conflict"
2025-05-02 08:58:02,128 - telegram.ext.Updater - ERROR - Error while getting Updates: Conflict: terminated by other getUpdates request; make sure that only one bot instance is running
2025-05-02 08:58:02,128 - utils - ERROR - Update None caused error Conflict: terminated by other getUpdates request; make sure that only one bot instance is running
2025-05-02 08:58:06,235 - httpx - INFO - HTTP Request: POST https://api.telegram.org/bot8071076420:AAFzeBp37IfwX-_JYHoH51WKyhnF9NgHlvY/getUpdates "HTTP/1.1 409 Conflict"
2025-05-02 08:58:06,236 - telegram.ext.Updater - ERROR - Error while getting Updates: Conflict: terminated by other getUpdates request; make sure that only one bot instance is running
2025-05-02 08:58:06,236 - utils - ERROR - Update None caused error Conflict: terminated by other getUpdates request; make sure that only one bot instance is running
2025-05-02 08:58:11,266 - httpx - INFO - HTTP Request: POST https://api.telegram.org/bot8071076420:AAFzeBp37IfwX-_JYHoH51WKyhnF9NgHlvY/getUpdates "HTTP/1.1 200 OK"
2025-05-02 08:58:11,642 - httpx - INFO - HTTP Request: POST https://api.telegram.org/bot8071076420:AAFzeBp37IfwX-_JYHoH51WKyhnF9NgHlvY/sendChatAction "HTTP/1.1 200 OK"
2025-05-02 08:58:11,671 - httpx - INFO - HTTP Request: POST https://api.telegram.org/bot8071076420:AAFzeBp37IfwX-_JYHoH51WKyhnF9NgHlvY/getUpdates "HTTP/1.1 409 Conflict"
2025-05-02 08:58:11,672 - telegram.ext.Updater - ERROR - Error while getting Updates: Conflict: terminated by other getUpdates request; make sure that only one bot instance is running
2025-05-02 08:58:11,672 - utils - ERROR - Update None caused error Conflict: terminated by other getUpdates request; make sure that only one bot instance is running
2025-05-02 08:58:13,471 - httpx - INFO - HTTP Request: POST https://api.telegram.org/bot8071076420:AAFzeBp37IfwX-_JYHoH51WKyhnF9NgHlvY/sendMessage "HTTP/1.1 200 OK"
2025-05-02 08:58:15,779 - httpx - INFO - HTTP Request: POST https://api.telegram.org/bot8071076420:AAFzeBp37IfwX-_JYHoH51WKyhnF9NgHlvY/getUpdates "HTTP/1.1 409 Conflict"
2025-05-02 08:58:15,780 - telegram.ext.Updater - ERROR - Error while getting Updates: Conflict: terminated by other getUpdates request; make sure that only one bot instance is running
2025-05-02 08:58:15,780 - utils - ERROR - Update None caused error Conflict: terminated by other getUpdates request; make sure that only one bot instance is running
2025-05-02 08:58:22,779 - httpx - INFO - HTTP Request: POST https://api.telegram.org/bot8071076420:AAFzeBp37IfwX-_JYHoH51WKyhnF9NgHlvY/getUpdates "HTTP/1.1 200 OK"
2025-05-02 08:58:23,695 - httpx - INFO - HTTP Request: POST https://api.telegram.org/bot8071076420:AAFzeBp37IfwX-_JYHoH51WKyhnF9NgHlvY/getUpdates "HTTP/1.1 409 Conflict"
2025-05-02 08:58:23,696 - telegram.ext.Updater - ERROR - Error while getting Updates: Conflict: terminated by other getUpdates request; make sure that only one bot instance is running
2025-05-02 08:58:23,696 - utils - ERROR - Update None caused error Conflict: terminated by other getUpdates request; make sure that only one bot instance is running
2025-05-02 08:58:26,396 - httpx - INFO - HTTP Request: POST https://api.telegram.org/bot8071076420:AAFzeBp37IfwX-_JYHoH51WKyhnF9NgHlvY/getUpdates "HTTP/1.1 200 OK"
2025-05-02 08:58:26,736 - httpx - INFO - HTTP Request: POST https://api.telegram.org/bot8071076420:AAFzeBp37IfwX-_JYHoH51WKyhnF9NgHlvY/sendChatAction "HTTP/1.1 200 OK"
2025-05-02 08:58:27,803 - httpx - INFO - HTTP Request: POST https://api.telegram.org/bot8071076420:AAFzeBp37IfwX-_JYHoH51WKyhnF9NgHlvY/getUpdates "HTTP/1.1 409 Conflict"
2025-05-02 08:58:27,804 - telegram.ext.Updater - ERROR - Error while getting Updates: Conflict: terminated by other getUpdates request; make sure that only one bot instance is running
2025-05-02 08:58:27,804 - utils - ERROR - Update None caused error Conflict: terminated by other getUpdates request; make sure that only one bot instance is running
2025-05-02 08:58:28,996 - httpx - INFO - HTTP Request: POST https://api.telegram.org/bot8071076420:AAFzeBp37IfwX-_JYHoH51WKyhnF9NgHlvY/sendMessage "HTTP/1.1 200 OK"
2025-05-02 08:58:31,709 - httpx - INFO - HTTP Request: POST https://api.telegram.org/bot8071076420:AAFzeBp37IfwX-_JYHoH51WKyhnF9NgHlvY/getUpdates "HTTP/1.1 409 Conflict"
2025-05-02 08:58:31,710 - telegram.ext.Updater - ERROR - Error while getting Updates: Conflict: terminated by other getUpdates request; make sure that only one bot instance is running
2025-05-02 08:58:31,710 - utils - ERROR - Update None caused error Conflict: terminated by other getUpdates request; make sure that only one bot instance is running
2025-05-02 08:58:35,819 - httpx - INFO - HTTP Request: POST https://api.telegram.org/bot8071076420:AAFzeBp37IfwX-_JYHoH51WKyhnF9NgHlvY/getUpdates "HTTP/1.1 409 Conflict"
2025-05-02 08:58:35,819 - telegram.ext.Updater - ERROR - Error while getting Updates: Conflict: terminated by other getUpdates request; make sure that only one bot instance is running
2025-05-02 08:58:35,820 - utils - ERROR - Update None caused error Conflict: terminated by other getUpdates request; make sure that only one bot instance is running
2025-05-02 08:58:39,522 - httpx - INFO - HTTP Request: POST https://api.telegram.org/bot8071076420:AAFzeBp37IfwX-_JYHoH51WKyhnF9NgHlvY/getUpdates "HTTP/1.1 409 Conflict"
2025-05-02 08:58:39,522 - telegram.ext.Updater - ERROR - Error while getting Updates: Conflict: terminated by other getUpdates request; make sure that only one bot instance is running
2025-05-02 08:58:39,523 - utils - ERROR - Update None caused error Conflict: terminated by other getUpdates request; make sure that only one bot instance is running
2025-05-02 08:58:39,993 - httpx - INFO - HTTP Request: POST https://api.telegram.org/bot8071076420:AAFzeBp37IfwX-_JYHoH51WKyhnF9NgHlvY/getUpdates "HTTP/1.1 200 OK"
2025-05-02 08:58:40,318 - httpx - INFO - HTTP Request: POST https://api.telegram.org/bot8071076420:AAFzeBp37IfwX-_JYHoH51WKyhnF9NgHlvY/sendChatAction "HTTP/1.1 200 OK"
2025-05-02 08:58:42,167 - httpx - INFO - HTTP Request: POST https://api.telegram.org/bot8071076420:AAFzeBp37IfwX-_JYHoH51WKyhnF9NgHlvY/sendMessage "HTTP/1.1 200 OK"
2025-05-02 08:58:44,134 - httpx - INFO - HTTP Request: POST https://api.telegram.org/bot8071076420:AAFzeBp37IfwX-_JYHoH51WKyhnF9NgHlvY/getUpdates "HTTP/1.1 409 Conflict"
2025-05-02 08:58:44,135 - telegram.ext.Updater - ERROR - Error while getting Updates: Conflict: terminated by other getUpdates request; make sure that only one bot instance is running
2025-05-02 08:58:44,135 - utils - ERROR - Update None caused error Conflict: terminated by other getUpdates request; make sure that only one bot instance is running
2025-05-02 08:58:45,242 - httpx - INFO - HTTP Request: POST https://api.telegram.org/bot8071076420:AAFzeBp37IfwX-_JYHoH51WKyhnF9NgHlvY/getUpdates "HTTP/1.1 409 Conflict"
2025-05-02 08:58:45,243 - telegram.ext.Updater - ERROR - Error while getting Updates: Conflict: terminated by other getUpdates request; make sure that only one bot instance is running
2025-05-02 08:58:45,243 - utils - ERROR - Update None caused error Conflict: terminated by other getUpdates request; make sure that only one bot instance is running
2025-05-02 08:58:48,996 - httpx - INFO - HTTP Request: POST https://api.telegram.org/bot8071076420:AAFzeBp37IfwX-_JYHoH51WKyhnF9NgHlvY/getUpdates "HTTP/1.1 200 OK"
2025-05-02 08:58:49,328 - httpx - INFO - HTTP Request: POST https://api.telegram.org/bot8071076420:AAFzeBp37IfwX-_JYHoH51WKyhnF9NgHlvY/sendChatAction "HTTP/1.1 200 OK"
2025-05-02 08:58:50,554 - httpx - INFO - HTTP Request: POST https://api.telegram.org/bot8071076420:AAFzeBp37IfwX-_JYHoH51WKyhnF9NgHlvY/sendMessage "HTTP/1.1 200 OK"
2025-05-02 08:58:50,600 - httpx - INFO - HTTP Request: POST https://api.telegram.org/bot8071076420:AAFzeBp37IfwX-_JYHoH51WKyhnF9NgHlvY/getUpdates "HTTP/1.1 409 Conflict"
2025-05-02 08:58:50,601 - telegram.ext.Updater - ERROR - Error while getting Updates: Conflict: terminated by other getUpdates request; make sure that only one bot instance is running
2025-05-02 08:58:50,601 - utils - ERROR - Update None caused error Conflict: terminated by other getUpdates request; make sure that only one bot instance is running
2025-05-02 08:58:52,220 - httpx - INFO - HTTP Request: POST https://api.telegram.org/bot8071076420:AAFzeBp37IfwX-_JYHoH51WKyhnF9NgHlvY/getUpdates "HTTP/1.1 409 Conflict"
2025-05-02 08:58:52,221 - telegram.ext.Updater - ERROR - Error while getting Updates: Conflict: terminated by other getUpdates request; make sure that only one bot instance is running
2025-05-02 08:58:52,221 - utils - ERROR - Update None caused error Conflict: terminated by other getUpdates request; make sure that only one bot instance is running
2025-05-02 08:58:56,331 - httpx - INFO - HTTP Request: POST https://api.telegram.org/bot8071076420:AAFzeBp37IfwX-_JYHoH51WKyhnF9NgHlvY/getUpdates "HTTP/1.1 409 Conflict"
2025-05-02 08:58:56,332 - telegram.ext.Updater - ERROR - Error while getting Updates: Conflict: terminated by other getUpdates request; make sure that only one bot instance is running
2025-05-02 08:58:56,332 - utils - ERROR - Update None caused error Conflict: terminated by other getUpdates request; make sure that only one bot instance is running
2025-05-02 08:58:56,997 - httpx - INFO - HTTP Request: POST https://api.telegram.org/bot8071076420:AAFzeBp37IfwX-_JYHoH51WKyhnF9NgHlvY/getUpdates "HTTP/1.1 200 OK"
2025-05-02 08:58:57,321 - httpx - INFO - HTTP Request: POST https://api.telegram.org/bot8071076420:AAFzeBp37IfwX-_JYHoH51WKyhnF9NgHlvY/sendChatAction "HTTP/1.1 200 OK"
2025-05-02 08:58:58,689 - httpx - INFO - HTTP Request: POST https://api.telegram.org/bot8071076420:AAFzeBp37IfwX-_JYHoH51WKyhnF9NgHlvY/getUpdates "HTTP/1.1 409 Conflict"
2025-05-02 08:58:58,690 - telegram.ext.Updater - ERROR - Error while getting Updates: Conflict: terminated by other getUpdates request; make sure that only one bot instance is running
2025-05-02 08:58:58,690 - utils - ERROR - Update None caused error Conflict: terminated by other getUpdates request; make sure that only one bot instance is running
2025-05-02 08:59:00,048 - httpx - INFO - HTTP Request: POST https://api.telegram.org/bot8071076420:AAFzeBp37IfwX-_JYHoH51WKyhnF9NgHlvY/sendMessage "HTTP/1.1 200 OK"
2025-05-02 08:59:02,798 - httpx - INFO - HTTP Request: POST https://api.telegram.org/bot8071076420:AAFzeBp37IfwX-_JYHoH51WKyhnF9NgHlvY/getUpdates "HTTP/1.1 409 Conflict"
2025-05-02 08:59:02,799 - telegram.ext.Updater - ERROR - Error while getting Updates: Conflict: terminated by other getUpdates request; make sure that only one bot instance is running
2025-05-02 08:59:02,799 - utils - ERROR - Update None caused error Conflict: terminated by other getUpdates request; make sure that only one bot instance is running
2025-05-02 08:59:06,171 - httpx - INFO - HTTP Request: POST https://api.telegram.org/bot8071076420:AAFzeBp37IfwX-_JYHoH51WKyhnF9NgHlvY/getUpdates "HTTP/1.1 409 Conflict"
2025-05-02 08:59:06,171 - telegram.ext.Updater - ERROR - Error while getting Updates: Conflict: terminated by other getUpdates request; make sure that only one bot instance is running
2025-05-02 08:59:06,172 - utils - ERROR - Update None caused error Conflict: terminated by other getUpdates request; make sure that only one bot instance is running
2025-05-02 08:59:09,284 - httpx - INFO - HTTP Request: POST https://api.telegram.org/bot8071076420:AAFzeBp37IfwX-_JYHoH51WKyhnF9NgHlvY/getUpdates "HTTP/1.1 409 Conflict"
2025-05-02 08:59:09,285 - telegram.ext.Updater - ERROR - Error while getting Updates: Conflict: terminated by other getUpdates request; make sure that only one bot instance is running
2025-05-02 08:59:09,286 - utils - ERROR - Update None caused error Conflict: terminated by other getUpdates request; make sure that only one bot instance is running
2025-05-02 08:59:10,777 - httpx - INFO - HTTP Request: POST https://api.telegram.org/bot8071076420:AAFzeBp37IfwX-_JYHoH51WKyhnF9NgHlvY/getUpdates "HTTP/1.1 409 Conflict"
2025-05-02 08:59:10,778 - telegram.ext.Updater - ERROR - Error while getting Updates: Conflict: terminated by other getUpdates request; make sure that only one bot instance is running
2025-05-02 08:59:10,779 - utils - ERROR - Update None caused error Conflict: terminated by other getUpdates request; make sure that only one bot instance is running
2025-05-02 08:59:16,163 - httpx - INFO - HTTP Request: POST https://api.telegram.org/bot8071076420:AAFzeBp37IfwX-_JYHoH51WKyhnF9NgHlvY/getUpdates "HTTP/1.1 409 Conflict"
2025-05-02 08:59:16,165 - telegram.ext.Updater - ERROR - Error while getting Updates: Conflict: terminated by other getUpdates request; make sure that only one bot instance is running
2025-05-02 08:59:16,165 - utils - ERROR - Update None caused error Conflict: terminated by other getUpdates request; make sure that only one bot instance is running
2025-05-02 08:59:19,683 - httpx - INFO - HTTP Request: POST https://api.telegram.org/bot8071076420:AAFzeBp37IfwX-_JYHoH51WKyhnF9NgHlvY/getUpdates "HTTP/1.1 200 OK"
2025-05-02 08:59:20,030 - httpx - INFO - HTTP Request: POST https://api.telegram.org/bot8071076420:AAFzeBp37IfwX-_JYHoH51WKyhnF9NgHlvY/sendMessage "HTTP/1.1 200 OK"
2025-05-02 08:59:21,521 - httpx - INFO - HTTP Request: POST https://api.telegram.org/bot8071076420:AAFzeBp37IfwX-_JYHoH51WKyhnF9NgHlvY/getUpdates "HTTP/1.1 409 Conflict"
2025-05-02 08:59:21,522 - telegram.ext.Updater - ERROR - Error while getting Updates: Conflict: terminated by other getUpdates request; make sure that only one bot instance is running
2025-05-02 08:59:21,522 - utils - ERROR - Update None caused error Conflict: terminated by other getUpdates request; make sure that only one bot instance is running
2025-05-02 08:59:24,415 - httpx - INFO - HTTP Request: POST https://api.telegram.org/bot8071076420:AAFzeBp37IfwX-_JYHoH51WKyhnF9NgHlvY/getUpdates "HTTP/1.1 200 OK"
2025-05-02 08:59:29,441 - httpx - INFO - HTTP Request: POST https://api.telegram.org/bot8071076420:AAFzeBp37IfwX-_JYHoH51WKyhnF9NgHlvY/getUpdates "HTTP/1.1 409 Conflict"
2025-05-02 08:59:29,441 - telegram.ext.Updater - ERROR - Error while getting Updates: Conflict: terminated by other getUpdates request; make sure that only one bot instance is running
2025-05-02 08:59:29,442 - utils - ERROR - Update None caused error Conflict: terminated by other getUpdates request; make sure that only one bot instance is running
2025-05-02 08:59:31,582 - httpx - INFO - HTTP Request: POST https://api.telegram.org/bot8071076420:AAFzeBp37IfwX-_JYHoH51WKyhnF9NgHlvY/getUpdates "HTTP/1.1 200 OK"
2025-05-02 08:59:33,555 - httpx - INFO - HTTP Request: POST https://api.telegram.org/bot8071076420:AAFzeBp37IfwX-_JYHoH51WKyhnF9NgHlvY/getUpdates "HTTP/1.1 409 Conflict"
2025-05-02 08:59:33,558 - telegram.ext.Updater - ERROR - Error while getting Updates: Conflict: terminated by other getUpdates request; make sure that only one bot instance is running
2025-05-02 08:59:33,583 - utils - ERROR - Update None caused error Conflict: terminated by other getUpdates request; make sure that only one bot instance is running
2025-05-02 08:59:39,630 - httpx - INFO - HTTP Request: POST https://api.telegram.org/bot8071076420:AAFzeBp37IfwX-_JYHoH51WKyhnF9NgHlvY/getUpdates "HTTP/1.1 409 Conflict"
2025-05-02 08:59:39,631 - telegram.ext.Updater - ERROR - Error while getting Updates: Conflict: terminated by other getUpdates request; make sure that only one bot instance is running
2025-05-02 08:59:39,632 - utils - ERROR - Update None caused error Conflict: terminated by other getUpdates request; make sure that only one bot instance is running
2025-05-02 08:59:43,743 - httpx - INFO - HTTP Request: POST https://api.telegram.org/bot8071076420:AAFzeBp37IfwX-_JYHoH51WKyhnF9NgHlvY/getUpdates "HTTP/1.1 409 Conflict"
2025-05-02 08:59:43,743 - telegram.ext.Updater - ERROR - Error while getting Updates: Conflict: terminated by other getUpdates request; make sure that only one bot instance is running
2025-05-02 08:59:43,744 - utils - ERROR - Update None caused error Conflict: terminated by other getUpdates request; make sure that only one bot instance is running
2025-05-02 08:59:45,298 - httpx - INFO - HTTP Request: POST https://api.telegram.org/bot8071076420:AAFzeBp37IfwX-_JYHoH51WKyhnF9NgHlvY/getUpdates "HTTP/1.1 409 Conflict"
2025-05-02 08:59:45,299 - telegram.ext.Updater - ERROR - Error while getting Updates: Conflict: terminated by other getUpdates request; make sure that only one bot instance is running
2025-05-02 08:59:45,299 - utils - ERROR - Update None caused error Conflict: terminated by other getUpdates request; make sure that only one bot instance is running
2025-05-02 08:59:49,904 - httpx - INFO - HTTP Request: POST https://api.telegram.org/bot8071076420:AAFzeBp37IfwX-_JYHoH51WKyhnF9NgHlvY/getUpdates "HTTP/1.1 409 Conflict"
2025-05-02 08:59:49,905 - telegram.ext.Updater - ERROR - Error while getting Updates: Conflict: terminated by other getUpdates request; make sure that only one bot instance is running
2025-05-02 08:59:49,905 - utils - ERROR - Update None caused error Conflict: terminated by other getUpdates request; make sure that only one bot instance is running
2025-05-02 08:59:56,905 - httpx - INFO - HTTP Request: POST https://api.telegram.org/bot8071076420:AAFzeBp37IfwX-_JYHoH51WKyhnF9NgHlvY/getUpdates "HTTP/1.1 200 OK"
2025-05-02 09:00:07,009 - httpx - INFO - HTTP Request: POST https://api.telegram.org/bot8071076420:AAFzeBp37IfwX-_JYHoH51WKyhnF9NgHlvY/getUpdates "HTTP/1.1 200 OK"
2025-05-02 09:00:07,323 - httpx - INFO - HTTP Request: POST https://api.telegram.org/bot8071076420:AAFzeBp37IfwX-_JYHoH51WKyhnF9NgHlvY/getUpdates "HTTP/1.1 409 Conflict"
2025-05-02 09:00:07,324 - telegram.ext.Updater - ERROR - Error while getting Updates: Conflict: terminated by other getUpdates request; make sure that only one bot instance is running
2025-05-02 09:00:07,324 - utils - ERROR - Update None caused error Conflict: terminated by other getUpdates request; make sure that only one bot instance is running
2025-05-02 09:00:11,438 - httpx - INFO - HTTP Request: POST https://api.telegram.org/bot8071076420:AAFzeBp37IfwX-_JYHoH51WKyhnF9NgHlvY/getUpdates "HTTP/1.1 409 Conflict"
2025-05-02 09:00:11,439 - telegram.ext.Updater - ERROR - Error while getting Updates: Conflict: terminated by other getUpdates request; make sure that only one bot instance is running
2025-05-02 09:00:11,439 - utils - ERROR - Update None caused error Conflict: terminated by other getUpdates request; make sure that only one bot instance is running
2025-05-02 09:00:14,087 - httpx - INFO - HTTP Request: POST https://api.telegram.org/bot8071076420:AAFzeBp37IfwX-_JYHoH51WKyhnF9NgHlvY/getUpdates "HTTP/1.1 409 Conflict"
2025-05-02 09:00:14,089 - telegram.ext.Updater - ERROR - Error while getting Updates: Conflict: terminated by other getUpdates request; make sure that only one bot instance is running
2025-05-02 09:00:14,090 - utils - ERROR - Update None caused error Conflict: terminated by other getUpdates request; make sure that only one bot instance is running
2025-05-02 09:00:18,697 - httpx - INFO - HTTP Request: POST https://api.telegram.org/bot8071076420:AAFzeBp37IfwX-_JYHoH51WKyhnF9NgHlvY/getUpdates "HTTP/1.1 409 Conflict"
2025-05-02 09:00:18,699 - telegram.ext.Updater - ERROR - Error while getting Updates: Conflict: terminated by other getUpdates request; make sure that only one bot instance is running
2025-05-02 09:00:18,701 - utils - ERROR - Update None caused error Conflict: terminated by other getUpdates request; make sure that only one bot instance is running
2025-05-02 09:00:25,699 - httpx - INFO - HTTP Request: POST https://api.telegram.org/bot8071076420:AAFzeBp37IfwX-_JYHoH51WKyhnF9NgHlvY/getUpdates "HTTP/1.1 200 OK"
2025-05-02 09:00:35,809 - httpx - INFO - HTTP Request: POST https://api.telegram.org/bot8071076420:AAFzeBp37IfwX-_JYHoH51WKyhnF9NgHlvY/getUpdates "HTTP/1.1 200 OK"
2025-05-02 09:00:37,408 - httpx - INFO - HTTP Request: POST https://api.telegram.org/bot8071076420:AAFzeBp37IfwX-_JYHoH51WKyhnF9NgHlvY/getUpdates "HTTP/1.1 409 Conflict"
2025-05-02 09:00:37,409 - telegram.ext.Updater - ERROR - Error while getting Updates: Conflict: terminated by other getUpdates request; make sure that only one bot instance is running
2025-05-02 09:00:37,409 - utils - ERROR - Update None caused error Conflict: terminated by other getUpdates request; make sure that only one bot instance is running
2025-05-02 09:00:41,533 - httpx - INFO - HTTP Request: POST https://api.telegram.org/bot8071076420:AAFzeBp37IfwX-_JYHoH51WKyhnF9NgHlvY/getUpdates "HTTP/1.1 409 Conflict"
2025-05-02 09:00:41,534 - telegram.ext.Updater - ERROR - Error while getting Updates: Conflict: terminated by other getUpdates request; make sure that only one bot instance is running
2025-05-02 09:00:41,534 - utils - ERROR - Update None caused error Conflict: terminated by other getUpdates request; make sure that only one bot instance is running
2025-05-02 09:00:48,517 - httpx - INFO - HTTP Request: POST https://api.telegram.org/bot8071076420:AAFzeBp37IfwX-_JYHoH51WKyhnF9NgHlvY/getUpdates "HTTP/1.1 200 OK"
2025-05-02 09:00:49,056 - httpx - INFO - HTTP Request: POST https://api.telegram.org/bot8071076420:AAFzeBp37IfwX-_JYHoH51WKyhnF9NgHlvY/getUpdates "HTTP/1.1 409 Conflict"
2025-05-02 09:00:49,057 - telegram.ext.Updater - ERROR - Error while getting Updates: Conflict: terminated by other getUpdates request; make sure that only one bot instance is running
2025-05-02 09:00:49,057 - utils - ERROR - Update None caused error Conflict: terminated by other getUpdates request; make sure that only one bot instance is running
2025-05-02 09:00:53,163 - httpx - INFO - HTTP Request: POST https://api.telegram.org/bot8071076420:AAFzeBp37IfwX-_JYHoH51WKyhnF9NgHlvY/getUpdates "HTTP/1.1 409 Conflict"
2025-05-02 09:00:53,163 - telegram.ext.Updater - ERROR - Error while getting Updates: Conflict: terminated by other getUpdates request; make sure that only one bot instance is running
2025-05-02 09:00:53,164 - utils - ERROR - Update None caused error Conflict: terminated by other getUpdates request; make sure that only one bot instance is running
2025-05-02 09:01:00,162 - httpx - INFO - HTTP Request: POST https://api.telegram.org/bot8071076420:AAFzeBp37IfwX-_JYHoH51WKyhnF9NgHlvY/getUpdates "HTTP/1.1 200 OK"
2025-05-02 09:01:05,289 - httpx - INFO - HTTP Request: POST https://api.telegram.org/bot8071076420:AAFzeBp37IfwX-_JYHoH51WKyhnF9NgHlvY/getUpdates "HTTP/1.1 200 OK"
2025-05-02 09:01:05,742 - httpx - INFO - HTTP Request: POST https://api.telegram.org/bot8071076420:AAFzeBp37IfwX-_JYHoH51WKyhnF9NgHlvY/sendMessage "HTTP/1.1 200 OK"
2025-05-02 09:01:11,878 - httpx - INFO - HTTP Request: POST https://api.telegram.org/bot8071076420:AAFzeBp37IfwX-_JYHoH51WKyhnF9NgHlvY/getUpdates "HTTP/1.1 409 Conflict"
2025-05-02 09:01:11,879 - telegram.ext.Updater - ERROR - Error while getting Updates: Conflict: terminated by other getUpdates request; make sure that only one bot instance is running
2025-05-02 09:01:11,879 - utils - ERROR - Update None caused error Conflict: terminated by other getUpdates request; make sure that only one bot instance is running
2025-05-02 09:01:15,984 - httpx - INFO - HTTP Request: POST https://api.telegram.org/bot8071076420:AAFzeBp37IfwX-_JYHoH51WKyhnF9NgHlvY/getUpdates "HTTP/1.1 409 Conflict"
2025-05-02 09:01:15,985 - telegram.ext.Updater - ERROR - Error while getting Updates: Conflict: terminated by other getUpdates request; make sure that only one bot instance is running
2025-05-02 09:01:15,986 - utils - ERROR - Update None caused error Conflict: terminated by other getUpdates request; make sure that only one bot instance is running
2025-05-02 09:01:22,984 - httpx - INFO - HTTP Request: POST https://api.telegram.org/bot8071076420:AAFzeBp37IfwX-_JYHoH51WKyhnF9NgHlvY/getUpdates "HTTP/1.1 200 OK"
2025-05-02 09:01:23,531 - httpx - INFO - HTTP Request: POST https://api.telegram.org/bot8071076420:AAFzeBp37IfwX-_JYHoH51WKyhnF9NgHlvY/getUpdates "HTTP/1.1 409 Conflict"
2025-05-02 09:01:23,532 - telegram.ext.Updater - ERROR - Error while getting Updates: Conflict: terminated by other getUpdates request; make sure that only one bot instance is running
2025-05-02 09:01:23,532 - utils - ERROR - Update None caused error Conflict: terminated by other getUpdates request; make sure that only one bot instance is running
2025-05-02 09:01:27,640 - httpx - INFO - HTTP Request: POST https://api.telegram.org/bot8071076420:AAFzeBp37IfwX-_JYHoH51WKyhnF9NgHlvY/getUpdates "HTTP/1.1 409 Conflict"
2025-05-02 09:01:27,640 - telegram.ext.Updater - ERROR - Error while getting Updates: Conflict: terminated by other getUpdates request; make sure that only one bot instance is running
2025-05-02 09:01:27,640 - utils - ERROR - Update None caused error Conflict: terminated by other getUpdates request; make sure that only one bot instance is running
2025-05-02 09:01:34,638 - httpx - INFO - HTTP Request: POST https://api.telegram.org/bot8071076420:AAFzeBp37IfwX-_JYHoH51WKyhnF9NgHlvY/getUpdates "HTTP/1.1 200 OK"
2025-05-02 09:01:44,755 - httpx - INFO - HTTP Request: POST https://api.telegram.org/bot8071076420:AAFzeBp37IfwX-_JYHoH51WKyhnF9NgHlvY/getUpdates "HTTP/1.1 200 OK"
2025-05-02 09:01:46,333 - httpx - INFO - HTTP Request: POST https://api.telegram.org/bot8071076420:AAFzeBp37IfwX-_JYHoH51WKyhnF9NgHlvY/getUpdates "HTTP/1.1 409 Conflict"
2025-05-02 09:01:46,333 - telegram.ext.Updater - ERROR - Error while getting Updates: Conflict: terminated by other getUpdates request; make sure that only one bot instance is running
2025-05-02 09:01:46,334 - utils - ERROR - Update None caused error Conflict: terminated by other getUpdates request; make sure that only one bot instance is running
2025-05-02 09:01:50,439 - httpx - INFO - HTTP Request: POST https://api.telegram.org/bot8071076420:AAFzeBp37IfwX-_JYHoH51WKyhnF9NgHlvY/getUpdates "HTTP/1.1 409 Conflict"
2025-05-02 09:01:50,439 - telegram.ext.Updater - ERROR - Error while getting Updates: Conflict: terminated by other getUpdates request; make sure that only one bot instance is running
2025-05-02 09:01:50,440 - utils - ERROR - Update None caused error Conflict: terminated by other getUpdates request; make sure that only one bot instance is running
2025-05-02 09:01:57,439 - httpx - INFO - HTTP Request: POST https://api.telegram.org/bot8071076420:AAFzeBp37IfwX-_JYHoH51WKyhnF9NgHlvY/getUpdates "HTTP/1.1 200 OK"
2025-05-02 09:01:57,983 - httpx - INFO - HTTP Request: POST https://api.telegram.org/bot8071076420:AAFzeBp37IfwX-_JYHoH51WKyhnF9NgHlvY/getUpdates "HTTP/1.1 409 Conflict"
2025-05-02 09:01:57,983 - telegram.ext.Updater - ERROR - Error while getting Updates: Conflict: terminated by other getUpdates request; make sure that only one bot instance is running
2025-05-02 09:01:57,984 - utils - ERROR - Update None caused error Conflict: terminated by other getUpdates request; make sure that only one bot instance is running
2025-05-02 09:02:02,095 - httpx - INFO - HTTP Request: POST https://api.telegram.org/bot8071076420:AAFzeBp37IfwX-_JYHoH51WKyhnF9NgHlvY/getUpdates "HTTP/1.1 409 Conflict"
2025-05-02 09:02:02,096 - telegram.ext.Updater - ERROR - Error while getting Updates: Conflict: terminated by other getUpdates request; make sure that only one bot instance is running
2025-05-02 09:02:02,096 - utils - ERROR - Update None caused error Conflict: terminated by other getUpdates request; make sure that only one bot instance is running
2025-05-02 09:02:09,095 - httpx - INFO - HTTP Request: POST https://api.telegram.org/bot8071076420:AAFzeBp37IfwX-_JYHoH51WKyhnF9NgHlvY/getUpdates "HTTP/1.1 200 OK"
2025-05-02 09:02:19,217 - httpx - INFO - HTTP Request: POST https://api.telegram.org/bot8071076420:AAFzeBp37IfwX-_JYHoH51WKyhnF9NgHlvY/getUpdates "HTTP/1.1 200 OK"
2025-05-02 09:02:20,781 - httpx - INFO - HTTP Request: POST https://api.telegram.org/bot8071076420:AAFzeBp37IfwX-_JYHoH51WKyhnF9NgHlvY/getUpdates "HTTP/1.1 409 Conflict"
2025-05-02 09:02:20,781 - telegram.ext.Updater - ERROR - Error while getting Updates: Conflict: terminated by other getUpdates request; make sure that only one bot instance is running
2025-05-02 09:02:20,782 - utils - ERROR - Update None caused error Conflict: terminated by other getUpdates request; make sure that only one bot instance is running
2025-05-02 09:02:24,889 - httpx - INFO - HTTP Request: POST https://api.telegram.org/bot8071076420:AAFzeBp37IfwX-_JYHoH51WKyhnF9NgHlvY/getUpdates "HTTP/1.1 409 Conflict"
2025-05-02 09:02:24,890 - telegram.ext.Updater - ERROR - Error while getting Updates: Conflict: terminated by other getUpdates request; make sure that only one bot instance is running
2025-05-02 09:02:24,890 - utils - ERROR - Update None caused error Conflict: terminated by other getUpdates request; make sure that only one bot instance is running
2025-05-02 09:02:31,888 - httpx - INFO - HTTP Request: POST https://api.telegram.org/bot8071076420:AAFzeBp37IfwX-_JYHoH51WKyhnF9NgHlvY/getUpdates "HTTP/1.1 200 OK"
2025-05-02 09:02:32,438 - httpx - INFO - HTTP Request: POST https://api.telegram.org/bot8071076420:AAFzeBp37IfwX-_JYHoH51WKyhnF9NgHlvY/getUpdates "HTTP/1.1 409 Conflict"
2025-05-02 09:02:32,439 - telegram.ext.Updater - ERROR - Error while getting Updates: Conflict: terminated by other getUpdates request; make sure that only one bot instance is running
2025-05-02 09:02:32,439 - utils - ERROR - Update None caused error Conflict: terminated by other getUpdates request; make sure that only one bot instance is running
2025-05-02 09:02:36,547 - httpx - INFO - HTTP Request: POST https://api.telegram.org/bot8071076420:AAFzeBp37IfwX-_JYHoH51WKyhnF9NgHlvY/getUpdates "HTTP/1.1 409 Conflict"
2025-05-02 09:02:36,547 - telegram.ext.Updater - ERROR - Error while getting Updates: Conflict: terminated by other getUpdates request; make sure that only one bot instance is running
2025-05-02 09:02:36,548 - utils - ERROR - Update None caused error Conflict: terminated by other getUpdates request; make sure that only one bot instance is running
2025-05-02 09:02:43,546 - httpx - INFO - HTTP Request: POST https://api.telegram.org/bot8071076420:AAFzeBp37IfwX-_JYHoH51WKyhnF9NgHlvY/getUpdates "HTTP/1.1 200 OK"
2025-05-02 09:02:53,650 - httpx - INFO - HTTP Request: POST https://api.telegram.org/bot8071076420:AAFzeBp37IfwX-_JYHoH51WKyhnF9NgHlvY/getUpdates "HTTP/1.1 200 OK"
2025-05-02 09:02:55,241 - httpx - INFO - HTTP Request: POST https://api.telegram.org/bot8071076420:AAFzeBp37IfwX-_JYHoH51WKyhnF9NgHlvY/getUpdates "HTTP/1.1 409 Conflict"
2025-05-02 09:02:55,241 - telegram.ext.Updater - ERROR - Error while getting Updates: Conflict: terminated by other getUpdates request; make sure that only one bot instance is running
2025-05-02 09:02:55,242 - utils - ERROR - Update None caused error Conflict: terminated by other getUpdates request; make sure that only one bot instance is running
2025-05-02 09:02:59,349 - httpx - INFO - HTTP Request: POST https://api.telegram.org/bot8071076420:AAFzeBp37IfwX-_JYHoH51WKyhnF9NgHlvY/getUpdates "HTTP/1.1 409 Conflict"
2025-05-02 09:02:59,350 - telegram.ext.Updater - ERROR - Error while getting Updates: Conflict: terminated by other getUpdates request; make sure that only one bot instance is running
2025-05-02 09:02:59,350 - utils - ERROR - Update None caused error Conflict: terminated by other getUpdates request; make sure that only one bot instance is running
2025-05-02 09:03:06,348 - httpx - INFO - HTTP Request: POST https://api.telegram.org/bot8071076420:AAFzeBp37IfwX-_JYHoH51WKyhnF9NgHlvY/getUpdates "HTTP/1.1 200 OK"
2025-05-02 09:03:06,896 - httpx - INFO - HTTP Request: POST https://api.telegram.org/bot8071076420:AAFzeBp37IfwX-_JYHoH51WKyhnF9NgHlvY/getUpdates "HTTP/1.1 409 Conflict"
2025-05-02 09:03:06,896 - telegram.ext.Updater - ERROR - Error while getting Updates: Conflict: terminated by other getUpdates request; make sure that only one bot instance is running
2025-05-02 09:03:06,897 - utils - ERROR - Update None caused error Conflict: terminated by other getUpdates request; make sure that only one bot instance is running
2025-05-02 09:03:11,002 - httpx - INFO - HTTP Request: POST https://api.telegram.org/bot8071076420:AAFzeBp37IfwX-_JYHoH51WKyhnF9NgHlvY/getUpdates "HTTP/1.1 409 Conflict"
2025-05-02 09:03:11,004 - telegram.ext.Updater - ERROR - Error while getting Updates: Conflict: terminated by other getUpdates request; make sure that only one bot instance is running
2025-05-02 09:03:11,004 - utils - ERROR - Update None caused error Conflict: terminated by other getUpdates request; make sure that only one bot instance is running
2025-05-02 09:03:18,001 - httpx - INFO - HTTP Request: POST https://api.telegram.org/bot8071076420:AAFzeBp37IfwX-_JYHoH51WKyhnF9NgHlvY/getUpdates "HTTP/1.1 200 OK"
2025-05-02 09:03:28,112 - httpx - INFO - HTTP Request: POST https://api.telegram.org/bot8071076420:AAFzeBp37IfwX-_JYHoH51WKyhnF9NgHlvY/getUpdates "HTTP/1.1 200 OK"
2025-05-02 09:03:29,704 - httpx - INFO - HTTP Request: POST https://api.telegram.org/bot8071076420:AAFzeBp37IfwX-_JYHoH51WKyhnF9NgHlvY/getUpdates "HTTP/1.1 409 Conflict"
2025-05-02 09:03:29,705 - telegram.ext.Updater - ERROR - Error while getting Updates: Conflict: terminated by other getUpdates request; make sure that only one bot instance is running
2025-05-02 09:03:29,705 - utils - ERROR - Update None caused error Conflict: terminated by other getUpdates request; make sure that only one bot instance is running
2025-05-02 09:03:33,810 - httpx - INFO - HTTP Request: POST https://api.telegram.org/bot8071076420:AAFzeBp37IfwX-_JYHoH51WKyhnF9NgHlvY/getUpdates "HTTP/1.1 409 Conflict"
2025-05-02 09:03:33,812 - telegram.ext.Updater - ERROR - Error while getting Updates: Conflict: terminated by other getUpdates request; make sure that only one bot instance is running
2025-05-02 09:03:33,812 - utils - ERROR - Update None caused error Conflict: terminated by other getUpdates request; make sure that only one bot instance is running
2025-05-02 09:03:35,575 - httpx - INFO - HTTP Request: POST https://api.telegram.org/bot8071076420:AAFzeBp37IfwX-_JYHoH51WKyhnF9NgHlvY/getUpdates "HTTP/1.1 200 OK"
2025-05-02 09:03:35,937 - httpx - INFO - HTTP Request: POST https://api.telegram.org/bot8071076420:AAFzeBp37IfwX-_JYHoH51WKyhnF9NgHlvY/sendMessage "HTTP/1.1 200 OK"
2025-05-02 09:03:41,347 - httpx - INFO - HTTP Request: POST https://api.telegram.org/bot8071076420:AAFzeBp37IfwX-_JYHoH51WKyhnF9NgHlvY/getUpdates "HTTP/1.1 409 Conflict"
2025-05-02 09:03:41,348 - telegram.ext.Updater - ERROR - Error while getting Updates: Conflict: terminated by other getUpdates request; make sure that only one bot instance is running
2025-05-02 09:03:41,348 - utils - ERROR - Update None caused error Conflict: terminated by other getUpdates request; make sure that only one bot instance is running
2025-05-02 09:03:45,456 - httpx - INFO - HTTP Request: POST https://api.telegram.org/bot8071076420:AAFzeBp37IfwX-_JYHoH51WKyhnF9NgHlvY/getUpdates "HTTP/1.1 409 Conflict"
2025-05-02 09:03:45,457 - telegram.ext.Updater - ERROR - Error while getting Updates: Conflict: terminated by other getUpdates request; make sure that only one bot instance is running
2025-05-02 09:03:45,457 - utils - ERROR - Update None caused error Conflict: terminated by other getUpdates request; make sure that only one bot instance is running
2025-05-02 09:03:52,458 - httpx - INFO - HTTP Request: POST https://api.telegram.org/bot8071076420:AAFzeBp37IfwX-_JYHoH51WKyhnF9NgHlvY/getUpdates "HTTP/1.1 200 OK"
2025-05-02 09:04:02,565 - httpx - INFO - HTTP Request: POST https://api.telegram.org/bot8071076420:AAFzeBp37IfwX-_JYHoH51WKyhnF9NgHlvY/getUpdates "HTTP/1.1 200 OK"
2025-05-02 09:04:04,154 - httpx - INFO - HTTP Request: POST https://api.telegram.org/bot8071076420:AAFzeBp37IfwX-_JYHoH51WKyhnF9NgHlvY/getUpdates "HTTP/1.1 409 Conflict"
2025-05-02 09:04:04,154 - telegram.ext.Updater - ERROR - Error while getting Updates: Conflict: terminated by other getUpdates request; make sure that only one bot instance is running
2025-05-02 09:04:04,155 - utils - ERROR - Update None caused error Conflict: terminated by other getUpdates request; make sure that only one bot instance is running
2025-05-02 09:04:08,262 - httpx - INFO - HTTP Request: POST https://api.telegram.org/bot8071076420:AAFzeBp37IfwX-_JYHoH51WKyhnF9NgHlvY/getUpdates "HTTP/1.1 409 Conflict"
2025-05-02 09:04:08,263 - telegram.ext.Updater - ERROR - Error while getting Updates: Conflict: terminated by other getUpdates request; make sure that only one bot instance is running
2025-05-02 09:04:08,263 - utils - ERROR - Update None caused error Conflict: terminated by other getUpdates request; make sure that only one bot instance is running
2025-05-02 09:04:15,262 - httpx - INFO - HTTP Request: POST https://api.telegram.org/bot8071076420:AAFzeBp37IfwX-_JYHoH51WKyhnF9NgHlvY/getUpdates "HTTP/1.1 200 OK"
2025-05-02 09:04:15,800 - httpx - INFO - HTTP Request: POST https://api.telegram.org/bot8071076420:AAFzeBp37IfwX-_JYHoH51WKyhnF9NgHlvY/getUpdates "HTTP/1.1 409 Conflict"
2025-05-02 09:04:15,801 - telegram.ext.Updater - ERROR - Error while getting Updates: Conflict: terminated by other getUpdates request; make sure that only one bot instance is running
2025-05-02 09:04:15,801 - utils - ERROR - Update None caused error Conflict: terminated by other getUpdates request; make sure that only one bot instance is running
2025-05-02 09:04:19,907 - httpx - INFO - HTTP Request: POST https://api.telegram.org/bot8071076420:AAFzeBp37IfwX-_JYHoH51WKyhnF9NgHlvY/getUpdates "HTTP/1.1 409 Conflict"
2025-05-02 09:04:19,908 - telegram.ext.Updater - ERROR - Error while getting Updates: Conflict: terminated by other getUpdates request; make sure that only one bot instance is running
2025-05-02 09:04:19,908 - utils - ERROR - Update None caused error Conflict: terminated by other getUpdates request; make sure that only one bot instance is running
2025-05-02 09:04:26,907 - httpx - INFO - HTTP Request: POST https://api.telegram.org/bot8071076420:AAFzeBp37IfwX-_JYHoH51WKyhnF9NgHlvY/getUpdates "HTTP/1.1 200 OK"
2025-05-02 09:04:37,014 - httpx - INFO - HTTP Request: POST https://api.telegram.org/bot8071076420:AAFzeBp37IfwX-_JYHoH51WKyhnF9NgHlvY/getUpdates "HTTP/1.1 200 OK"
2025-05-02 09:04:38,610 - httpx - INFO - HTTP Request: POST https://api.telegram.org/bot8071076420:AAFzeBp37IfwX-_JYHoH51WKyhnF9NgHlvY/getUpdates "HTTP/1.1 409 Conflict"
2025-05-02 09:04:38,610 - telegram.ext.Updater - ERROR - Error while getting Updates: Conflict: terminated by other getUpdates request; make sure that only one bot instance is running
2025-05-02 09:04:38,610 - utils - ERROR - Update None caused error Conflict: terminated by other getUpdates request; make sure that only one bot instance is running
2025-05-02 09:04:40,675 - httpx - INFO - HTTP Request: POST https://api.telegram.org/bot8071076420:AAFzeBp37IfwX-_JYHoH51WKyhnF9NgHlvY/getUpdates "HTTP/1.1 200 OK"
2025-05-02 09:04:41,014 - httpx - INFO - HTTP Request: POST https://api.telegram.org/bot8071076420:AAFzeBp37IfwX-_JYHoH51WKyhnF9NgHlvY/sendMessage "HTTP/1.1 200 OK"
2025-05-02 09:04:42,720 - httpx - INFO - HTTP Request: POST https://api.telegram.org/bot8071076420:AAFzeBp37IfwX-_JYHoH51WKyhnF9NgHlvY/getUpdates "HTTP/1.1 409 Conflict"
2025-05-02 09:04:42,720 - telegram.ext.Updater - ERROR - Error while getting Updates: Conflict: terminated by other getUpdates request; make sure that only one bot instance is running
2025-05-02 09:04:42,720 - utils - ERROR - Update None caused error Conflict: terminated by other getUpdates request; make sure that only one bot instance is running
2025-05-02 09:04:45,957 - httpx - INFO - HTTP Request: POST https://api.telegram.org/bot8071076420:AAFzeBp37IfwX-_JYHoH51WKyhnF9NgHlvY/getUpdates "HTTP/1.1 200 OK"
2025-05-02 09:04:47,805 - httpx - INFO - HTTP Request: POST https://api.telegram.org/bot8071076420:AAFzeBp37IfwX-_JYHoH51WKyhnF9NgHlvY/getUpdates "HTTP/1.1 200 OK"
2025-05-02 09:04:50,253 - httpx - INFO - HTTP Request: POST https://api.telegram.org/bot8071076420:AAFzeBp37IfwX-_JYHoH51WKyhnF9NgHlvY/getUpdates "HTTP/1.1 409 Conflict"
2025-05-02 09:04:50,253 - telegram.ext.Updater - ERROR - Error while getting Updates: Conflict: terminated by other getUpdates request; make sure that only one bot instance is running
2025-05-02 09:04:50,254 - utils - ERROR - Update None caused error Conflict: terminated by other getUpdates request; make sure that only one bot instance is running
2025-05-02 09:04:54,359 - httpx - INFO - HTTP Request: POST https://api.telegram.org/bot8071076420:AAFzeBp37IfwX-_JYHoH51WKyhnF9NgHlvY/getUpdates "HTTP/1.1 409 Conflict"
2025-05-02 09:04:54,361 - telegram.ext.Updater - ERROR - Error while getting Updates: Conflict: terminated by other getUpdates request; make sure that only one bot instance is running
2025-05-02 09:04:54,362 - utils - ERROR - Update None caused error Conflict: terminated by other getUpdates request; make sure that only one bot instance is running
2025-05-02 09:05:01,358 - httpx - INFO - HTTP Request: POST https://api.telegram.org/bot8071076420:AAFzeBp37IfwX-_JYHoH51WKyhnF9NgHlvY/getUpdates "HTTP/1.1 200 OK"
2025-05-02 09:05:04,369 - httpx - INFO - HTTP Request: POST https://api.telegram.org/bot8071076420:AAFzeBp37IfwX-_JYHoH51WKyhnF9NgHlvY/getUpdates "HTTP/1.1 200 OK"
2025-05-02 09:05:04,784 - httpx - INFO - HTTP Request: POST https://api.telegram.org/bot8071076420:AAFzeBp37IfwX-_JYHoH51WKyhnF9NgHlvY/sendMessage "HTTP/1.1 200 OK"
2025-05-02 09:05:09,299 - httpx - INFO - HTTP Request: POST https://api.telegram.org/bot8071076420:AAFzeBp37IfwX-_JYHoH51WKyhnF9NgHlvY/getUpdates "HTTP/1.1 200 OK"
2025-05-02 09:05:09,412 - httpx - INFO - HTTP Request: POST https://api.telegram.org/bot8071076420:AAFzeBp37IfwX-_JYHoH51WKyhnF9NgHlvY/answerCallbackQuery "HTTP/1.1 200 OK"
2025-05-02 09:05:09,577 - httpx - INFO - HTTP Request: POST https://api.telegram.org/bot8071076420:AAFzeBp37IfwX-_JYHoH51WKyhnF9NgHlvY/sendMessage "HTTP/1.1 200 OK"
2025-05-02 09:05:11,510 - httpx - INFO - HTTP Request: POST https://api.telegram.org/bot8071076420:AAFzeBp37IfwX-_JYHoH51WKyhnF9NgHlvY/getUpdates "HTTP/1.1 200 OK"
2025-05-02 09:05:11,623 - httpx - INFO - HTTP Request: POST https://api.telegram.org/bot8071076420:AAFzeBp37IfwX-_JYHoH51WKyhnF9NgHlvY/answerCallbackQuery "HTTP/1.1 200 OK"
2025-05-02 09:05:11,758 - httpx - INFO - HTTP Request: POST https://api.telegram.org/bot8071076420:AAFzeBp37IfwX-_JYHoH51WKyhnF9NgHlvY/sendMessage "HTTP/1.1 200 OK"
2025-05-02 09:05:13,062 - httpx - INFO - HTTP Request: POST https://api.telegram.org/bot8071076420:AAFzeBp37IfwX-_JYHoH51WKyhnF9NgHlvY/getUpdates "HTTP/1.1 409 Conflict"
2025-05-02 09:05:13,065 - telegram.ext.Updater - ERROR - Error while getting Updates: Conflict: terminated by other getUpdates request; make sure that only one bot instance is running
2025-05-02 09:05:13,065 - utils - ERROR - Update None caused error Conflict: terminated by other getUpdates request; make sure that only one bot instance is running
2025-05-02 09:05:13,758 - httpx - INFO - HTTP Request: POST https://api.telegram.org/bot8071076420:AAFzeBp37IfwX-_JYHoH51WKyhnF9NgHlvY/getUpdates "HTTP/1.1 200 OK"
2025-05-02 09:05:14,080 - httpx - INFO - HTTP Request: POST https://api.telegram.org/bot8071076420:AAFzeBp37IfwX-_JYHoH51WKyhnF9NgHlvY/answerCallbackQuery "HTTP/1.1 200 OK"
2025-05-02 09:05:14,225 - httpx - INFO - HTTP Request: POST https://api.telegram.org/bot8071076420:AAFzeBp37IfwX-_JYHoH51WKyhnF9NgHlvY/editMessageText "HTTP/1.1 200 OK"
2025-05-02 09:05:16,312 - httpx - INFO - HTTP Request: POST https://api.telegram.org/bot8071076420:AAFzeBp37IfwX-_JYHoH51WKyhnF9NgHlvY/getUpdates "HTTP/1.1 200 OK"
2025-05-02 09:05:16,457 - httpx - INFO - HTTP Request: POST https://api.telegram.org/bot8071076420:AAFzeBp37IfwX-_JYHoH51WKyhnF9NgHlvY/sendMessage "HTTP/1.1 200 OK"
2025-05-02 09:05:17,170 - httpx - INFO - HTTP Request: POST https://api.telegram.org/bot8071076420:AAFzeBp37IfwX-_JYHoH51WKyhnF9NgHlvY/getUpdates "HTTP/1.1 409 Conflict"
2025-05-02 09:05:17,171 - telegram.ext.Updater - ERROR - Error while getting Updates: Conflict: terminated by other getUpdates request; make sure that only one bot instance is running
2025-05-02 09:05:17,171 - utils - ERROR - Update None caused error Conflict: terminated by other getUpdates request; make sure that only one bot instance is running
2025-05-02 09:05:18,276 - httpx - INFO - HTTP Request: POST https://api.telegram.org/bot8071076420:AAFzeBp37IfwX-_JYHoH51WKyhnF9NgHlvY/getUpdates "HTTP/1.1 409 Conflict"
2025-05-02 09:05:18,277 - telegram.ext.Updater - ERROR - Error while getting Updates: Conflict: terminated by other getUpdates request; make sure that only one bot instance is running
2025-05-02 09:05:18,277 - utils - ERROR - Update None caused error Conflict: terminated by other getUpdates request; make sure that only one bot instance is running
2025-05-02 09:05:22,383 - httpx - INFO - HTTP Request: POST https://api.telegram.org/bot8071076420:AAFzeBp37IfwX-_JYHoH51WKyhnF9NgHlvY/getUpdates "HTTP/1.1 409 Conflict"
2025-05-02 09:05:22,383 - telegram.ext.Updater - ERROR - Error while getting Updates: Conflict: terminated by other getUpdates request; make sure that only one bot instance is running
2025-05-02 09:05:22,384 - utils - ERROR - Update None caused error Conflict: terminated by other getUpdates request; make sure that only one bot instance is running
2025-05-02 09:05:23,999 - httpx - INFO - HTTP Request: POST https://api.telegram.org/bot8071076420:AAFzeBp37IfwX-_JYHoH51WKyhnF9NgHlvY/getUpdates "HTTP/1.1 409 Conflict"
2025-05-02 09:05:24,000 - telegram.ext.Updater - ERROR - Error while getting Updates: Conflict: terminated by other getUpdates request; make sure that only one bot instance is running
2025-05-02 09:05:24,000 - utils - ERROR - Update None caused error Conflict: terminated by other getUpdates request; make sure that only one bot instance is running
2025-05-02 09:05:27,712 - httpx - INFO - HTTP Request: POST https://api.telegram.org/bot8071076420:AAFzeBp37IfwX-_JYHoH51WKyhnF9NgHlvY/getUpdates "HTTP/1.1 409 Conflict"
2025-05-02 09:05:27,713 - telegram.ext.Updater - ERROR - Error while getting Updates: Conflict: terminated by other getUpdates request; make sure that only one bot instance is running
2025-05-02 09:05:27,713 - utils - ERROR - Update None caused error Conflict: terminated by other getUpdates request; make sure that only one bot instance is running
2025-05-02 09:05:28,620 - httpx - INFO - HTTP Request: POST https://api.telegram.org/bot8071076420:AAFzeBp37IfwX-_JYHoH51WKyhnF9NgHlvY/getUpdates "HTTP/1.1 409 Conflict"
2025-05-02 09:05:28,622 - telegram.ext.Updater - ERROR - Error while getting Updates: Conflict: terminated by other getUpdates request; make sure that only one bot instance is running
2025-05-02 09:05:28,622 - utils - ERROR - Update None caused error Conflict: terminated by other getUpdates request; make sure that only one bot instance is running
2025-05-02 09:05:30,069 - httpx - INFO - HTTP Request: POST https://api.telegram.org/bot8071076420:AAFzeBp37IfwX-_JYHoH51WKyhnF9NgHlvY/getUpdates "HTTP/1.1 409 Conflict"
2025-05-02 09:05:30,070 - telegram.ext.Updater - ERROR - Error while getting Updates: Conflict: terminated by other getUpdates request; make sure that only one bot instance is running
2025-05-02 09:05:30,070 - utils - ERROR - Update None caused error Conflict: terminated by other getUpdates request; make sure that only one bot instance is running
2025-05-02 09:05:35,427 - httpx - INFO - HTTP Request: POST https://api.telegram.org/bot8071076420:AAFzeBp37IfwX-_JYHoH51WKyhnF9NgHlvY/getUpdates "HTTP/1.1 409 Conflict"
2025-05-02 09:05:35,428 - telegram.ext.Updater - ERROR - Error while getting Updates: Conflict: terminated by other getUpdates request; make sure that only one bot instance is running
2025-05-02 09:05:35,428 - utils - ERROR - Update None caused error Conflict: terminated by other getUpdates request; make sure that only one bot instance is running
2025-05-02 09:05:38,912 - httpx - INFO - HTTP Request: POST https://api.telegram.org/bot8071076420:AAFzeBp37IfwX-_JYHoH51WKyhnF9NgHlvY/getUpdates "HTTP/1.1 409 Conflict"
2025-05-02 09:05:38,912 - telegram.ext.Updater - ERROR - Error while getting Updates: Conflict: terminated by other getUpdates request; make sure that only one bot instance is running
2025-05-02 09:05:38,912 - utils - ERROR - Update None caused error Conflict: terminated by other getUpdates request; make sure that only one bot instance is running
2025-05-02 09:05:40,052 - httpx - INFO - HTTP Request: POST https://api.telegram.org/bot8071076420:AAFzeBp37IfwX-_JYHoH51WKyhnF9NgHlvY/getUpdates "HTTP/1.1 200 OK"
2025-05-02 09:05:40,054 - telegram.ext.Application - INFO - Application is stopping. This might take a moment.
2025-05-02 09:05:40,054 - telegram.ext.Application - INFO - Application.stop() complete
2025-05-02 09:05:42,394 - httpx - INFO - HTTP Request: POST https://api.telegram.org/bot8071076420:AAFzeBp37IfwX-_JYHoH51WKyhnF9NgHlvY/getUpdates "HTTP/1.1 409 Conflict"
2025-05-02 09:05:42,395 - telegram.ext.Updater - ERROR - Error while getting Updates: Conflict: terminated by other getUpdates request; make sure that only one bot instance is running
2025-05-02 09:05:42,395 - utils - ERROR - Update None caused error Conflict: terminated by other getUpdates request; make sure that only one bot instance is running
2025-05-02 09:05:42,652 - root - ERROR - Health check server error: [Errno 98] Address already in use
2025-05-02 09:05:42,671 - root - INFO - Bot started!
2025-05-02 09:05:42,994 - httpx - INFO - HTTP Request: POST https://api.telegram.org/bot8071076420:AAFzeBp37IfwX-_JYHoH51WKyhnF9NgHlvY/getMe "HTTP/1.1 200 OK"
2025-05-02 09:05:43,101 - httpx - INFO - HTTP Request: POST https://api.telegram.org/bot8071076420:AAFzeBp37IfwX-_JYHoH51WKyhnF9NgHlvY/getMe "HTTP/1.1 200 OK"
2025-05-02 09:05:43,102 - root - INFO - Bot username saved to environment: Character0_a1_bot
2025-05-02 09:05:43,208 - httpx - INFO - HTTP Request: POST https://api.telegram.org/bot8071076420:AAFzeBp37IfwX-_JYHoH51WKyhnF9NgHlvY/deleteWebhook "HTTP/1.1 200 OK"
2025-05-02 09:05:43,210 - telegram.ext.Application - INFO - Application started
2025-05-02 09:05:46,529 - httpx - INFO - HTTP Request: POST https://api.telegram.org/bot8071076420:AAFzeBp37IfwX-_JYHoH51WKyhnF9NgHlvY/getUpdates "HTTP/1.1 409 Conflict"
2025-05-02 09:05:46,531 - telegram.ext.Updater - ERROR - Error while getting Updates: Conflict: terminated by other getUpdates request; make sure that only one bot instance is running
2025-05-02 09:05:46,531 - utils - ERROR - Update None caused error Conflict: terminated by other getUpdates request; make sure that only one bot instance is running
2025-05-02 09:05:47,776 - httpx - INFO - HTTP Request: POST https://api.telegram.org/bot8071076420:AAFzeBp37IfwX-_JYHoH51WKyhnF9NgHlvY/getUpdates "HTTP/1.1 409 Conflict"
2025-05-02 09:05:47,776 - telegram.ext.Updater - ERROR - Error while getting Updates: Conflict: terminated by other getUpdates request; make sure that only one bot instance is running
2025-05-02 09:05:47,777 - utils - ERROR - Update None caused error Conflict: terminated by other getUpdates request; make sure that only one bot instance is running
2025-05-02 09:05:51,882 - httpx - INFO - HTTP Request: POST https://api.telegram.org/bot8071076420:AAFzeBp37IfwX-_JYHoH51WKyhnF9NgHlvY/getUpdates "HTTP/1.1 409 Conflict"
2025-05-02 09:05:51,883 - telegram.ext.Updater - ERROR - Error while getting Updates: Conflict: terminated by other getUpdates request; make sure that only one bot instance is running
2025-05-02 09:05:51,883 - utils - ERROR - Update None caused error Conflict: terminated by other getUpdates request; make sure that only one bot instance is running
2025-05-02 09:05:51,915 - httpx - INFO - HTTP Request: POST https://api.telegram.org/bot8071076420:AAFzeBp37IfwX-_JYHoH51WKyhnF9NgHlvY/getUpdates "HTTP/1.1 409 Conflict"
2025-05-02 09:05:51,916 - telegram.ext.Updater - ERROR - Error while getting Updates: Conflict: terminated by other getUpdates request; make sure that only one bot instance is running
2025-05-02 09:05:51,916 - utils - ERROR - Update None caused error Conflict: terminated by other getUpdates request; make sure that only one bot instance is running
2025-05-02 09:05:56,525 - httpx - INFO - HTTP Request: POST https://api.telegram.org/bot8071076420:AAFzeBp37IfwX-_JYHoH51WKyhnF9NgHlvY/getUpdates "HTTP/1.1 409 Conflict"
2025-05-02 09:05:56,526 - telegram.ext.Updater - ERROR - Error while getting Updates: Conflict: terminated by other getUpdates request; make sure that only one bot instance is running
2025-05-02 09:05:56,527 - utils - ERROR - Update None caused error Conflict: terminated by other getUpdates request; make sure that only one bot instance is running
2025-05-02 09:05:59,798 - httpx - INFO - HTTP Request: POST https://api.telegram.org/bot8071076420:AAFzeBp37IfwX-_JYHoH51WKyhnF9NgHlvY/getUpdates "HTTP/1.1 409 Conflict"
2025-05-02 09:05:59,799 - telegram.ext.Updater - ERROR - Error while getting Updates: Conflict: terminated by other getUpdates request; make sure that only one bot instance is running
2025-05-02 09:05:59,799 - utils - ERROR - Update None caused error Conflict: terminated by other getUpdates request; make sure that only one bot instance is running
2025-05-02 09:06:04,449 - httpx - INFO - HTTP Request: POST https://api.telegram.org/bot8071076420:AAFzeBp37IfwX-_JYHoH51WKyhnF9NgHlvY/getUpdates "HTTP/1.1 409 Conflict"
2025-05-02 09:06:04,450 - telegram.ext.Updater - ERROR - Error while getting Updates: Conflict: terminated by other getUpdates request; make sure that only one bot instance is running
2025-05-02 09:06:04,451 - utils - ERROR - Update None caused error Conflict: terminated by other getUpdates request; make sure that only one bot instance is running
2025-05-02 09:06:05,157 - httpx - INFO - HTTP Request: POST https://api.telegram.org/bot8071076420:AAFzeBp37IfwX-_JYHoH51WKyhnF9NgHlvY/getUpdates "HTTP/1.1 409 Conflict"
2025-05-02 09:06:05,158 - telegram.ext.Updater - ERROR - Error while getting Updates: Conflict: terminated by other getUpdates request; make sure that only one bot instance is running
2025-05-02 09:06:05,158 - utils - ERROR - Update None caused error Conflict: terminated by other getUpdates request; make sure that only one bot instance is running
2025-05-02 09:06:07,935 - httpx - INFO - HTTP Request: POST https://api.telegram.org/bot8071076420:AAFzeBp37IfwX-_JYHoH51WKyhnF9NgHlvY/getUpdates "HTTP/1.1 409 Conflict"
2025-05-02 09:06:07,935 - telegram.ext.Updater - ERROR - Error while getting Updates: Conflict: terminated by other getUpdates request; make sure that only one bot instance is running
2025-05-02 09:06:07,936 - utils - ERROR - Update None caused error Conflict: terminated by other getUpdates request; make sure that only one bot instance is running
2025-05-02 09:06:16,873 - httpx - INFO - HTTP Request: POST https://api.telegram.org/bot8071076420:AAFzeBp37IfwX-_JYHoH51WKyhnF9NgHlvY/getUpdates "HTTP/1.1 409 Conflict"
2025-05-02 09:06:16,874 - telegram.ext.Updater - ERROR - Error while getting Updates: Conflict: terminated by other getUpdates request; make sure that only one bot instance is running
2025-05-02 09:06:16,874 - utils - ERROR - Update None caused error Conflict: terminated by other getUpdates request; make sure that only one bot instance is running
2025-05-02 09:06:22,261 - httpx - INFO - HTTP Request: POST https://api.telegram.org/bot8071076420:AAFzeBp37IfwX-_JYHoH51WKyhnF9NgHlvY/getUpdates "HTTP/1.1 409 Conflict"
2025-05-02 09:06:22,262 - telegram.ext.Updater - ERROR - Error while getting Updates: Conflict: terminated by other getUpdates request; make sure that only one bot instance is running
2025-05-02 09:06:22,262 - utils - ERROR - Update None caused error Conflict: terminated by other getUpdates request; make sure that only one bot instance is running
2025-05-02 09:06:22,649 - httpx - INFO - HTTP Request: POST https://api.telegram.org/bot8071076420:AAFzeBp37IfwX-_JYHoH51WKyhnF9NgHlvY/getUpdates "HTTP/1.1 409 Conflict"
2025-05-02 09:06:22,650 - telegram.ext.Updater - ERROR - Error while getting Updates: Conflict: terminated by other getUpdates request; make sure that only one bot instance is running
2025-05-02 09:06:22,650 - utils - ERROR - Update None caused error Conflict: terminated by other getUpdates request; make sure that only one bot instance is running
2025-05-02 09:06:32,262 - httpx - INFO - HTTP Request: POST https://api.telegram.org/bot8071076420:AAFzeBp37IfwX-_JYHoH51WKyhnF9NgHlvY/getUpdates "HTTP/1.1 200 OK"
2025-05-02 09:06:39,679 - httpx - INFO - HTTP Request: POST https://api.telegram.org/bot8071076420:AAFzeBp37IfwX-_JYHoH51WKyhnF9NgHlvY/getUpdates "HTTP/1.1 409 Conflict"
2025-05-02 09:06:39,680 - telegram.ext.Updater - ERROR - Error while getting Updates: Conflict: terminated by other getUpdates request; make sure that only one bot instance is running
2025-05-02 09:06:39,680 - utils - ERROR - Update None caused error Conflict: terminated by other getUpdates request; make sure that only one bot instance is running
2025-05-02 09:06:43,068 - httpx - INFO - HTTP Request: POST https://api.telegram.org/bot8071076420:AAFzeBp37IfwX-_JYHoH51WKyhnF9NgHlvY/getUpdates "HTTP/1.1 409 Conflict"
2025-05-02 09:06:43,069 - telegram.ext.Updater - ERROR - Error while getting Updates: Conflict: terminated by other getUpdates request; make sure that only one bot instance is running
2025-05-02 09:06:43,069 - utils - ERROR - Update None caused error Conflict: terminated by other getUpdates request; make sure that only one bot instance is running
2025-05-02 09:06:43,785 - httpx - INFO - HTTP Request: POST https://api.telegram.org/bot8071076420:AAFzeBp37IfwX-_JYHoH51WKyhnF9NgHlvY/getUpdates "HTTP/1.1 409 Conflict"
2025-05-02 09:06:43,786 - telegram.ext.Updater - ERROR - Error while getting Updates: Conflict: terminated by other getUpdates request; make sure that only one bot instance is running
2025-05-02 09:06:43,786 - utils - ERROR - Update None caused error Conflict: terminated by other getUpdates request; make sure that only one bot instance is running
2025-05-02 09:06:50,786 - httpx - INFO - HTTP Request: POST https://api.telegram.org/bot8071076420:AAFzeBp37IfwX-_JYHoH51WKyhnF9NgHlvY/getUpdates "HTTP/1.1 200 OK"
2025-05-02 09:06:51,160 - httpx - INFO - HTTP Request: POST https://api.telegram.org/bot8071076420:AAFzeBp37IfwX-_JYHoH51WKyhnF9NgHlvY/getUpdates "HTTP/1.1 200 OK"
2025-05-02 09:06:51,481 - httpx - INFO - HTTP Request: POST https://api.telegram.org/bot8071076420:AAFzeBp37IfwX-_JYHoH51WKyhnF9NgHlvY/sendMessage "HTTP/1.1 400 Bad Request"
2025-05-02 09:06:51,483 - utils - ERROR - Update Update(message=Message(channel_chat_created=False, chat=Chat(first_name='1916 SOEG 빛', id=1159603709, type=<ChatType.PRIVATE>, username='Soeg1916'), date=datetime.datetime(2025, 5, 2, 9, 6, 51, tzinfo=datetime.timezone.utc), delete_chat_photo=False, entities=(MessageEntity(length=5, offset=0, type=<MessageEntityType.BOT_COMMAND>),), from_user=User(first_name='1916 SOEG 빛', id=1159603709, is_bot=False, is_premium=True, language_code='en', username='Soeg1916'), group_chat_created=False, message_id=197, supergroup_chat_created=False, text='/help'), update_id=474554128) caused error Can't parse entities: can't find end of the entity starting at byte offset 1442
2025-05-02 09:06:51,606 - httpx - INFO - HTTP Request: POST https://api.telegram.org/bot8071076420:AAFzeBp37IfwX-_JYHoH51WKyhnF9NgHlvY/sendMessage "HTTP/1.1 200 OK"
2025-05-02 09:06:53,536 - httpx - INFO - HTTP Request: POST https://api.telegram.org/bot8071076420:AAFzeBp37IfwX-_JYHoH51WKyhnF9NgHlvY/getUpdates "HTTP/1.1 200 OK"
2025-05-02 09:06:53,645 - httpx - INFO - HTTP Request: POST https://api.telegram.org/bot8071076420:AAFzeBp37IfwX-_JYHoH51WKyhnF9NgHlvY/sendMessage "HTTP/1.1 400 Bad Request"
2025-05-02 09:06:53,646 - utils - ERROR - Update Update(message=Message(channel_chat_created=False, chat=Chat(first_name='1916 SOEG 빛', id=1159603709, type=<ChatType.PRIVATE>, username='Soeg1916'), date=datetime.datetime(2025, 5, 2, 9, 6, 53, tzinfo=datetime.timezone.utc), delete_chat_photo=False, entities=(MessageEntity(length=5, offset=0, type=<MessageEntityType.BOT_COMMAND>),), from_user=User(first_name='1916 SOEG 빛', id=1159603709, is_bot=False, is_premium=True, language_code='en', username='Soeg1916'), group_chat_created=False, message_id=199, supergroup_chat_created=False, text='/help'), update_id=474554129) caused error Can't parse entities: can't find end of the entity starting at byte offset 1442
2025-05-02 09:06:53,774 - httpx - INFO - HTTP Request: POST https://api.telegram.org/bot8071076420:AAFzeBp37IfwX-_JYHoH51WKyhnF9NgHlvY/sendMessage "HTTP/1.1 200 OK"
2025-05-02 09:07:03,646 - httpx - INFO - HTTP Request: POST https://api.telegram.org/bot8071076420:AAFzeBp37IfwX-_JYHoH51WKyhnF9NgHlvY/getUpdates "HTTP/1.1 200 OK"
2025-05-02 09:07:09,071 - httpx - INFO - HTTP Request: POST https://api.telegram.org/bot8071076420:AAFzeBp37IfwX-_JYHoH51WKyhnF9NgHlvY/getUpdates "HTTP/1.1 409 Conflict"
2025-05-02 09:07:09,072 - telegram.ext.Updater - ERROR - Error while getting Updates: Conflict: terminated by other getUpdates request; make sure that only one bot instance is running
2025-05-02 09:07:09,073 - utils - ERROR - Update None caused error Conflict: terminated by other getUpdates request; make sure that only one bot instance is running
2025-05-02 09:07:12,755 - httpx - INFO - HTTP Request: POST https://api.telegram.org/bot8071076420:AAFzeBp37IfwX-_JYHoH51WKyhnF9NgHlvY/getUpdates "HTTP/1.1 409 Conflict"
2025-05-02 09:07:12,756 - telegram.ext.Updater - ERROR - Error while getting Updates: Conflict: terminated by other getUpdates request; make sure that only one bot instance is running
2025-05-02 09:07:12,756 - utils - ERROR - Update None caused error Conflict: terminated by other getUpdates request; make sure that only one bot instance is running
2025-05-02 09:07:13,178 - httpx - INFO - HTTP Request: POST https://api.telegram.org/bot8071076420:AAFzeBp37IfwX-_JYHoH51WKyhnF9NgHlvY/getUpdates "HTTP/1.1 409 Conflict"
2025-05-02 09:07:13,179 - telegram.ext.Updater - ERROR - Error while getting Updates: Conflict: terminated by other getUpdates request; make sure that only one bot instance is running
2025-05-02 09:07:13,179 - utils - ERROR - Update None caused error Conflict: terminated by other getUpdates request; make sure that only one bot instance is running
2025-05-02 09:07:19,294 - httpx - INFO - HTTP Request: POST https://api.telegram.org/bot8071076420:AAFzeBp37IfwX-_JYHoH51WKyhnF9NgHlvY/getUpdates "HTTP/1.1 200 OK"
2025-05-02 09:07:19,652 - httpx - INFO - HTTP Request: POST https://api.telegram.org/bot8071076420:AAFzeBp37IfwX-_JYHoH51WKyhnF9NgHlvY/sendMessage "HTTP/1.1 200 OK"
2025-05-02 09:07:29,413 - httpx - INFO - HTTP Request: POST https://api.telegram.org/bot8071076420:AAFzeBp37IfwX-_JYHoH51WKyhnF9NgHlvY/getUpdates "HTTP/1.1 200 OK"
2025-05-02 09:07:29,517 - telegram.ext.Updater - ERROR - Error while getting Updates: httpx.ReadError: 
2025-05-02 09:07:29,517 - utils - ERROR - Update None caused error httpx.ReadError: 
2025-05-02 09:07:40,832 - httpx - INFO - HTTP Request: POST https://api.telegram.org/bot8071076420:AAFzeBp37IfwX-_JYHoH51WKyhnF9NgHlvY/getUpdates "HTTP/1.1 200 OK"
2025-05-02 09:07:43,100 - httpx - INFO - HTTP Request: POST https://api.telegram.org/bot8071076420:AAFzeBp37IfwX-_JYHoH51WKyhnF9NgHlvY/getUpdates "HTTP/1.1 409 Conflict"
2025-05-02 09:07:43,101 - telegram.ext.Updater - ERROR - Error while getting Updates: Conflict: terminated by other getUpdates request; make sure that only one bot instance is running
2025-05-02 09:07:43,101 - utils - ERROR - Update None caused error Conflict: terminated by other getUpdates request; make sure that only one bot instance is running
2025-05-02 09:07:46,532 - httpx - INFO - HTTP Request: POST https://api.telegram.org/bot8071076420:AAFzeBp37IfwX-_JYHoH51WKyhnF9NgHlvY/getUpdates "HTTP/1.1 409 Conflict"
2025-05-02 09:07:46,533 - telegram.ext.Updater - ERROR - Error while getting Updates: Conflict: terminated by other getUpdates request; make sure that only one bot instance is running
2025-05-02 09:07:46,534 - utils - ERROR - Update None caused error Conflict: terminated by other getUpdates request; make sure that only one bot instance is running
2025-05-02 09:07:47,207 - httpx - INFO - HTTP Request: POST https://api.telegram.org/bot8071076420:AAFzeBp37IfwX-_JYHoH51WKyhnF9NgHlvY/getUpdates "HTTP/1.1 409 Conflict"
2025-05-02 09:07:47,209 - telegram.ext.Updater - ERROR - Error while getting Updates: Conflict: terminated by other getUpdates request; make sure that only one bot instance is running
2025-05-02 09:07:47,210 - utils - ERROR - Update None caused error Conflict: terminated by other getUpdates request; make sure that only one bot instance is running
2025-05-02 09:07:54,207 - httpx - INFO - HTTP Request: POST https://api.telegram.org/bot8071076420:AAFzeBp37IfwX-_JYHoH51WKyhnF9NgHlvY/getUpdates "HTTP/1.1 200 OK"
2025-05-02 09:08:04,153 - httpx - INFO - HTTP Request: POST https://api.telegram.org/bot8071076420:AAFzeBp37IfwX-_JYHoH51WKyhnF9NgHlvY/getUpdates "HTTP/1.1 200 OK"
2025-05-02 09:08:04,155 - telegram.ext.Application - INFO - Application is stopping. This might take a moment.
2025-05-02 09:08:04,156 - telegram.ext.Application - INFO - Application.stop() complete
2025-05-02 09:08:04,312 - httpx - INFO - HTTP Request: POST https://api.telegram.org/bot8071076420:AAFzeBp37IfwX-_JYHoH51WKyhnF9NgHlvY/getUpdates "HTTP/1.1 200 OK"
2025-05-02 09:08:08,865 - root - INFO - Health check server started on port 8000
2025-05-02 09:08:08,887 - root - INFO - Bot started!
2025-05-02 09:08:09,211 - httpx - INFO - HTTP Request: POST https://api.telegram.org/bot8071076420:AAFzeBp37IfwX-_JYHoH51WKyhnF9NgHlvY/getMe "HTTP/1.1 200 OK"
2025-05-02 09:08:09,316 - httpx - INFO - HTTP Request: POST https://api.telegram.org/bot8071076420:AAFzeBp37IfwX-_JYHoH51WKyhnF9NgHlvY/getMe "HTTP/1.1 200 OK"
2025-05-02 09:08:09,317 - root - INFO - Bot username saved to environment: Character0_a1_bot
2025-05-02 09:08:09,422 - httpx - INFO - HTTP Request: POST https://api.telegram.org/bot8071076420:AAFzeBp37IfwX-_JYHoH51WKyhnF9NgHlvY/deleteWebhook "HTTP/1.1 200 OK"
2025-05-02 09:08:09,423 - telegram.ext.Application - INFO - Application started
2025-05-02 09:08:09,737 - httpx - INFO - HTTP Request: POST https://api.telegram.org/bot8071076420:AAFzeBp37IfwX-_JYHoH51WKyhnF9NgHlvY/getUpdates "HTTP/1.1 409 Conflict"
2025-05-02 09:08:09,738 - telegram.ext.Updater - ERROR - Error while getting Updates: Conflict: terminated by other getUpdates request; make sure that only one bot instance is running
2025-05-02 09:08:09,738 - utils - ERROR - Update None caused error Conflict: terminated by other getUpdates request; make sure that only one bot instance is running
2025-05-02 09:08:13,845 - httpx - INFO - HTTP Request: POST https://api.telegram.org/bot8071076420:AAFzeBp37IfwX-_JYHoH51WKyhnF9NgHlvY/getUpdates "HTTP/1.1 409 Conflict"
2025-05-02 09:08:13,846 - telegram.ext.Updater - ERROR - Error while getting Updates: Conflict: terminated by other getUpdates request; make sure that only one bot instance is running
2025-05-02 09:08:13,846 - utils - ERROR - Update None caused error Conflict: terminated by other getUpdates request; make sure that only one bot instance is running
2025-05-02 09:08:14,951 - httpx - INFO - HTTP Request: POST https://api.telegram.org/bot8071076420:AAFzeBp37IfwX-_JYHoH51WKyhnF9NgHlvY/getUpdates "HTTP/1.1 409 Conflict"
2025-05-02 09:08:14,952 - telegram.ext.Updater - ERROR - Error while getting Updates: Conflict: terminated by other getUpdates request; make sure that only one bot instance is running
2025-05-02 09:08:14,952 - utils - ERROR - Update None caused error Conflict: terminated by other getUpdates request; make sure that only one bot instance is running
2025-05-02 09:08:19,558 - httpx - INFO - HTTP Request: POST https://api.telegram.org/bot8071076420:AAFzeBp37IfwX-_JYHoH51WKyhnF9NgHlvY/getUpdates "HTTP/1.1 409 Conflict"
2025-05-02 09:08:19,559 - telegram.ext.Updater - ERROR - Error while getting Updates: Conflict: terminated by other getUpdates request; make sure that only one bot instance is running
2025-05-02 09:08:19,559 - utils - ERROR - Update None caused error Conflict: terminated by other getUpdates request; make sure that only one bot instance is running
2025-05-02 09:08:20,553 - httpx - INFO - HTTP Request: POST https://api.telegram.org/bot8071076420:AAFzeBp37IfwX-_JYHoH51WKyhnF9NgHlvY/getUpdates "HTTP/1.1 409 Conflict"
2025-05-02 09:08:20,553 - telegram.ext.Updater - ERROR - Error while getting Updates: Conflict: terminated by other getUpdates request; make sure that only one bot instance is running
2025-05-02 09:08:20,553 - utils - ERROR - Update None caused error Conflict: terminated by other getUpdates request; make sure that only one bot instance is running
2025-05-02 09:08:21,166 - httpx - INFO - HTTP Request: POST https://api.telegram.org/bot8071076420:AAFzeBp37IfwX-_JYHoH51WKyhnF9NgHlvY/getUpdates "HTTP/1.1 409 Conflict"
2025-05-02 09:08:21,167 - telegram.ext.Updater - ERROR - Error while getting Updates: Conflict: terminated by other getUpdates request; make sure that only one bot instance is running
2025-05-02 09:08:21,167 - utils - ERROR - Update None caused error Conflict: terminated by other getUpdates request; make sure that only one bot instance is running
2025-05-02 09:08:25,910 - httpx - INFO - HTTP Request: POST https://api.telegram.org/bot8071076420:AAFzeBp37IfwX-_JYHoH51WKyhnF9NgHlvY/getUpdates "HTTP/1.1 409 Conflict"
2025-05-02 09:08:25,911 - telegram.ext.Updater - ERROR - Error while getting Updates: Conflict: terminated by other getUpdates request; make sure that only one bot instance is running
2025-05-02 09:08:25,911 - utils - ERROR - Update None caused error Conflict: terminated by other getUpdates request; make sure that only one bot instance is running
2025-05-02 09:08:28,267 - httpx - INFO - HTTP Request: POST https://api.telegram.org/bot8071076420:AAFzeBp37IfwX-_JYHoH51WKyhnF9NgHlvY/getUpdates "HTTP/1.1 409 Conflict"
2025-05-02 09:08:28,268 - telegram.ext.Updater - ERROR - Error while getting Updates: Conflict: terminated by other getUpdates request; make sure that only one bot instance is running
2025-05-02 09:08:28,268 - utils - ERROR - Update None caused error Conflict: terminated by other getUpdates request; make sure that only one bot instance is running
2025-05-02 09:08:31,759 - httpx - INFO - HTTP Request: POST https://api.telegram.org/bot8071076420:AAFzeBp37IfwX-_JYHoH51WKyhnF9NgHlvY/getUpdates "HTTP/1.1 409 Conflict"
2025-05-02 09:08:31,760 - telegram.ext.Updater - ERROR - Error while getting Updates: Conflict: terminated by other getUpdates request; make sure that only one bot instance is running
2025-05-02 09:08:31,760 - utils - ERROR - Update None caused error Conflict: terminated by other getUpdates request; make sure that only one bot instance is running
2025-05-02 09:08:35,243 - httpx - INFO - HTTP Request: POST https://api.telegram.org/bot8071076420:AAFzeBp37IfwX-_JYHoH51WKyhnF9NgHlvY/getUpdates "HTTP/1.1 409 Conflict"
2025-05-02 09:08:35,244 - telegram.ext.Updater - ERROR - Error while getting Updates: Conflict: terminated by other getUpdates request; make sure that only one bot instance is running
2025-05-02 09:08:35,244 - utils - ERROR - Update None caused error Conflict: terminated by other getUpdates request; make sure that only one bot instance is running
2025-05-02 09:08:40,626 - httpx - INFO - HTTP Request: POST https://api.telegram.org/bot8071076420:AAFzeBp37IfwX-_JYHoH51WKyhnF9NgHlvY/getUpdates "HTTP/1.1 409 Conflict"
2025-05-02 09:08:40,627 - telegram.ext.Updater - ERROR - Error while getting Updates: Conflict: terminated by other getUpdates request; make sure that only one bot instance is running
2025-05-02 09:08:40,627 - utils - ERROR - Update None caused error Conflict: terminated by other getUpdates request; make sure that only one bot instance is running
2025-05-02 09:08:46,025 - httpx - INFO - HTTP Request: POST https://api.telegram.org/bot8071076420:AAFzeBp37IfwX-_JYHoH51WKyhnF9NgHlvY/getUpdates "HTTP/1.1 409 Conflict"
2025-05-02 09:08:46,027 - telegram.ext.Updater - ERROR - Error while getting Updates: Conflict: terminated by other getUpdates request; make sure that only one bot instance is running
2025-05-02 09:08:46,028 - utils - ERROR - Update None caused error Conflict: terminated by other getUpdates request; make sure that only one bot instance is running
2025-05-02 09:08:51,511 - httpx - INFO - HTTP Request: POST https://api.telegram.org/bot8071076420:AAFzeBp37IfwX-_JYHoH51WKyhnF9NgHlvY/getUpdates "HTTP/1.1 409 Conflict"
2025-05-02 09:08:51,511 - telegram.ext.Updater - ERROR - Error while getting Updates: Conflict: terminated by other getUpdates request; make sure that only one bot instance is running
2025-05-02 09:08:51,512 - utils - ERROR - Update None caused error Conflict: terminated by other getUpdates request; make sure that only one bot instance is running
2025-05-02 09:08:56,942 - httpx - INFO - HTTP Request: POST https://api.telegram.org/bot8071076420:AAFzeBp37IfwX-_JYHoH51WKyhnF9NgHlvY/getUpdates "HTTP/1.1 409 Conflict"
2025-05-02 09:08:56,943 - telegram.ext.Updater - ERROR - Error while getting Updates: Conflict: terminated by other getUpdates request; make sure that only one bot instance is running
2025-05-02 09:08:56,943 - utils - ERROR - Update None caused error Conflict: terminated by other getUpdates request; make sure that only one bot instance is running
2025-05-02 09:08:59,423 - httpx - INFO - HTTP Request: POST https://api.telegram.org/bot8071076420:AAFzeBp37IfwX-_JYHoH51WKyhnF9NgHlvY/getUpdates "HTTP/1.1 409 Conflict"
2025-05-02 09:08:59,424 - telegram.ext.Updater - ERROR - Error while getting Updates: Conflict: terminated by other getUpdates request; make sure that only one bot instance is running
2025-05-02 09:08:59,424 - utils - ERROR - Update None caused error Conflict: terminated by other getUpdates request; make sure that only one bot instance is running
2025-05-02 09:09:06,349 - httpx - INFO - HTTP Request: POST https://api.telegram.org/bot8071076420:AAFzeBp37IfwX-_JYHoH51WKyhnF9NgHlvY/getUpdates "HTTP/1.1 200 OK"
2025-05-02 09:09:06,350 - telegram.ext.Application - INFO - Application is stopping. This might take a moment.
2025-05-02 09:09:06,350 - telegram.ext.Application - INFO - Application.stop() complete
2025-05-02 09:09:08,895 - root - ERROR - Health check server error: [Errno 98] Address already in use
2025-05-02 09:09:08,924 - root - INFO - Bot started!
2025-05-02 09:09:09,273 - httpx - INFO - HTTP Request: POST https://api.telegram.org/bot8071076420:AAFzeBp37IfwX-_JYHoH51WKyhnF9NgHlvY/getMe "HTTP/1.1 200 OK"
2025-05-02 09:09:09,378 - httpx - INFO - HTTP Request: POST https://api.telegram.org/bot8071076420:AAFzeBp37IfwX-_JYHoH51WKyhnF9NgHlvY/getMe "HTTP/1.1 200 OK"
2025-05-02 09:09:09,379 - root - INFO - Bot username saved to environment: Character0_a1_bot
2025-05-02 09:09:09,425 - httpx - INFO - HTTP Request: POST https://api.telegram.org/bot8071076420:AAFzeBp37IfwX-_JYHoH51WKyhnF9NgHlvY/getUpdates "HTTP/1.1 200 OK"
2025-05-02 09:09:09,483 - httpx - INFO - HTTP Request: POST https://api.telegram.org/bot8071076420:AAFzeBp37IfwX-_JYHoH51WKyhnF9NgHlvY/deleteWebhook "HTTP/1.1 200 OK"
2025-05-02 09:09:09,485 - telegram.ext.Application - INFO - Application started
2025-05-02 09:09:09,797 - httpx - INFO - HTTP Request: POST https://api.telegram.org/bot8071076420:AAFzeBp37IfwX-_JYHoH51WKyhnF9NgHlvY/getUpdates "HTTP/1.1 409 Conflict"
2025-05-02 09:09:09,798 - telegram.ext.Updater - ERROR - Error while getting Updates: Conflict: terminated by other getUpdates request; make sure that only one bot instance is running
2025-05-02 09:09:09,798 - utils - ERROR - Update None caused error Conflict: terminated by other getUpdates request; make sure that only one bot instance is running
2025-05-02 09:09:13,903 - httpx - INFO - HTTP Request: POST https://api.telegram.org/bot8071076420:AAFzeBp37IfwX-_JYHoH51WKyhnF9NgHlvY/getUpdates "HTTP/1.1 409 Conflict"
2025-05-02 09:09:13,904 - telegram.ext.Updater - ERROR - Error while getting Updates: Conflict: terminated by other getUpdates request; make sure that only one bot instance is running
2025-05-02 09:09:13,904 - utils - ERROR - Update None caused error Conflict: terminated by other getUpdates request; make sure that only one bot instance is running
2025-05-02 09:09:14,141 - httpx - INFO - HTTP Request: POST https://api.telegram.org/bot8071076420:AAFzeBp37IfwX-_JYHoH51WKyhnF9NgHlvY/getUpdates "HTTP/1.1 409 Conflict"
2025-05-02 09:09:14,142 - telegram.ext.Updater - ERROR - Error while getting Updates: Conflict: terminated by other getUpdates request; make sure that only one bot instance is running
2025-05-02 09:09:14,142 - utils - ERROR - Update None caused error Conflict: terminated by other getUpdates request; make sure that only one bot instance is running
2025-05-02 09:09:15,012 - httpx - INFO - HTTP Request: POST https://api.telegram.org/bot8071076420:AAFzeBp37IfwX-_JYHoH51WKyhnF9NgHlvY/getUpdates "HTTP/1.1 409 Conflict"
2025-05-02 09:09:15,013 - telegram.ext.Updater - ERROR - Error while getting Updates: Conflict: terminated by other getUpdates request; make sure that only one bot instance is running
2025-05-02 09:09:15,013 - utils - ERROR - Update None caused error Conflict: terminated by other getUpdates request; make sure that only one bot instance is running
2025-05-02 09:09:18,765 - httpx - INFO - HTTP Request: POST https://api.telegram.org/bot8071076420:AAFzeBp37IfwX-_JYHoH51WKyhnF9NgHlvY/getUpdates "HTTP/1.1 409 Conflict"
2025-05-02 09:09:18,766 - telegram.ext.Updater - ERROR - Error while getting Updates: Conflict: terminated by other getUpdates request; make sure that only one bot instance is running
2025-05-02 09:09:18,766 - utils - ERROR - Update None caused error Conflict: terminated by other getUpdates request; make sure that only one bot instance is running
2025-05-02 09:09:20,371 - httpx - INFO - HTTP Request: POST https://api.telegram.org/bot8071076420:AAFzeBp37IfwX-_JYHoH51WKyhnF9NgHlvY/getUpdates "HTTP/1.1 409 Conflict"
2025-05-02 09:09:20,372 - telegram.ext.Updater - ERROR - Error while getting Updates: Conflict: terminated by other getUpdates request; make sure that only one bot instance is running
2025-05-02 09:09:20,372 - utils - ERROR - Update None caused error Conflict: terminated by other getUpdates request; make sure that only one bot instance is running
2025-05-02 09:09:25,729 - httpx - INFO - HTTP Request: POST https://api.telegram.org/bot8071076420:AAFzeBp37IfwX-_JYHoH51WKyhnF9NgHlvY/getUpdates "HTTP/1.1 409 Conflict"
2025-05-02 09:09:25,730 - telegram.ext.Updater - ERROR - Error while getting Updates: Conflict: terminated by other getUpdates request; make sure that only one bot instance is running
2025-05-02 09:09:25,730 - utils - ERROR - Update None caused error Conflict: terminated by other getUpdates request; make sure that only one bot instance is running
2025-05-02 09:09:28,086 - httpx - INFO - HTTP Request: POST https://api.telegram.org/bot8071076420:AAFzeBp37IfwX-_JYHoH51WKyhnF9NgHlvY/getUpdates "HTTP/1.1 409 Conflict"
2025-05-02 09:09:28,086 - telegram.ext.Updater - ERROR - Error while getting Updates: Conflict: terminated by other getUpdates request; make sure that only one bot instance is running
2025-05-02 09:09:28,087 - utils - ERROR - Update None caused error Conflict: terminated by other getUpdates request; make sure that only one bot instance is running
2025-05-02 09:09:31,568 - httpx - INFO - HTTP Request: POST https://api.telegram.org/bot8071076420:AAFzeBp37IfwX-_JYHoH51WKyhnF9NgHlvY/getUpdates "HTTP/1.1 409 Conflict"
2025-05-02 09:09:31,569 - telegram.ext.Updater - ERROR - Error while getting Updates: Conflict: terminated by other getUpdates request; make sure that only one bot instance is running
2025-05-02 09:09:31,570 - utils - ERROR - Update None caused error Conflict: terminated by other getUpdates request; make sure that only one bot instance is running
2025-05-02 09:09:35,052 - httpx - INFO - HTTP Request: POST https://api.telegram.org/bot8071076420:AAFzeBp37IfwX-_JYHoH51WKyhnF9NgHlvY/getUpdates "HTTP/1.1 409 Conflict"
2025-05-02 09:09:35,053 - telegram.ext.Updater - ERROR - Error while getting Updates: Conflict: terminated by other getUpdates request; make sure that only one bot instance is running
2025-05-02 09:09:35,053 - utils - ERROR - Update None caused error Conflict: terminated by other getUpdates request; make sure that only one bot instance is running
2025-05-02 09:09:35,430 - httpx - INFO - HTTP Request: POST https://api.telegram.org/bot8071076420:AAFzeBp37IfwX-_JYHoH51WKyhnF9NgHlvY/getUpdates "HTTP/1.1 409 Conflict"
2025-05-02 09:09:35,431 - telegram.ext.Updater - ERROR - Error while getting Updates: Conflict: terminated by other getUpdates request; make sure that only one bot instance is running
2025-05-02 09:09:35,431 - utils - ERROR - Update None caused error Conflict: terminated by other getUpdates request; make sure that only one bot instance is running
2025-05-02 09:09:40,813 - httpx - INFO - HTTP Request: POST https://api.telegram.org/bot8071076420:AAFzeBp37IfwX-_JYHoH51WKyhnF9NgHlvY/getUpdates "HTTP/1.1 409 Conflict"
2025-05-02 09:09:40,815 - telegram.ext.Updater - ERROR - Error while getting Updates: Conflict: terminated by other getUpdates request; make sure that only one bot instance is running
2025-05-02 09:09:40,815 - utils - ERROR - Update None caused error Conflict: terminated by other getUpdates request; make sure that only one bot instance is running
2025-05-02 09:09:46,201 - httpx - INFO - HTTP Request: POST https://api.telegram.org/bot8071076420:AAFzeBp37IfwX-_JYHoH51WKyhnF9NgHlvY/getUpdates "HTTP/1.1 409 Conflict"
2025-05-02 09:09:46,201 - telegram.ext.Updater - ERROR - Error while getting Updates: Conflict: terminated by other getUpdates request; make sure that only one bot instance is running
2025-05-02 09:09:46,202 - utils - ERROR - Update None caused error Conflict: terminated by other getUpdates request; make sure that only one bot instance is running
2025-05-02 09:09:54,117 - httpx - INFO - HTTP Request: POST https://api.telegram.org/bot8071076420:AAFzeBp37IfwX-_JYHoH51WKyhnF9NgHlvY/getUpdates "HTTP/1.1 409 Conflict"
2025-05-02 09:09:54,118 - telegram.ext.Updater - ERROR - Error while getting Updates: Conflict: terminated by other getUpdates request; make sure that only one bot instance is running
2025-05-02 09:09:54,119 - utils - ERROR - Update None caused error Conflict: terminated by other getUpdates request; make sure that only one bot instance is running
2025-05-02 09:10:01,023 - httpx - INFO - HTTP Request: POST https://api.telegram.org/bot8071076420:AAFzeBp37IfwX-_JYHoH51WKyhnF9NgHlvY/getUpdates "HTTP/1.1 409 Conflict"
2025-05-02 09:10:01,024 - telegram.ext.Updater - ERROR - Error while getting Updates: Conflict: terminated by other getUpdates request; make sure that only one bot instance is running
2025-05-02 09:10:01,024 - utils - ERROR - Update None caused error Conflict: terminated by other getUpdates request; make sure that only one bot instance is running
2025-05-02 09:10:05,032 - httpx - INFO - HTTP Request: POST https://api.telegram.org/bot8071076420:AAFzeBp37IfwX-_JYHoH51WKyhnF9NgHlvY/getUpdates "HTTP/1.1 409 Conflict"
2025-05-02 09:10:05,033 - telegram.ext.Updater - ERROR - Error while getting Updates: Conflict: terminated by other getUpdates request; make sure that only one bot instance is running
2025-05-02 09:10:05,033 - utils - ERROR - Update None caused error Conflict: terminated by other getUpdates request; make sure that only one bot instance is running
2025-05-02 09:10:12,032 - httpx - INFO - HTTP Request: POST https://api.telegram.org/bot8071076420:AAFzeBp37IfwX-_JYHoH51WKyhnF9NgHlvY/getUpdates "HTTP/1.1 200 OK"
2025-05-02 09:10:12,742 - httpx - INFO - HTTP Request: POST https://api.telegram.org/bot8071076420:AAFzeBp37IfwX-_JYHoH51WKyhnF9NgHlvY/getUpdates "HTTP/1.1 409 Conflict"
2025-05-02 09:10:12,743 - telegram.ext.Updater - ERROR - Error while getting Updates: Conflict: terminated by other getUpdates request; make sure that only one bot instance is running
2025-05-02 09:10:12,743 - utils - ERROR - Update None caused error Conflict: terminated by other getUpdates request; make sure that only one bot instance is running
2025-05-02 09:10:16,849 - httpx - INFO - HTTP Request: POST https://api.telegram.org/bot8071076420:AAFzeBp37IfwX-_JYHoH51WKyhnF9NgHlvY/getUpdates "HTTP/1.1 409 Conflict"
2025-05-02 09:10:16,850 - telegram.ext.Updater - ERROR - Error while getting Updates: Conflict: terminated by other getUpdates request; make sure that only one bot instance is running
2025-05-02 09:10:16,850 - utils - ERROR - Update None caused error Conflict: terminated by other getUpdates request; make sure that only one bot instance is running
2025-05-02 09:10:23,849 - httpx - INFO - HTTP Request: POST https://api.telegram.org/bot8071076420:AAFzeBp37IfwX-_JYHoH51WKyhnF9NgHlvY/getUpdates "HTTP/1.1 200 OK"
2025-05-02 09:10:33,955 - httpx - INFO - HTTP Request: POST https://api.telegram.org/bot8071076420:AAFzeBp37IfwX-_JYHoH51WKyhnF9NgHlvY/getUpdates "HTTP/1.1 200 OK"
2025-05-02 09:10:34,270 - httpx - INFO - HTTP Request: POST https://api.telegram.org/bot8071076420:AAFzeBp37IfwX-_JYHoH51WKyhnF9NgHlvY/getUpdates "HTTP/1.1 409 Conflict"
2025-05-02 09:10:34,271 - telegram.ext.Updater - ERROR - Error while getting Updates: Conflict: terminated by other getUpdates request; make sure that only one bot instance is running
2025-05-02 09:10:34,272 - utils - ERROR - Update None caused error Conflict: terminated by other getUpdates request; make sure that only one bot instance is running
2025-05-02 09:10:38,269 - httpx - INFO - HTTP Request: POST https://api.telegram.org/bot8071076420:AAFzeBp37IfwX-_JYHoH51WKyhnF9NgHlvY/getUpdates "HTTP/1.1 200 OK"
2025-05-02 09:10:38,384 - httpx - INFO - HTTP Request: POST https://api.telegram.org/bot8071076420:AAFzeBp37IfwX-_JYHoH51WKyhnF9NgHlvY/getUpdates "HTTP/1.1 409 Conflict"
2025-05-02 09:10:38,385 - httpx - INFO - HTTP Request: POST https://api.telegram.org/bot8071076420:AAFzeBp37IfwX-_JYHoH51WKyhnF9NgHlvY/getUpdates "HTTP/1.1 409 Conflict"
2025-05-02 09:10:38,385 - telegram.ext.Updater - ERROR - Error while getting Updates: Conflict: terminated by other getUpdates request; make sure that only one bot instance is running
2025-05-02 09:10:38,385 - telegram.ext.Updater - ERROR - Error while getting Updates: Conflict: terminated by other getUpdates request; make sure that only one bot instance is running
2025-05-02 09:10:38,385 - utils - ERROR - Update None caused error Conflict: terminated by other getUpdates request; make sure that only one bot instance is running
2025-05-02 09:10:38,385 - utils - ERROR - Update None caused error Conflict: terminated by other getUpdates request; make sure that only one bot instance is running
2025-05-02 09:10:38,583 - httpx - INFO - HTTP Request: POST https://api.telegram.org/bot8071076420:AAFzeBp37IfwX-_JYHoH51WKyhnF9NgHlvY/sendMessage "HTTP/1.1 400 Bad Request"
2025-05-02 09:10:38,584 - utils - ERROR - Update Update(message=Message(channel_chat_created=False, chat=Chat(first_name='1916 SOEG 빛', id=1159603709, type=<ChatType.PRIVATE>, username='Soeg1916'), date=datetime.datetime(2025, 5, 2, 9, 10, 38, tzinfo=datetime.timezone.utc), delete_chat_photo=False, entities=(MessageEntity(length=5, offset=0, type=<MessageEntityType.BOT_COMMAND>),), from_user=User(first_name='1916 SOEG 빛', id=1159603709, is_bot=False, is_premium=True, language_code='en', username='Soeg1916'), group_chat_created=False, message_id=203, supergroup_chat_created=False, text='/help'), update_id=474554131) caused error Can't parse entities: can't find end of the entity starting at byte offset 1442
2025-05-02 09:10:38,716 - httpx - INFO - HTTP Request: POST https://api.telegram.org/bot8071076420:AAFzeBp37IfwX-_JYHoH51WKyhnF9NgHlvY/sendMessage "HTTP/1.1 200 OK"
2025-05-02 09:10:39,993 - httpx - INFO - HTTP Request: POST https://api.telegram.org/bot8071076420:AAFzeBp37IfwX-_JYHoH51WKyhnF9NgHlvY/getUpdates "HTTP/1.1 409 Conflict"
2025-05-02 09:10:39,994 - telegram.ext.Updater - ERROR - Error while getting Updates: Conflict: terminated by other getUpdates request; make sure that only one bot instance is running
2025-05-02 09:10:39,994 - utils - ERROR - Update None caused error Conflict: terminated by other getUpdates request; make sure that only one bot instance is running
2025-05-02 09:10:44,100 - httpx - INFO - HTTP Request: POST https://api.telegram.org/bot8071076420:AAFzeBp37IfwX-_JYHoH51WKyhnF9NgHlvY/getUpdates "HTTP/1.1 409 Conflict"
2025-05-02 09:10:44,101 - telegram.ext.Updater - ERROR - Error while getting Updates: Conflict: terminated by other getUpdates request; make sure that only one bot instance is running
2025-05-02 09:10:44,102 - utils - ERROR - Update None caused error Conflict: terminated by other getUpdates request; make sure that only one bot instance is running
2025-05-02 09:10:46,463 - httpx - INFO - HTTP Request: POST https://api.telegram.org/bot8071076420:AAFzeBp37IfwX-_JYHoH51WKyhnF9NgHlvY/getUpdates "HTTP/1.1 409 Conflict"
2025-05-02 09:10:46,464 - telegram.ext.Updater - ERROR - Error while getting Updates: Conflict: terminated by other getUpdates request; make sure that only one bot instance is running
2025-05-02 09:10:46,464 - utils - ERROR - Update None caused error Conflict: terminated by other getUpdates request; make sure that only one bot instance is running
2025-05-02 09:10:51,069 - httpx - INFO - HTTP Request: POST https://api.telegram.org/bot8071076420:AAFzeBp37IfwX-_JYHoH51WKyhnF9NgHlvY/getUpdates "HTTP/1.1 409 Conflict"
2025-05-02 09:10:51,070 - telegram.ext.Updater - ERROR - Error while getting Updates: Conflict: terminated by other getUpdates request; make sure that only one bot instance is running
2025-05-02 09:10:51,070 - utils - ERROR - Update None caused error Conflict: terminated by other getUpdates request; make sure that only one bot instance is running
2025-05-02 09:10:54,552 - httpx - INFO - HTTP Request: POST https://api.telegram.org/bot8071076420:AAFzeBp37IfwX-_JYHoH51WKyhnF9NgHlvY/getUpdates "HTTP/1.1 409 Conflict"
2025-05-02 09:10:54,554 - telegram.ext.Updater - ERROR - Error while getting Updates: Conflict: terminated by other getUpdates request; make sure that only one bot instance is running
2025-05-02 09:10:54,554 - utils - ERROR - Update None caused error Conflict: terminated by other getUpdates request; make sure that only one bot instance is running
2025-05-02 09:10:59,914 - httpx - INFO - HTTP Request: POST https://api.telegram.org/bot8071076420:AAFzeBp37IfwX-_JYHoH51WKyhnF9NgHlvY/getUpdates "HTTP/1.1 409 Conflict"
2025-05-02 09:10:59,915 - telegram.ext.Updater - ERROR - Error while getting Updates: Conflict: terminated by other getUpdates request; make sure that only one bot instance is running
2025-05-02 09:10:59,916 - utils - ERROR - Update None caused error Conflict: terminated by other getUpdates request; make sure that only one bot instance is running
2025-05-02 09:11:04,357 - httpx - INFO - HTTP Request: POST https://api.telegram.org/bot8071076420:AAFzeBp37IfwX-_JYHoH51WKyhnF9NgHlvY/getUpdates "HTTP/1.1 409 Conflict"
2025-05-02 09:11:04,357 - telegram.ext.Updater - ERROR - Error while getting Updates: Conflict: terminated by other getUpdates request; make sure that only one bot instance is running
2025-05-02 09:11:04,358 - utils - ERROR - Update None caused error Conflict: terminated by other getUpdates request; make sure that only one bot instance is running
2025-05-02 09:11:06,465 - httpx - INFO - HTTP Request: POST https://api.telegram.org/bot8071076420:AAFzeBp37IfwX-_JYHoH51WKyhnF9NgHlvY/getUpdates "HTTP/1.1 200 OK"
2025-05-02 09:11:06,782 - httpx - INFO - HTTP Request: POST https://api.telegram.org/bot8071076420:AAFzeBp37IfwX-_JYHoH51WKyhnF9NgHlvY/sendMessage "HTTP/1.1 400 Bad Request"
2025-05-02 09:11:06,886 - httpx - INFO - HTTP Request: POST https://api.telegram.org/bot8071076420:AAFzeBp37IfwX-_JYHoH51WKyhnF9NgHlvY/sendMessage "HTTP/1.1 400 Bad Request"
2025-05-02 09:11:06,888 - utils - ERROR - Update Update(message=Message(channel_chat_created=False, chat=Chat(first_name='1916 SOEG 빛', id=1159603709, type=<ChatType.PRIVATE>, username='Soeg1916'), date=datetime.datetime(2025, 5, 2, 9, 11, 6, tzinfo=datetime.timezone.utc), delete_chat_photo=False, entities=(MessageEntity(length=11, offset=0, type=<MessageEntityType.BOT_COMMAND>),), from_user=User(first_name='1916 SOEG 빛', id=1159603709, is_bot=False, is_premium=True, language_code='en', username='Soeg1916'), group_chat_created=False, message_id=205, supergroup_chat_created=False, text='/admin_list'), update_id=474554132) caused error Can't parse entities: can't find end of the entity starting at byte offset 237
2025-05-02 09:11:07,017 - httpx - INFO - HTTP Request: POST https://api.telegram.org/bot8071076420:AAFzeBp37IfwX-_JYHoH51WKyhnF9NgHlvY/sendMessage "HTTP/1.1 200 OK"
2025-05-02 09:11:07,841 - httpx - INFO - HTTP Request: POST https://api.telegram.org/bot8071076420:AAFzeBp37IfwX-_JYHoH51WKyhnF9NgHlvY/getUpdates "HTTP/1.1 409 Conflict"
2025-05-02 09:11:07,841 - telegram.ext.Updater - ERROR - Error while getting Updates: Conflict: terminated by other getUpdates request; make sure that only one bot instance is running
2025-05-02 09:11:07,842 - utils - ERROR - Update None caused error Conflict: terminated by other getUpdates request; make sure that only one bot instance is running
2025-05-02 09:11:08,296 - httpx - INFO - HTTP Request: POST https://api.telegram.org/bot8071076420:AAFzeBp37IfwX-_JYHoH51WKyhnF9NgHlvY/getUpdates "HTTP/1.1 409 Conflict"
2025-05-02 09:11:08,297 - telegram.ext.Updater - ERROR - Error while getting Updates: Conflict: terminated by other getUpdates request; make sure that only one bot instance is running
2025-05-02 09:11:08,297 - utils - ERROR - Update None caused error Conflict: terminated by other getUpdates request; make sure that only one bot instance is running
2025-05-02 09:11:11,948 - httpx - INFO - HTTP Request: POST https://api.telegram.org/bot8071076420:AAFzeBp37IfwX-_JYHoH51WKyhnF9NgHlvY/getUpdates "HTTP/1.1 409 Conflict"
2025-05-02 09:11:11,949 - telegram.ext.Updater - ERROR - Error while getting Updates: Conflict: terminated by other getUpdates request; make sure that only one bot instance is running
2025-05-02 09:11:11,949 - utils - ERROR - Update None caused error Conflict: terminated by other getUpdates request; make sure that only one bot instance is running
2025-05-02 09:11:17,338 - httpx - INFO - HTTP Request: POST https://api.telegram.org/bot8071076420:AAFzeBp37IfwX-_JYHoH51WKyhnF9NgHlvY/getUpdates "HTTP/1.1 409 Conflict"
2025-05-02 09:11:17,339 - telegram.ext.Updater - ERROR - Error while getting Updates: Conflict: terminated by other getUpdates request; make sure that only one bot instance is running
2025-05-02 09:11:17,339 - utils - ERROR - Update None caused error Conflict: terminated by other getUpdates request; make sure that only one bot instance is running
2025-05-02 09:11:21,944 - httpx - INFO - HTTP Request: POST https://api.telegram.org/bot8071076420:AAFzeBp37IfwX-_JYHoH51WKyhnF9NgHlvY/getUpdates "HTTP/1.1 409 Conflict"
2025-05-02 09:11:21,945 - telegram.ext.Updater - ERROR - Error while getting Updates: Conflict: terminated by other getUpdates request; make sure that only one bot instance is running
2025-05-02 09:11:21,945 - utils - ERROR - Update None caused error Conflict: terminated by other getUpdates request; make sure that only one bot instance is running
2025-05-02 09:11:28,946 - httpx - INFO - HTTP Request: POST https://api.telegram.org/bot8071076420:AAFzeBp37IfwX-_JYHoH51WKyhnF9NgHlvY/getUpdates "HTTP/1.1 200 OK"
2025-05-02 09:11:29,869 - httpx - INFO - HTTP Request: POST https://api.telegram.org/bot8071076420:AAFzeBp37IfwX-_JYHoH51WKyhnF9NgHlvY/getUpdates "HTTP/1.1 409 Conflict"
2025-05-02 09:11:29,870 - telegram.ext.Updater - ERROR - Error while getting Updates: Conflict: terminated by other getUpdates request; make sure that only one bot instance is running
2025-05-02 09:11:29,870 - utils - ERROR - Update None caused error Conflict: terminated by other getUpdates request; make sure that only one bot instance is running
2025-05-02 09:11:33,976 - httpx - INFO - HTTP Request: POST https://api.telegram.org/bot8071076420:AAFzeBp37IfwX-_JYHoH51WKyhnF9NgHlvY/getUpdates "HTTP/1.1 409 Conflict"
2025-05-02 09:11:33,977 - telegram.ext.Updater - ERROR - Error while getting Updates: Conflict: terminated by other getUpdates request; make sure that only one bot instance is running
2025-05-02 09:11:33,978 - utils - ERROR - Update None caused error Conflict: terminated by other getUpdates request; make sure that only one bot instance is running
2025-05-02 09:11:38,638 - httpx - INFO - HTTP Request: POST https://api.telegram.org/bot8071076420:AAFzeBp37IfwX-_JYHoH51WKyhnF9NgHlvY/getUpdates "HTTP/1.1 409 Conflict"
2025-05-02 09:11:38,639 - telegram.ext.Updater - ERROR - Error while getting Updates: Conflict: terminated by other getUpdates request; make sure that only one bot instance is running
2025-05-02 09:11:38,639 - utils - ERROR - Update None caused error Conflict: terminated by other getUpdates request; make sure that only one bot instance is running
2025-05-02 09:11:43,244 - httpx - INFO - HTTP Request: POST https://api.telegram.org/bot8071076420:AAFzeBp37IfwX-_JYHoH51WKyhnF9NgHlvY/getUpdates "HTTP/1.1 409 Conflict"
2025-05-02 09:11:43,245 - telegram.ext.Updater - ERROR - Error while getting Updates: Conflict: terminated by other getUpdates request; make sure that only one bot instance is running
2025-05-02 09:11:43,246 - utils - ERROR - Update None caused error Conflict: terminated by other getUpdates request; make sure that only one bot instance is running
2025-05-02 09:11:45,695 - httpx - INFO - HTTP Request: POST https://api.telegram.org/bot8071076420:AAFzeBp37IfwX-_JYHoH51WKyhnF9NgHlvY/getUpdates "HTTP/1.1 409 Conflict"
2025-05-02 09:11:45,696 - telegram.ext.Updater - ERROR - Error while getting Updates: Conflict: terminated by other getUpdates request; make sure that only one bot instance is running
2025-05-02 09:11:45,696 - utils - ERROR - Update None caused error Conflict: terminated by other getUpdates request; make sure that only one bot instance is running
2025-05-02 09:11:51,053 - httpx - INFO - HTTP Request: POST https://api.telegram.org/bot8071076420:AAFzeBp37IfwX-_JYHoH51WKyhnF9NgHlvY/getUpdates "HTTP/1.1 409 Conflict"
2025-05-02 09:11:51,054 - telegram.ext.Updater - ERROR - Error while getting Updates: Conflict: terminated by other getUpdates request; make sure that only one bot instance is running
2025-05-02 09:11:51,054 - utils - ERROR - Update None caused error Conflict: terminated by other getUpdates request; make sure that only one bot instance is running
2025-05-02 09:11:58,053 - httpx - INFO - HTTP Request: POST https://api.telegram.org/bot8071076420:AAFzeBp37IfwX-_JYHoH51WKyhnF9NgHlvY/getUpdates "HTTP/1.1 200 OK"
2025-05-02 09:12:08,158 - httpx - INFO - HTTP Request: POST https://api.telegram.org/bot8071076420:AAFzeBp37IfwX-_JYHoH51WKyhnF9NgHlvY/getUpdates "HTTP/1.1 200 OK"
2025-05-02 09:12:08,474 - httpx - INFO - HTTP Request: POST https://api.telegram.org/bot8071076420:AAFzeBp37IfwX-_JYHoH51WKyhnF9NgHlvY/getUpdates "HTTP/1.1 409 Conflict"
2025-05-02 09:12:08,475 - telegram.ext.Updater - ERROR - Error while getting Updates: Conflict: terminated by other getUpdates request; make sure that only one bot instance is running
2025-05-02 09:12:08,475 - utils - ERROR - Update None caused error Conflict: terminated by other getUpdates request; make sure that only one bot instance is running
2025-05-02 09:12:12,580 - httpx - INFO - HTTP Request: POST https://api.telegram.org/bot8071076420:AAFzeBp37IfwX-_JYHoH51WKyhnF9NgHlvY/getUpdates "HTTP/1.1 409 Conflict"
2025-05-02 09:12:12,581 - telegram.ext.Updater - ERROR - Error while getting Updates: Conflict: terminated by other getUpdates request; make sure that only one bot instance is running
2025-05-02 09:12:12,581 - utils - ERROR - Update None caused error Conflict: terminated by other getUpdates request; make sure that only one bot instance is running
2025-05-02 09:12:13,590 - httpx - INFO - HTTP Request: POST https://api.telegram.org/bot8071076420:AAFzeBp37IfwX-_JYHoH51WKyhnF9NgHlvY/getUpdates "HTTP/1.1 409 Conflict"
2025-05-02 09:12:13,591 - telegram.ext.Updater - ERROR - Error while getting Updates: Conflict: terminated by other getUpdates request; make sure that only one bot instance is running
2025-05-02 09:12:13,591 - utils - ERROR - Update None caused error Conflict: terminated by other getUpdates request; make sure that only one bot instance is running
2025-05-02 09:12:18,197 - httpx - INFO - HTTP Request: POST https://api.telegram.org/bot8071076420:AAFzeBp37IfwX-_JYHoH51WKyhnF9NgHlvY/getUpdates "HTTP/1.1 409 Conflict"
2025-05-02 09:12:18,199 - telegram.ext.Updater - ERROR - Error while getting Updates: Conflict: terminated by other getUpdates request; make sure that only one bot instance is running
2025-05-02 09:12:18,201 - utils - ERROR - Update None caused error Conflict: terminated by other getUpdates request; make sure that only one bot instance is running
2025-05-02 09:12:22,675 - httpx - INFO - HTTP Request: POST https://api.telegram.org/bot8071076420:AAFzeBp37IfwX-_JYHoH51WKyhnF9NgHlvY/getUpdates "HTTP/1.1 200 OK"
2025-05-02 09:12:22,676 - telegram.ext.Application - INFO - Application is stopping. This might take a moment.
2025-05-02 09:12:22,676 - telegram.ext.Application - INFO - Application.stop() complete
2025-05-02 09:12:25,189 - root - ERROR - Health check server error: [Errno 98] Address already in use
2025-05-02 09:12:25,197 - httpx - INFO - HTTP Request: POST https://api.telegram.org/bot8071076420:AAFzeBp37IfwX-_JYHoH51WKyhnF9NgHlvY/getUpdates "HTTP/1.1 200 OK"
2025-05-02 09:12:25,219 - root - INFO - Bot started!
2025-05-02 09:12:25,547 - httpx - INFO - HTTP Request: POST https://api.telegram.org/bot8071076420:AAFzeBp37IfwX-_JYHoH51WKyhnF9NgHlvY/getMe "HTTP/1.1 200 OK"
2025-05-02 09:12:25,652 - httpx - INFO - HTTP Request: POST https://api.telegram.org/bot8071076420:AAFzeBp37IfwX-_JYHoH51WKyhnF9NgHlvY/getMe "HTTP/1.1 200 OK"
2025-05-02 09:12:25,653 - root - INFO - Bot username saved to environment: Character0_a1_bot
2025-05-02 09:12:25,757 - httpx - INFO - HTTP Request: POST https://api.telegram.org/bot8071076420:AAFzeBp37IfwX-_JYHoH51WKyhnF9NgHlvY/deleteWebhook "HTTP/1.1 200 OK"
2025-05-02 09:12:25,758 - telegram.ext.Application - INFO - Application started
2025-05-02 09:12:26,081 - httpx - INFO - HTTP Request: POST https://api.telegram.org/bot8071076420:AAFzeBp37IfwX-_JYHoH51WKyhnF9NgHlvY/getUpdates "HTTP/1.1 409 Conflict"
2025-05-02 09:12:26,082 - telegram.ext.Updater - ERROR - Error while getting Updates: Conflict: terminated by other getUpdates request; make sure that only one bot instance is running
2025-05-02 09:12:26,082 - utils - ERROR - Update None caused error Conflict: terminated by other getUpdates request; make sure that only one bot instance is running
2025-05-02 09:12:30,192 - httpx - INFO - HTTP Request: POST https://api.telegram.org/bot8071076420:AAFzeBp37IfwX-_JYHoH51WKyhnF9NgHlvY/getUpdates "HTTP/1.1 409 Conflict"
2025-05-02 09:12:30,192 - telegram.ext.Updater - ERROR - Error while getting Updates: Conflict: terminated by other getUpdates request; make sure that only one bot instance is running
2025-05-02 09:12:30,193 - utils - ERROR - Update None caused error Conflict: terminated by other getUpdates request; make sure that only one bot instance is running
2025-05-02 09:12:31,299 - httpx - INFO - HTTP Request: POST https://api.telegram.org/bot8071076420:AAFzeBp37IfwX-_JYHoH51WKyhnF9NgHlvY/getUpdates "HTTP/1.1 409 Conflict"
2025-05-02 09:12:31,300 - telegram.ext.Updater - ERROR - Error while getting Updates: Conflict: terminated by other getUpdates request; make sure that only one bot instance is running
2025-05-02 09:12:31,300 - utils - ERROR - Update None caused error Conflict: terminated by other getUpdates request; make sure that only one bot instance is running
2025-05-02 09:12:35,911 - httpx - INFO - HTTP Request: POST https://api.telegram.org/bot8071076420:AAFzeBp37IfwX-_JYHoH51WKyhnF9NgHlvY/getUpdates "HTTP/1.1 409 Conflict"
2025-05-02 09:12:35,912 - telegram.ext.Updater - ERROR - Error while getting Updates: Conflict: terminated by other getUpdates request; make sure that only one bot instance is running
2025-05-02 09:12:35,912 - utils - ERROR - Update None caused error Conflict: terminated by other getUpdates request; make sure that only one bot instance is running
2025-05-02 09:12:37,534 - httpx - INFO - HTTP Request: POST https://api.telegram.org/bot8071076420:AAFzeBp37IfwX-_JYHoH51WKyhnF9NgHlvY/getUpdates "HTTP/1.1 409 Conflict"
2025-05-02 09:12:37,535 - telegram.ext.Updater - ERROR - Error while getting Updates: Conflict: terminated by other getUpdates request; make sure that only one bot instance is running
2025-05-02 09:12:37,536 - utils - ERROR - Update None caused error Conflict: terminated by other getUpdates request; make sure that only one bot instance is running
2025-05-02 09:12:42,894 - httpx - INFO - HTTP Request: POST https://api.telegram.org/bot8071076420:AAFzeBp37IfwX-_JYHoH51WKyhnF9NgHlvY/getUpdates "HTTP/1.1 409 Conflict"
2025-05-02 09:12:42,896 - telegram.ext.Updater - ERROR - Error while getting Updates: Conflict: terminated by other getUpdates request; make sure that only one bot instance is running
2025-05-02 09:12:42,896 - utils - ERROR - Update None caused error Conflict: terminated by other getUpdates request; make sure that only one bot instance is running
2025-05-02 09:12:45,253 - httpx - INFO - HTTP Request: POST https://api.telegram.org/bot8071076420:AAFzeBp37IfwX-_JYHoH51WKyhnF9NgHlvY/getUpdates "HTTP/1.1 409 Conflict"
2025-05-02 09:12:45,253 - telegram.ext.Updater - ERROR - Error while getting Updates: Conflict: terminated by other getUpdates request; make sure that only one bot instance is running
2025-05-02 09:12:45,254 - utils - ERROR - Update None caused error Conflict: terminated by other getUpdates request; make sure that only one bot instance is running
2025-05-02 09:12:48,938 - httpx - INFO - HTTP Request: POST https://api.telegram.org/bot8071076420:AAFzeBp37IfwX-_JYHoH51WKyhnF9NgHlvY/getUpdates "HTTP/1.1 409 Conflict"
2025-05-02 09:12:48,939 - telegram.ext.Updater - ERROR - Error while getting Updates: Conflict: terminated by other getUpdates request; make sure that only one bot instance is running
2025-05-02 09:12:48,939 - utils - ERROR - Update None caused error Conflict: terminated by other getUpdates request; make sure that only one bot instance is running
2025-05-02 09:12:51,067 - root - INFO - Health check server started on port 8000
2025-05-02 09:12:51,085 - root - INFO - Bot started!
2025-05-02 09:12:51,407 - httpx - INFO - HTTP Request: POST https://api.telegram.org/bot8071076420:AAFzeBp37IfwX-_JYHoH51WKyhnF9NgHlvY/getMe "HTTP/1.1 200 OK"
2025-05-02 09:12:51,518 - httpx - INFO - HTTP Request: POST https://api.telegram.org/bot8071076420:AAFzeBp37IfwX-_JYHoH51WKyhnF9NgHlvY/getMe "HTTP/1.1 200 OK"
2025-05-02 09:12:51,518 - root - INFO - Bot username saved to environment: Character0_a1_bot
2025-05-02 09:12:51,624 - httpx - INFO - HTTP Request: POST https://api.telegram.org/bot8071076420:AAFzeBp37IfwX-_JYHoH51WKyhnF9NgHlvY/deleteWebhook "HTTP/1.1 200 OK"
2025-05-02 09:12:51,626 - telegram.ext.Application - INFO - Application started
2025-05-02 09:12:51,939 - httpx - INFO - HTTP Request: POST https://api.telegram.org/bot8071076420:AAFzeBp37IfwX-_JYHoH51WKyhnF9NgHlvY/getUpdates "HTTP/1.1 409 Conflict"
2025-05-02 09:12:51,940 - telegram.ext.Updater - ERROR - Error while getting Updates: Conflict: terminated by other getUpdates request; make sure that only one bot instance is running
2025-05-02 09:12:51,940 - utils - ERROR - Update None caused error Conflict: terminated by other getUpdates request; make sure that only one bot instance is running
2025-05-02 09:12:55,423 - httpx - INFO - HTTP Request: POST https://api.telegram.org/bot8071076420:AAFzeBp37IfwX-_JYHoH51WKyhnF9NgHlvY/getUpdates "HTTP/1.1 409 Conflict"
2025-05-02 09:12:55,424 - telegram.ext.Updater - ERROR - Error while getting Updates: Conflict: terminated by other getUpdates request; make sure that only one bot instance is running
2025-05-02 09:12:55,424 - utils - ERROR - Update None caused error Conflict: terminated by other getUpdates request; make sure that only one bot instance is running
2025-05-02 09:12:56,531 - httpx - INFO - HTTP Request: POST https://api.telegram.org/bot8071076420:AAFzeBp37IfwX-_JYHoH51WKyhnF9NgHlvY/getUpdates "HTTP/1.1 409 Conflict"
2025-05-02 09:12:56,531 - telegram.ext.Updater - ERROR - Error while getting Updates: Conflict: terminated by other getUpdates request; make sure that only one bot instance is running
2025-05-02 09:12:56,531 - utils - ERROR - Update None caused error Conflict: terminated by other getUpdates request; make sure that only one bot instance is running
2025-05-02 09:13:00,329 - httpx - INFO - HTTP Request: POST https://api.telegram.org/bot8071076420:AAFzeBp37IfwX-_JYHoH51WKyhnF9NgHlvY/getUpdates "HTTP/1.1 409 Conflict"
2025-05-02 09:13:00,330 - telegram.ext.Updater - ERROR - Error while getting Updates: Conflict: terminated by other getUpdates request; make sure that only one bot instance is running
2025-05-02 09:13:00,330 - utils - ERROR - Update None caused error Conflict: terminated by other getUpdates request; make sure that only one bot instance is running
2025-05-02 09:13:01,918 - httpx - INFO - HTTP Request: POST https://api.telegram.org/bot8071076420:AAFzeBp37IfwX-_JYHoH51WKyhnF9NgHlvY/getUpdates "HTTP/1.1 409 Conflict"
2025-05-02 09:13:01,919 - telegram.ext.Updater - ERROR - Error while getting Updates: Conflict: terminated by other getUpdates request; make sure that only one bot instance is running
2025-05-02 09:13:01,919 - utils - ERROR - Update None caused error Conflict: terminated by other getUpdates request; make sure that only one bot instance is running
2025-05-02 09:13:04,936 - httpx - INFO - HTTP Request: POST https://api.telegram.org/bot8071076420:AAFzeBp37IfwX-_JYHoH51WKyhnF9NgHlvY/getUpdates "HTTP/1.1 409 Conflict"
2025-05-02 09:13:04,937 - telegram.ext.Updater - ERROR - Error while getting Updates: Conflict: terminated by other getUpdates request; make sure that only one bot instance is running
2025-05-02 09:13:04,937 - utils - ERROR - Update None caused error Conflict: terminated by other getUpdates request; make sure that only one bot instance is running
2025-05-02 09:13:08,796 - httpx - INFO - HTTP Request: POST https://api.telegram.org/bot8071076420:AAFzeBp37IfwX-_JYHoH51WKyhnF9NgHlvY/getUpdates "HTTP/1.1 200 OK"
2025-05-02 09:13:09,136 - httpx - INFO - HTTP Request: POST https://api.telegram.org/bot8071076420:AAFzeBp37IfwX-_JYHoH51WKyhnF9NgHlvY/sendMessage "HTTP/1.1 200 OK"
2025-05-02 09:13:09,279 - httpx - INFO - HTTP Request: POST https://api.telegram.org/bot8071076420:AAFzeBp37IfwX-_JYHoH51WKyhnF9NgHlvY/sendMessage "HTTP/1.1 200 OK"
2025-05-02 09:13:09,406 - httpx - INFO - HTTP Request: POST https://api.telegram.org/bot8071076420:AAFzeBp37IfwX-_JYHoH51WKyhnF9NgHlvY/sendMessage "HTTP/1.1 200 OK"
2025-05-02 09:13:09,533 - httpx - INFO - HTTP Request: POST https://api.telegram.org/bot8071076420:AAFzeBp37IfwX-_JYHoH51WKyhnF9NgHlvY/sendMessage "HTTP/1.1 200 OK"
2025-05-02 09:13:09,840 - httpx - INFO - HTTP Request: POST https://api.telegram.org/bot8071076420:AAFzeBp37IfwX-_JYHoH51WKyhnF9NgHlvY/getUpdates "HTTP/1.1 409 Conflict"
2025-05-02 09:13:09,841 - telegram.ext.Updater - ERROR - Error while getting Updates: Conflict: terminated by other getUpdates request; make sure that only one bot instance is running
2025-05-02 09:13:09,841 - utils - ERROR - Update None caused error Conflict: terminated by other getUpdates request; make sure that only one bot instance is running
2025-05-02 09:13:12,851 - httpx - INFO - HTTP Request: POST https://api.telegram.org/bot8071076420:AAFzeBp37IfwX-_JYHoH51WKyhnF9NgHlvY/getUpdates "HTTP/1.1 409 Conflict"
2025-05-02 09:13:12,852 - telegram.ext.Updater - ERROR - Error while getting Updates: Conflict: terminated by other getUpdates request; make sure that only one bot instance is running
2025-05-02 09:13:12,852 - utils - ERROR - Update None caused error Conflict: terminated by other getUpdates request; make sure that only one bot instance is running
2025-05-02 09:13:13,955 - httpx - INFO - HTTP Request: POST https://api.telegram.org/bot8071076420:AAFzeBp37IfwX-_JYHoH51WKyhnF9NgHlvY/getUpdates "HTTP/1.1 409 Conflict"
2025-05-02 09:13:13,957 - telegram.ext.Updater - ERROR - Error while getting Updates: Conflict: terminated by other getUpdates request; make sure that only one bot instance is running
2025-05-02 09:13:13,959 - utils - ERROR - Update None caused error Conflict: terminated by other getUpdates request; make sure that only one bot instance is running
2025-05-02 09:13:17,457 - httpx - INFO - HTTP Request: POST https://api.telegram.org/bot8071076420:AAFzeBp37IfwX-_JYHoH51WKyhnF9NgHlvY/getUpdates "HTTP/1.1 409 Conflict"
2025-05-02 09:13:17,458 - telegram.ext.Updater - ERROR - Error while getting Updates: Conflict: terminated by other getUpdates request; make sure that only one bot instance is running
2025-05-02 09:13:17,458 - utils - ERROR - Update None caused error Conflict: terminated by other getUpdates request; make sure that only one bot instance is running
2025-05-02 09:13:24,459 - httpx - INFO - HTTP Request: POST https://api.telegram.org/bot8071076420:AAFzeBp37IfwX-_JYHoH51WKyhnF9NgHlvY/getUpdates "HTTP/1.1 200 OK"
2025-05-02 09:13:25,677 - httpx - INFO - HTTP Request: POST https://api.telegram.org/bot8071076420:AAFzeBp37IfwX-_JYHoH51WKyhnF9NgHlvY/getUpdates "HTTP/1.1 409 Conflict"
2025-05-02 09:13:25,678 - telegram.ext.Updater - ERROR - Error while getting Updates: Conflict: terminated by other getUpdates request; make sure that only one bot instance is running
2025-05-02 09:13:25,678 - utils - ERROR - Update None caused error Conflict: terminated by other getUpdates request; make sure that only one bot instance is running
2025-05-02 09:13:29,174 - httpx - INFO - HTTP Request: POST https://api.telegram.org/bot8071076420:AAFzeBp37IfwX-_JYHoH51WKyhnF9NgHlvY/getUpdates "HTTP/1.1 409 Conflict"
2025-05-02 09:13:29,175 - telegram.ext.Updater - ERROR - Error while getting Updates: Conflict: terminated by other getUpdates request; make sure that only one bot instance is running
2025-05-02 09:13:29,175 - utils - ERROR - Update None caused error Conflict: terminated by other getUpdates request; make sure that only one bot instance is running
2025-05-02 09:13:29,790 - httpx - INFO - HTTP Request: POST https://api.telegram.org/bot8071076420:AAFzeBp37IfwX-_JYHoH51WKyhnF9NgHlvY/getUpdates "HTTP/1.1 409 Conflict"
2025-05-02 09:13:29,791 - telegram.ext.Updater - ERROR - Error while getting Updates: Conflict: terminated by other getUpdates request; make sure that only one bot instance is running
2025-05-02 09:13:29,791 - utils - ERROR - Update None caused error Conflict: terminated by other getUpdates request; make sure that only one bot instance is running
2025-05-02 09:13:33,780 - httpx - INFO - HTTP Request: POST https://api.telegram.org/bot8071076420:AAFzeBp37IfwX-_JYHoH51WKyhnF9NgHlvY/getUpdates "HTTP/1.1 409 Conflict"
2025-05-02 09:13:33,781 - telegram.ext.Updater - ERROR - Error while getting Updates: Conflict: terminated by other getUpdates request; make sure that only one bot instance is running
2025-05-02 09:13:33,781 - utils - ERROR - Update None caused error Conflict: terminated by other getUpdates request; make sure that only one bot instance is running
2025-05-02 09:13:38,015 - httpx - INFO - HTTP Request: POST https://api.telegram.org/bot8071076420:AAFzeBp37IfwX-_JYHoH51WKyhnF9NgHlvY/getUpdates "HTTP/1.1 200 OK"
2025-05-02 09:13:38,375 - httpx - INFO - HTTP Request: POST https://api.telegram.org/bot8071076420:AAFzeBp37IfwX-_JYHoH51WKyhnF9NgHlvY/sendMessage "HTTP/1.1 200 OK"
2025-05-02 09:13:38,482 - httpx - INFO - HTTP Request: POST https://api.telegram.org/bot8071076420:AAFzeBp37IfwX-_JYHoH51WKyhnF9NgHlvY/sendMessage "HTTP/1.1 400 Bad Request"
2025-05-02 09:13:38,748 - httpx - INFO - HTTP Request: POST https://api.telegram.org/bot8071076420:AAFzeBp37IfwX-_JYHoH51WKyhnF9NgHlvY/sendMessage "HTTP/1.1 200 OK"
2025-05-02 09:13:47,219 - httpx - INFO - HTTP Request: POST https://api.telegram.org/bot8071076420:AAFzeBp37IfwX-_JYHoH51WKyhnF9NgHlvY/getUpdates "HTTP/1.1 409 Conflict"
2025-05-02 09:13:47,219 - telegram.ext.Updater - ERROR - Error while getting Updates: Conflict: terminated by other getUpdates request; make sure that only one bot instance is running
2025-05-02 09:13:47,220 - utils - ERROR - Update None caused error Conflict: terminated by other getUpdates request; make sure that only one bot instance is running
2025-05-02 09:13:51,198 - httpx - INFO - HTTP Request: POST https://api.telegram.org/bot8071076420:AAFzeBp37IfwX-_JYHoH51WKyhnF9NgHlvY/getUpdates "HTTP/1.1 409 Conflict"
2025-05-02 09:13:51,199 - telegram.ext.Updater - ERROR - Error while getting Updates: Conflict: terminated by other getUpdates request; make sure that only one bot instance is running
2025-05-02 09:13:51,199 - utils - ERROR - Update None caused error Conflict: terminated by other getUpdates request; make sure that only one bot instance is running
2025-05-02 09:13:51,325 - httpx - INFO - HTTP Request: POST https://api.telegram.org/bot8071076420:AAFzeBp37IfwX-_JYHoH51WKyhnF9NgHlvY/getUpdates "HTTP/1.1 409 Conflict"
2025-05-02 09:13:51,325 - telegram.ext.Updater - ERROR - Error while getting Updates: Conflict: terminated by other getUpdates request; make sure that only one bot instance is running
2025-05-02 09:13:51,326 - utils - ERROR - Update None caused error Conflict: terminated by other getUpdates request; make sure that only one bot instance is running
2025-05-02 09:13:52,193 - httpx - INFO - HTTP Request: POST https://api.telegram.org/bot8071076420:AAFzeBp37IfwX-_JYHoH51WKyhnF9NgHlvY/getUpdates "HTTP/1.1 200 OK"
2025-05-02 09:13:52,531 - httpx - INFO - HTTP Request: POST https://api.telegram.org/bot8071076420:AAFzeBp37IfwX-_JYHoH51WKyhnF9NgHlvY/sendMessage "HTTP/1.1 200 OK"
2025-05-02 09:13:53,928 - httpx - INFO - HTTP Request: POST https://api.telegram.org/bot8071076420:AAFzeBp37IfwX-_JYHoH51WKyhnF9NgHlvY/getUpdates "HTTP/1.1 200 OK"
2025-05-02 09:13:55,807 - httpx - INFO - HTTP Request: POST https://api.telegram.org/bot8071076420:AAFzeBp37IfwX-_JYHoH51WKyhnF9NgHlvY/getUpdates "HTTP/1.1 409 Conflict"
2025-05-02 09:13:55,808 - telegram.ext.Updater - ERROR - Error while getting Updates: Conflict: terminated by other getUpdates request; make sure that only one bot instance is running
2025-05-02 09:13:55,808 - utils - ERROR - Update None caused error Conflict: terminated by other getUpdates request; make sure that only one bot instance is running
2025-05-02 09:13:56,912 - httpx - INFO - HTTP Request: POST https://api.telegram.org/bot8071076420:AAFzeBp37IfwX-_JYHoH51WKyhnF9NgHlvY/getUpdates "HTTP/1.1 409 Conflict"
2025-05-02 09:13:56,913 - telegram.ext.Updater - ERROR - Error while getting Updates: Conflict: terminated by other getUpdates request; make sure that only one bot instance is running
2025-05-02 09:13:56,913 - utils - ERROR - Update None caused error Conflict: terminated by other getUpdates request; make sure that only one bot instance is running
2025-05-02 09:14:01,018 - httpx - INFO - HTTP Request: POST https://api.telegram.org/bot8071076420:AAFzeBp37IfwX-_JYHoH51WKyhnF9NgHlvY/getUpdates "HTTP/1.1 409 Conflict"
2025-05-02 09:14:01,019 - telegram.ext.Updater - ERROR - Error while getting Updates: Conflict: terminated by other getUpdates request; make sure that only one bot instance is running
2025-05-02 09:14:01,019 - utils - ERROR - Update None caused error Conflict: terminated by other getUpdates request; make sure that only one bot instance is running
2025-05-02 09:14:02,624 - httpx - INFO - HTTP Request: POST https://api.telegram.org/bot8071076420:AAFzeBp37IfwX-_JYHoH51WKyhnF9NgHlvY/getUpdates "HTTP/1.1 409 Conflict"
2025-05-02 09:14:02,625 - telegram.ext.Updater - ERROR - Error while getting Updates: Conflict: terminated by other getUpdates request; make sure that only one bot instance is running
2025-05-02 09:14:02,625 - utils - ERROR - Update None caused error Conflict: terminated by other getUpdates request; make sure that only one bot instance is running
2025-05-02 09:14:07,234 - httpx - INFO - HTTP Request: POST https://api.telegram.org/bot8071076420:AAFzeBp37IfwX-_JYHoH51WKyhnF9NgHlvY/getUpdates "HTTP/1.1 409 Conflict"
2025-05-02 09:14:07,234 - telegram.ext.Updater - ERROR - Error while getting Updates: Conflict: terminated by other getUpdates request; make sure that only one bot instance is running
2025-05-02 09:14:07,234 - utils - ERROR - Update None caused error Conflict: terminated by other getUpdates request; make sure that only one bot instance is running
2025-05-02 09:14:09,590 - httpx - INFO - HTTP Request: POST https://api.telegram.org/bot8071076420:AAFzeBp37IfwX-_JYHoH51WKyhnF9NgHlvY/getUpdates "HTTP/1.1 409 Conflict"
2025-05-02 09:14:09,591 - telegram.ext.Updater - ERROR - Error while getting Updates: Conflict: terminated by other getUpdates request; make sure that only one bot instance is running
2025-05-02 09:14:09,591 - utils - ERROR - Update None caused error Conflict: terminated by other getUpdates request; make sure that only one bot instance is running
2025-05-02 09:14:15,021 - httpx - INFO - HTTP Request: POST https://api.telegram.org/bot8071076420:AAFzeBp37IfwX-_JYHoH51WKyhnF9NgHlvY/getUpdates "HTTP/1.1 409 Conflict"
2025-05-02 09:14:15,022 - telegram.ext.Updater - ERROR - Error while getting Updates: Conflict: terminated by other getUpdates request; make sure that only one bot instance is running
2025-05-02 09:14:15,022 - utils - ERROR - Update None caused error Conflict: terminated by other getUpdates request; make sure that only one bot instance is running
2025-05-02 09:14:17,293 - httpx - INFO - HTTP Request: POST https://api.telegram.org/bot8071076420:AAFzeBp37IfwX-_JYHoH51WKyhnF9NgHlvY/getUpdates "HTTP/1.1 409 Conflict"
2025-05-02 09:14:17,294 - telegram.ext.Updater - ERROR - Error while getting Updates: Conflict: terminated by other getUpdates request; make sure that only one bot instance is running
2025-05-02 09:14:17,295 - utils - ERROR - Update None caused error Conflict: terminated by other getUpdates request; make sure that only one bot instance is running
2025-05-02 09:14:20,780 - httpx - INFO - HTTP Request: POST https://api.telegram.org/bot8071076420:AAFzeBp37IfwX-_JYHoH51WKyhnF9NgHlvY/getUpdates "HTTP/1.1 409 Conflict"
2025-05-02 09:14:20,780 - telegram.ext.Updater - ERROR - Error while getting Updates: Conflict: terminated by other getUpdates request; make sure that only one bot instance is running
2025-05-02 09:14:20,780 - utils - ERROR - Update None caused error Conflict: terminated by other getUpdates request; make sure that only one bot instance is running
2025-05-02 09:14:21,505 - httpx - INFO - HTTP Request: POST https://api.telegram.org/bot8071076420:AAFzeBp37IfwX-_JYHoH51WKyhnF9NgHlvY/getUpdates "HTTP/1.1 409 Conflict"
2025-05-02 09:14:21,506 - telegram.ext.Updater - ERROR - Error while getting Updates: Conflict: terminated by other getUpdates request; make sure that only one bot instance is running
2025-05-02 09:14:21,506 - utils - ERROR - Update None caused error Conflict: terminated by other getUpdates request; make sure that only one bot instance is running
2025-05-02 09:14:26,161 - httpx - INFO - HTTP Request: POST https://api.telegram.org/bot8071076420:AAFzeBp37IfwX-_JYHoH51WKyhnF9NgHlvY/getUpdates "HTTP/1.1 409 Conflict"
2025-05-02 09:14:26,162 - telegram.ext.Updater - ERROR - Error while getting Updates: Conflict: terminated by other getUpdates request; make sure that only one bot instance is running
2025-05-02 09:14:26,163 - utils - ERROR - Update None caused error Conflict: terminated by other getUpdates request; make sure that only one bot instance is running
2025-05-02 09:14:31,556 - httpx - INFO - HTTP Request: POST https://api.telegram.org/bot8071076420:AAFzeBp37IfwX-_JYHoH51WKyhnF9NgHlvY/getUpdates "HTTP/1.1 409 Conflict"
2025-05-02 09:14:31,557 - telegram.ext.Updater - ERROR - Error while getting Updates: Conflict: terminated by other getUpdates request; make sure that only one bot instance is running
2025-05-02 09:14:31,557 - utils - ERROR - Update None caused error Conflict: terminated by other getUpdates request; make sure that only one bot instance is running
2025-05-02 09:14:39,580 - httpx - INFO - HTTP Request: POST https://api.telegram.org/bot8071076420:AAFzeBp37IfwX-_JYHoH51WKyhnF9NgHlvY/getUpdates "HTTP/1.1 409 Conflict"
2025-05-02 09:14:39,581 - telegram.ext.Updater - ERROR - Error while getting Updates: Conflict: terminated by other getUpdates request; make sure that only one bot instance is running
2025-05-02 09:14:39,581 - utils - ERROR - Update None caused error Conflict: terminated by other getUpdates request; make sure that only one bot instance is running
2025-05-02 09:14:45,700 - httpx - INFO - HTTP Request: POST https://api.telegram.org/bot8071076420:AAFzeBp37IfwX-_JYHoH51WKyhnF9NgHlvY/getUpdates "HTTP/1.1 200 OK"
2025-05-02 09:14:45,701 - telegram.ext.Application - INFO - Application is stopping. This might take a moment.
2025-05-02 09:14:45,701 - telegram.ext.Application - INFO - Application.stop() complete
2025-05-02 09:14:47,498 - httpx - INFO - HTTP Request: POST https://api.telegram.org/bot8071076420:AAFzeBp37IfwX-_JYHoH51WKyhnF9NgHlvY/getUpdates "HTTP/1.1 409 Conflict"
2025-05-02 09:14:47,498 - telegram.ext.Updater - ERROR - Error while getting Updates: Conflict: terminated by other getUpdates request; make sure that only one bot instance is running
2025-05-02 09:14:47,499 - utils - ERROR - Update None caused error Conflict: terminated by other getUpdates request; make sure that only one bot instance is running
2025-05-02 09:14:48,343 - root - ERROR - Health check server error: [Errno 98] Address already in use
2025-05-02 09:14:48,360 - root - INFO - Bot started!
2025-05-02 09:14:48,679 - httpx - INFO - HTTP Request: POST https://api.telegram.org/bot8071076420:AAFzeBp37IfwX-_JYHoH51WKyhnF9NgHlvY/getMe "HTTP/1.1 200 OK"
2025-05-02 09:14:48,784 - httpx - INFO - HTTP Request: POST https://api.telegram.org/bot8071076420:AAFzeBp37IfwX-_JYHoH51WKyhnF9NgHlvY/getMe "HTTP/1.1 200 OK"
2025-05-02 09:14:48,784 - root - INFO - Bot username saved to environment: Character0_a1_bot
2025-05-02 09:14:48,888 - httpx - INFO - HTTP Request: POST https://api.telegram.org/bot8071076420:AAFzeBp37IfwX-_JYHoH51WKyhnF9NgHlvY/deleteWebhook "HTTP/1.1 200 OK"
2025-05-02 09:14:48,890 - telegram.ext.Application - INFO - Application started
2025-05-02 09:14:52,203 - httpx - INFO - HTTP Request: POST https://api.telegram.org/bot8071076420:AAFzeBp37IfwX-_JYHoH51WKyhnF9NgHlvY/getUpdates "HTTP/1.1 409 Conflict"
2025-05-02 09:14:52,204 - telegram.ext.Updater - ERROR - Error while getting Updates: Conflict: terminated by other getUpdates request; make sure that only one bot instance is running
2025-05-02 09:14:52,204 - utils - ERROR - Update None caused error Conflict: terminated by other getUpdates request; make sure that only one bot instance is running
2025-05-02 09:14:59,204 - httpx - INFO - HTTP Request: POST https://api.telegram.org/bot8071076420:AAFzeBp37IfwX-_JYHoH51WKyhnF9NgHlvY/getUpdates "HTTP/1.1 200 OK"
2025-05-02 09:14:59,309 - httpx - INFO - HTTP Request: POST https://api.telegram.org/bot8071076420:AAFzeBp37IfwX-_JYHoH51WKyhnF9NgHlvY/getUpdates "HTTP/1.1 409 Conflict"
2025-05-02 09:14:59,310 - telegram.ext.Updater - ERROR - Error while getting Updates: Conflict: terminated by other getUpdates request; make sure that only one bot instance is running
2025-05-02 09:14:59,310 - utils - ERROR - Update None caused error Conflict: terminated by other getUpdates request; make sure that only one bot instance is running
2025-05-02 09:15:03,921 - httpx - INFO - HTTP Request: POST https://api.telegram.org/bot8071076420:AAFzeBp37IfwX-_JYHoH51WKyhnF9NgHlvY/getUpdates "HTTP/1.1 409 Conflict"
2025-05-02 09:15:03,923 - telegram.ext.Updater - ERROR - Error while getting Updates: Conflict: terminated by other getUpdates request; make sure that only one bot instance is running
2025-05-02 09:15:03,923 - utils - ERROR - Update None caused error Conflict: terminated by other getUpdates request; make sure that only one bot instance is running
2025-05-02 09:15:08,034 - httpx - INFO - HTTP Request: POST https://api.telegram.org/bot8071076420:AAFzeBp37IfwX-_JYHoH51WKyhnF9NgHlvY/getUpdates "HTTP/1.1 409 Conflict"
2025-05-02 09:15:08,035 - telegram.ext.Updater - ERROR - Error while getting Updates: Conflict: terminated by other getUpdates request; make sure that only one bot instance is running
2025-05-02 09:15:08,035 - utils - ERROR - Update None caused error Conflict: terminated by other getUpdates request; make sure that only one bot instance is running
2025-05-02 09:15:15,032 - httpx - INFO - HTTP Request: POST https://api.telegram.org/bot8071076420:AAFzeBp37IfwX-_JYHoH51WKyhnF9NgHlvY/getUpdates "HTTP/1.1 200 OK"
2025-05-02 09:15:16,727 - httpx - INFO - HTTP Request: POST https://api.telegram.org/bot8071076420:AAFzeBp37IfwX-_JYHoH51WKyhnF9NgHlvY/getUpdates "HTTP/1.1 409 Conflict"
2025-05-02 09:15:16,728 - telegram.ext.Updater - ERROR - Error while getting Updates: Conflict: terminated by other getUpdates request; make sure that only one bot instance is running
2025-05-02 09:15:16,728 - utils - ERROR - Update None caused error Conflict: terminated by other getUpdates request; make sure that only one bot instance is running
2025-05-02 09:15:20,834 - httpx - INFO - HTTP Request: POST https://api.telegram.org/bot8071076420:AAFzeBp37IfwX-_JYHoH51WKyhnF9NgHlvY/getUpdates "HTTP/1.1 409 Conflict"
2025-05-02 09:15:20,836 - telegram.ext.Updater - ERROR - Error while getting Updates: Conflict: terminated by other getUpdates request; make sure that only one bot instance is running
2025-05-02 09:15:20,836 - utils - ERROR - Update None caused error Conflict: terminated by other getUpdates request; make sure that only one bot instance is running
2025-05-02 09:15:22,764 - httpx - INFO - HTTP Request: POST https://api.telegram.org/bot8071076420:AAFzeBp37IfwX-_JYHoH51WKyhnF9NgHlvY/getUpdates "HTTP/1.1 200 OK"
2025-05-02 09:15:23,081 - httpx - INFO - HTTP Request: POST https://api.telegram.org/bot8071076420:AAFzeBp37IfwX-_JYHoH51WKyhnF9NgHlvY/sendMessage "HTTP/1.1 400 Bad Request"
2025-05-02 09:15:23,082 - bot - ERROR - Error sending help message: Can't parse entities: can't find end of the entity starting at byte offset 728
2025-05-02 09:15:23,206 - httpx - INFO - HTTP Request: POST https://api.telegram.org/bot8071076420:AAFzeBp37IfwX-_JYHoH51WKyhnF9NgHlvY/sendMessage "HTTP/1.1 200 OK"
2025-05-02 09:15:25,451 - httpx - INFO - HTTP Request: POST https://api.telegram.org/bot8071076420:AAFzeBp37IfwX-_JYHoH51WKyhnF9NgHlvY/getUpdates "HTTP/1.1 409 Conflict"
2025-05-02 09:15:25,453 - telegram.ext.Updater - ERROR - Error while getting Updates: Conflict: terminated by other getUpdates request; make sure that only one bot instance is running
2025-05-02 09:15:25,454 - utils - ERROR - Update None caused error Conflict: terminated by other getUpdates request; make sure that only one bot instance is running
2025-05-02 09:15:29,560 - httpx - INFO - HTTP Request: POST https://api.telegram.org/bot8071076420:AAFzeBp37IfwX-_JYHoH51WKyhnF9NgHlvY/getUpdates "HTTP/1.1 409 Conflict"
2025-05-02 09:15:29,561 - telegram.ext.Updater - ERROR - Error while getting Updates: Conflict: terminated by other getUpdates request; make sure that only one bot instance is running
2025-05-02 09:15:29,561 - utils - ERROR - Update None caused error Conflict: terminated by other getUpdates request; make sure that only one bot instance is running
2025-05-02 09:15:36,564 - httpx - INFO - HTTP Request: POST https://api.telegram.org/bot8071076420:AAFzeBp37IfwX-_JYHoH51WKyhnF9NgHlvY/getUpdates "HTTP/1.1 200 OK"
2025-05-02 09:15:38,584 - httpx - INFO - HTTP Request: POST https://api.telegram.org/bot8071076420:AAFzeBp37IfwX-_JYHoH51WKyhnF9NgHlvY/getUpdates "HTTP/1.1 200 OK"
2025-05-02 09:15:38,584 - telegram.ext.Application - INFO - Application is stopping. This might take a moment.
2025-05-02 09:15:38,585 - telegram.ext.Application - INFO - Application.stop() complete
2025-05-02 09:15:41,085 - root - ERROR - Health check server error: [Errno 98] Address already in use
2025-05-02 09:15:41,103 - root - INFO - Bot started!
2025-05-02 09:15:41,426 - httpx - INFO - HTTP Request: POST https://api.telegram.org/bot8071076420:AAFzeBp37IfwX-_JYHoH51WKyhnF9NgHlvY/getMe "HTTP/1.1 200 OK"
2025-05-02 09:15:41,531 - httpx - INFO - HTTP Request: POST https://api.telegram.org/bot8071076420:AAFzeBp37IfwX-_JYHoH51WKyhnF9NgHlvY/getMe "HTTP/1.1 200 OK"
2025-05-02 09:15:41,532 - root - INFO - Bot username saved to environment: Character0_a1_bot
2025-05-02 09:15:41,637 - httpx - INFO - HTTP Request: POST https://api.telegram.org/bot8071076420:AAFzeBp37IfwX-_JYHoH51WKyhnF9NgHlvY/deleteWebhook "HTTP/1.1 200 OK"
2025-05-02 09:15:41,639 - telegram.ext.Application - INFO - Application started
2025-05-02 09:15:41,951 - httpx - INFO - HTTP Request: POST https://api.telegram.org/bot8071076420:AAFzeBp37IfwX-_JYHoH51WKyhnF9NgHlvY/getUpdates "HTTP/1.1 409 Conflict"
2025-05-02 09:15:41,952 - telegram.ext.Updater - ERROR - Error while getting Updates: Conflict: terminated by other getUpdates request; make sure that only one bot instance is running
2025-05-02 09:15:41,952 - utils - ERROR - Update None caused error Conflict: terminated by other getUpdates request; make sure that only one bot instance is running
2025-05-02 09:15:46,065 - httpx - INFO - HTTP Request: POST https://api.telegram.org/bot8071076420:AAFzeBp37IfwX-_JYHoH51WKyhnF9NgHlvY/getUpdates "HTTP/1.1 409 Conflict"
2025-05-02 09:15:46,067 - telegram.ext.Updater - ERROR - Error while getting Updates: Conflict: terminated by other getUpdates request; make sure that only one bot instance is running
2025-05-02 09:15:46,067 - utils - ERROR - Update None caused error Conflict: terminated by other getUpdates request; make sure that only one bot instance is running
2025-05-02 09:15:47,177 - httpx - INFO - HTTP Request: POST https://api.telegram.org/bot8071076420:AAFzeBp37IfwX-_JYHoH51WKyhnF9NgHlvY/getUpdates "HTTP/1.1 409 Conflict"
2025-05-02 09:15:47,178 - telegram.ext.Updater - ERROR - Error while getting Updates: Conflict: terminated by other getUpdates request; make sure that only one bot instance is running
2025-05-02 09:15:47,179 - utils - ERROR - Update None caused error Conflict: terminated by other getUpdates request; make sure that only one bot instance is running
2025-05-02 09:15:51,793 - httpx - INFO - HTTP Request: POST https://api.telegram.org/bot8071076420:AAFzeBp37IfwX-_JYHoH51WKyhnF9NgHlvY/getUpdates "HTTP/1.1 409 Conflict"
2025-05-02 09:15:51,794 - telegram.ext.Updater - ERROR - Error while getting Updates: Conflict: terminated by other getUpdates request; make sure that only one bot instance is running
2025-05-02 09:15:51,794 - utils - ERROR - Update None caused error Conflict: terminated by other getUpdates request; make sure that only one bot instance is running
2025-05-02 09:15:53,400 - httpx - INFO - HTTP Request: POST https://api.telegram.org/bot8071076420:AAFzeBp37IfwX-_JYHoH51WKyhnF9NgHlvY/getUpdates "HTTP/1.1 409 Conflict"
2025-05-02 09:15:53,401 - telegram.ext.Updater - ERROR - Error while getting Updates: Conflict: terminated by other getUpdates request; make sure that only one bot instance is running
2025-05-02 09:15:53,401 - utils - ERROR - Update None caused error Conflict: terminated by other getUpdates request; make sure that only one bot instance is running
2025-05-02 09:15:53,524 - httpx - INFO - HTTP Request: POST https://api.telegram.org/bot8071076420:AAFzeBp37IfwX-_JYHoH51WKyhnF9NgHlvY/getUpdates "HTTP/1.1 200 OK"
2025-05-02 09:15:53,525 - telegram.ext.Application - INFO - Application is stopping. This might take a moment.
2025-05-02 09:15:53,525 - telegram.ext.Application - INFO - Application.stop() complete
2025-05-02 09:15:55,972 - root - INFO - Health check server started on port 8000
2025-05-02 09:15:55,987 - root - INFO - Bot started!
2025-05-02 09:15:56,308 - httpx - INFO - HTTP Request: POST https://api.telegram.org/bot8071076420:AAFzeBp37IfwX-_JYHoH51WKyhnF9NgHlvY/getMe "HTTP/1.1 200 OK"
2025-05-02 09:15:56,414 - httpx - INFO - HTTP Request: POST https://api.telegram.org/bot8071076420:AAFzeBp37IfwX-_JYHoH51WKyhnF9NgHlvY/getMe "HTTP/1.1 200 OK"
2025-05-02 09:15:56,415 - root - INFO - Bot username saved to environment: Character0_a1_bot
2025-05-02 09:15:56,536 - httpx - INFO - HTTP Request: POST https://api.telegram.org/bot8071076420:AAFzeBp37IfwX-_JYHoH51WKyhnF9NgHlvY/deleteWebhook "HTTP/1.1 200 OK"
2025-05-02 09:15:56,538 - telegram.ext.Application - INFO - Application started
2025-05-02 09:15:56,851 - httpx - INFO - HTTP Request: POST https://api.telegram.org/bot8071076420:AAFzeBp37IfwX-_JYHoH51WKyhnF9NgHlvY/getUpdates "HTTP/1.1 409 Conflict"
2025-05-02 09:15:56,852 - telegram.ext.Updater - ERROR - Error while getting Updates: Conflict: terminated by other getUpdates request; make sure that only one bot instance is running
2025-05-02 09:15:56,852 - utils - ERROR - Update None caused error Conflict: terminated by other getUpdates request; make sure that only one bot instance is running
2025-05-02 09:15:58,760 - httpx - INFO - HTTP Request: POST https://api.telegram.org/bot8071076420:AAFzeBp37IfwX-_JYHoH51WKyhnF9NgHlvY/getUpdates "HTTP/1.1 409 Conflict"
2025-05-02 09:15:58,761 - telegram.ext.Updater - ERROR - Error while getting Updates: Conflict: terminated by other getUpdates request; make sure that only one bot instance is running
2025-05-02 09:15:58,761 - utils - ERROR - Update None caused error Conflict: terminated by other getUpdates request; make sure that only one bot instance is running
2025-05-02 09:16:00,338 - httpx - INFO - HTTP Request: POST https://api.telegram.org/bot8071076420:AAFzeBp37IfwX-_JYHoH51WKyhnF9NgHlvY/getUpdates "HTTP/1.1 409 Conflict"
2025-05-02 09:16:00,338 - telegram.ext.Updater - ERROR - Error while getting Updates: Conflict: terminated by other getUpdates request; make sure that only one bot instance is running
2025-05-02 09:16:00,339 - utils - ERROR - Update None caused error Conflict: terminated by other getUpdates request; make sure that only one bot instance is running
2025-05-02 09:16:04,129 - httpx - INFO - HTTP Request: POST https://api.telegram.org/bot8071076420:AAFzeBp37IfwX-_JYHoH51WKyhnF9NgHlvY/getUpdates "HTTP/1.1 409 Conflict"
2025-05-02 09:16:04,131 - telegram.ext.Updater - ERROR - Error while getting Updates: Conflict: terminated by other getUpdates request; make sure that only one bot instance is running
2025-05-02 09:16:04,132 - utils - ERROR - Update None caused error Conflict: terminated by other getUpdates request; make sure that only one bot instance is running
2025-05-02 09:16:04,445 - httpx - INFO - HTTP Request: POST https://api.telegram.org/bot8071076420:AAFzeBp37IfwX-_JYHoH51WKyhnF9NgHlvY/getUpdates "HTTP/1.1 409 Conflict"
2025-05-02 09:16:04,446 - telegram.ext.Updater - ERROR - Error while getting Updates: Conflict: terminated by other getUpdates request; make sure that only one bot instance is running
2025-05-02 09:16:04,447 - utils - ERROR - Update None caused error Conflict: terminated by other getUpdates request; make sure that only one bot instance is running
2025-05-02 09:16:07,933 - httpx - INFO - HTTP Request: POST https://api.telegram.org/bot8071076420:AAFzeBp37IfwX-_JYHoH51WKyhnF9NgHlvY/getUpdates "HTTP/1.1 409 Conflict"
2025-05-02 09:16:07,934 - telegram.ext.Updater - ERROR - Error while getting Updates: Conflict: terminated by other getUpdates request; make sure that only one bot instance is running
2025-05-02 09:16:07,934 - utils - ERROR - Update None caused error Conflict: terminated by other getUpdates request; make sure that only one bot instance is running
2025-05-02 09:16:12,520 - httpx - INFO - HTTP Request: POST https://api.telegram.org/bot8071076420:AAFzeBp37IfwX-_JYHoH51WKyhnF9NgHlvY/getUpdates "HTTP/1.1 409 Conflict"
2025-05-02 09:16:12,521 - telegram.ext.Updater - ERROR - Error while getting Updates: Conflict: terminated by other getUpdates request; make sure that only one bot instance is running
2025-05-02 09:16:12,521 - utils - ERROR - Update None caused error Conflict: terminated by other getUpdates request; make sure that only one bot instance is running
2025-05-02 09:16:12,543 - httpx - INFO - HTTP Request: POST https://api.telegram.org/bot8071076420:AAFzeBp37IfwX-_JYHoH51WKyhnF9NgHlvY/getUpdates "HTTP/1.1 409 Conflict"
2025-05-02 09:16:12,543 - telegram.ext.Updater - ERROR - Error while getting Updates: Conflict: terminated by other getUpdates request; make sure that only one bot instance is running
2025-05-02 09:16:12,544 - utils - ERROR - Update None caused error Conflict: terminated by other getUpdates request; make sure that only one bot instance is running
2025-05-02 09:16:12,709 - httpx - INFO - HTTP Request: POST https://api.telegram.org/bot8071076420:AAFzeBp37IfwX-_JYHoH51WKyhnF9NgHlvY/getUpdates "HTTP/1.1 200 OK"
2025-05-02 09:16:13,064 - httpx - INFO - HTTP Request: POST https://api.telegram.org/bot8071076420:AAFzeBp37IfwX-_JYHoH51WKyhnF9NgHlvY/sendMessage "HTTP/1.1 200 OK"
2025-05-02 09:16:17,903 - httpx - INFO - HTTP Request: POST https://api.telegram.org/bot8071076420:AAFzeBp37IfwX-_JYHoH51WKyhnF9NgHlvY/getUpdates "HTTP/1.1 409 Conflict"
2025-05-02 09:16:17,904 - telegram.ext.Updater - ERROR - Error while getting Updates: Conflict: terminated by other getUpdates request; make sure that only one bot instance is running
2025-05-02 09:16:17,904 - utils - ERROR - Update None caused error Conflict: terminated by other getUpdates request; make sure that only one bot instance is running
2025-05-02 09:16:22,015 - httpx - INFO - HTTP Request: POST https://api.telegram.org/bot8071076420:AAFzeBp37IfwX-_JYHoH51WKyhnF9NgHlvY/getUpdates "HTTP/1.1 409 Conflict"
2025-05-02 09:16:22,016 - telegram.ext.Updater - ERROR - Error while getting Updates: Conflict: terminated by other getUpdates request; make sure that only one bot instance is running
2025-05-02 09:16:22,016 - utils - ERROR - Update None caused error Conflict: terminated by other getUpdates request; make sure that only one bot instance is running
2025-05-02 09:16:23,470 - httpx - INFO - HTTP Request: POST https://api.telegram.org/bot8071076420:AAFzeBp37IfwX-_JYHoH51WKyhnF9NgHlvY/getUpdates "HTTP/1.1 409 Conflict"
2025-05-02 09:16:23,471 - telegram.ext.Updater - ERROR - Error while getting Updates: Conflict: terminated by other getUpdates request; make sure that only one bot instance is running
2025-05-02 09:16:23,471 - utils - ERROR - Update None caused error Conflict: terminated by other getUpdates request; make sure that only one bot instance is running
2025-05-02 09:16:25,097 - httpx - INFO - HTTP Request: POST https://api.telegram.org/bot8071076420:AAFzeBp37IfwX-_JYHoH51WKyhnF9NgHlvY/getUpdates "HTTP/1.1 409 Conflict"
2025-05-02 09:16:25,098 - telegram.ext.Updater - ERROR - Error while getting Updates: Conflict: terminated by other getUpdates request; make sure that only one bot instance is running
2025-05-02 09:16:25,098 - utils - ERROR - Update None caused error Conflict: terminated by other getUpdates request; make sure that only one bot instance is running
2025-05-02 09:16:29,933 - httpx - INFO - HTTP Request: POST https://api.telegram.org/bot8071076420:AAFzeBp37IfwX-_JYHoH51WKyhnF9NgHlvY/getUpdates "HTTP/1.1 409 Conflict"
2025-05-02 09:16:29,935 - telegram.ext.Updater - ERROR - Error while getting Updates: Conflict: terminated by other getUpdates request; make sure that only one bot instance is running
2025-05-02 09:16:29,935 - utils - ERROR - Update None caused error Conflict: terminated by other getUpdates request; make sure that only one bot instance is running
2025-05-02 09:16:35,298 - httpx - INFO - HTTP Request: POST https://api.telegram.org/bot8071076420:AAFzeBp37IfwX-_JYHoH51WKyhnF9NgHlvY/getUpdates "HTTP/1.1 409 Conflict"
2025-05-02 09:16:35,299 - telegram.ext.Updater - ERROR - Error while getting Updates: Conflict: terminated by other getUpdates request; make sure that only one bot instance is running
2025-05-02 09:16:35,299 - utils - ERROR - Update None caused error Conflict: terminated by other getUpdates request; make sure that only one bot instance is running
2025-05-02 09:16:36,814 - httpx - INFO - HTTP Request: POST https://api.telegram.org/bot8071076420:AAFzeBp37IfwX-_JYHoH51WKyhnF9NgHlvY/getUpdates "HTTP/1.1 409 Conflict"
2025-05-02 09:16:36,815 - telegram.ext.Updater - ERROR - Error while getting Updates: Conflict: terminated by other getUpdates request; make sure that only one bot instance is running
2025-05-02 09:16:36,815 - utils - ERROR - Update None caused error Conflict: terminated by other getUpdates request; make sure that only one bot instance is running
2025-05-02 09:16:40,301 - httpx - INFO - HTTP Request: POST https://api.telegram.org/bot8071076420:AAFzeBp37IfwX-_JYHoH51WKyhnF9NgHlvY/getUpdates "HTTP/1.1 409 Conflict"
2025-05-02 09:16:40,302 - telegram.ext.Updater - ERROR - Error while getting Updates: Conflict: terminated by other getUpdates request; make sure that only one bot instance is running
2025-05-02 09:16:40,302 - utils - ERROR - Update None caused error Conflict: terminated by other getUpdates request; make sure that only one bot instance is running
2025-05-02 09:16:44,672 - httpx - INFO - HTTP Request: POST https://api.telegram.org/bot8071076420:AAFzeBp37IfwX-_JYHoH51WKyhnF9NgHlvY/getUpdates "HTTP/1.1 200 OK"
2025-05-02 09:16:45,018 - httpx - INFO - HTTP Request: POST https://api.telegram.org/bot8071076420:AAFzeBp37IfwX-_JYHoH51WKyhnF9NgHlvY/sendMessage "HTTP/1.1 200 OK"
2025-05-02 09:16:46,179 - httpx - INFO - HTTP Request: POST https://api.telegram.org/bot8071076420:AAFzeBp37IfwX-_JYHoH51WKyhnF9NgHlvY/getUpdates "HTTP/1.1 200 OK"
2025-05-02 09:16:46,292 - httpx - INFO - HTTP Request: POST https://api.telegram.org/bot8071076420:AAFzeBp37IfwX-_JYHoH51WKyhnF9NgHlvY/answerCallbackQuery "HTTP/1.1 200 OK"
2025-05-02 09:16:46,414 - httpx - INFO - HTTP Request: POST https://api.telegram.org/bot8071076420:AAFzeBp37IfwX-_JYHoH51WKyhnF9NgHlvY/editMessageText "HTTP/1.1 200 OK"
2025-05-02 09:16:47,015 - httpx - INFO - HTTP Request: POST https://api.telegram.org/bot8071076420:AAFzeBp37IfwX-_JYHoH51WKyhnF9NgHlvY/getUpdates "HTTP/1.1 409 Conflict"
2025-05-02 09:16:47,016 - telegram.ext.Updater - ERROR - Error while getting Updates: Conflict: terminated by other getUpdates request; make sure that only one bot instance is running
2025-05-02 09:16:47,016 - utils - ERROR - Update None caused error Conflict: terminated by other getUpdates request; make sure that only one bot instance is running
2025-05-02 09:16:51,123 - httpx - INFO - HTTP Request: POST https://api.telegram.org/bot8071076420:AAFzeBp37IfwX-_JYHoH51WKyhnF9NgHlvY/getUpdates "HTTP/1.1 409 Conflict"
2025-05-02 09:16:51,124 - telegram.ext.Updater - ERROR - Error while getting Updates: Conflict: terminated by other getUpdates request; make sure that only one bot instance is running
2025-05-02 09:16:51,125 - utils - ERROR - Update None caused error Conflict: terminated by other getUpdates request; make sure that only one bot instance is running
2025-05-02 09:16:57,720 - httpx - INFO - HTTP Request: POST https://api.telegram.org/bot8071076420:AAFzeBp37IfwX-_JYHoH51WKyhnF9NgHlvY/getUpdates "HTTP/1.1 409 Conflict"
2025-05-02 09:16:57,720 - telegram.ext.Updater - ERROR - Error while getting Updates: Conflict: terminated by other getUpdates request; make sure that only one bot instance is running
2025-05-02 09:16:57,721 - utils - ERROR - Update None caused error Conflict: terminated by other getUpdates request; make sure that only one bot instance is running
2025-05-02 09:17:02,334 - httpx - INFO - HTTP Request: POST https://api.telegram.org/bot8071076420:AAFzeBp37IfwX-_JYHoH51WKyhnF9NgHlvY/getUpdates "HTTP/1.1 409 Conflict"
2025-05-02 09:17:02,335 - telegram.ext.Updater - ERROR - Error while getting Updates: Conflict: terminated by other getUpdates request; make sure that only one bot instance is running
2025-05-02 09:17:02,335 - utils - ERROR - Update None caused error Conflict: terminated by other getUpdates request; make sure that only one bot instance is running
2025-05-02 09:17:08,541 - httpx - INFO - HTTP Request: POST https://api.telegram.org/bot8071076420:AAFzeBp37IfwX-_JYHoH51WKyhnF9NgHlvY/getUpdates "HTTP/1.1 409 Conflict"
2025-05-02 09:17:08,542 - telegram.ext.Updater - ERROR - Error while getting Updates: Conflict: terminated by other getUpdates request; make sure that only one bot instance is running
2025-05-02 09:17:08,543 - utils - ERROR - Update None caused error Conflict: terminated by other getUpdates request; make sure that only one bot instance is running
2025-05-02 09:17:13,906 - httpx - INFO - HTTP Request: POST https://api.telegram.org/bot8071076420:AAFzeBp37IfwX-_JYHoH51WKyhnF9NgHlvY/getUpdates "HTTP/1.1 409 Conflict"
2025-05-02 09:17:13,907 - telegram.ext.Updater - ERROR - Error while getting Updates: Conflict: terminated by other getUpdates request; make sure that only one bot instance is running
2025-05-02 09:17:13,907 - utils - ERROR - Update None caused error Conflict: terminated by other getUpdates request; make sure that only one bot instance is running
2025-05-02 09:17:20,907 - httpx - INFO - HTTP Request: POST https://api.telegram.org/bot8071076420:AAFzeBp37IfwX-_JYHoH51WKyhnF9NgHlvY/getUpdates "HTTP/1.1 200 OK"
2025-05-02 09:17:28,311 - httpx - INFO - HTTP Request: POST https://api.telegram.org/bot8071076420:AAFzeBp37IfwX-_JYHoH51WKyhnF9NgHlvY/getUpdates "HTTP/1.1 409 Conflict"
2025-05-02 09:17:28,313 - telegram.ext.Updater - ERROR - Error while getting Updates: Conflict: terminated by other getUpdates request; make sure that only one bot instance is running
2025-05-02 09:17:28,315 - utils - ERROR - Update None caused error Conflict: terminated by other getUpdates request; make sure that only one bot instance is running
2025-05-02 09:17:32,427 - httpx - INFO - HTTP Request: POST https://api.telegram.org/bot8071076420:AAFzeBp37IfwX-_JYHoH51WKyhnF9NgHlvY/getUpdates "HTTP/1.1 409 Conflict"
2025-05-02 09:17:32,429 - telegram.ext.Updater - ERROR - Error while getting Updates: Conflict: terminated by other getUpdates request; make sure that only one bot instance is running
2025-05-02 09:17:32,430 - utils - ERROR - Update None caused error Conflict: terminated by other getUpdates request; make sure that only one bot instance is running
2025-05-02 09:17:39,424 - httpx - INFO - HTTP Request: POST https://api.telegram.org/bot8071076420:AAFzeBp37IfwX-_JYHoH51WKyhnF9NgHlvY/getUpdates "HTTP/1.1 200 OK"
2025-05-02 09:17:39,887 - httpx - INFO - HTTP Request: POST https://api.telegram.org/bot8071076420:AAFzeBp37IfwX-_JYHoH51WKyhnF9NgHlvY/getUpdates "HTTP/1.1 409 Conflict"
2025-05-02 09:17:39,888 - telegram.ext.Updater - ERROR - Error while getting Updates: Conflict: terminated by other getUpdates request; make sure that only one bot instance is running
2025-05-02 09:17:39,889 - utils - ERROR - Update None caused error Conflict: terminated by other getUpdates request; make sure that only one bot instance is running
2025-05-02 09:17:43,995 - httpx - INFO - HTTP Request: POST https://api.telegram.org/bot8071076420:AAFzeBp37IfwX-_JYHoH51WKyhnF9NgHlvY/getUpdates "HTTP/1.1 409 Conflict"
2025-05-02 09:17:43,995 - telegram.ext.Updater - ERROR - Error while getting Updates: Conflict: terminated by other getUpdates request; make sure that only one bot instance is running
2025-05-02 09:17:43,995 - utils - ERROR - Update None caused error Conflict: terminated by other getUpdates request; make sure that only one bot instance is running
2025-05-02 09:17:50,995 - httpx - INFO - HTTP Request: POST https://api.telegram.org/bot8071076420:AAFzeBp37IfwX-_JYHoH51WKyhnF9NgHlvY/getUpdates "HTTP/1.1 200 OK"
2025-05-02 09:18:01,101 - httpx - INFO - HTTP Request: POST https://api.telegram.org/bot8071076420:AAFzeBp37IfwX-_JYHoH51WKyhnF9NgHlvY/getUpdates "HTTP/1.1 200 OK"
2025-05-02 09:18:02,784 - httpx - INFO - HTTP Request: POST https://api.telegram.org/bot8071076420:AAFzeBp37IfwX-_JYHoH51WKyhnF9NgHlvY/getUpdates "HTTP/1.1 409 Conflict"
2025-05-02 09:18:02,785 - telegram.ext.Updater - ERROR - Error while getting Updates: Conflict: terminated by other getUpdates request; make sure that only one bot instance is running
2025-05-02 09:18:02,785 - utils - ERROR - Update None caused error Conflict: terminated by other getUpdates request; make sure that only one bot instance is running
2025-05-02 09:18:06,894 - httpx - INFO - HTTP Request: POST https://api.telegram.org/bot8071076420:AAFzeBp37IfwX-_JYHoH51WKyhnF9NgHlvY/getUpdates "HTTP/1.1 409 Conflict"
2025-05-02 09:18:06,895 - telegram.ext.Updater - ERROR - Error while getting Updates: Conflict: terminated by other getUpdates request; make sure that only one bot instance is running
2025-05-02 09:18:06,895 - utils - ERROR - Update None caused error Conflict: terminated by other getUpdates request; make sure that only one bot instance is running
2025-05-02 09:18:13,904 - httpx - INFO - HTTP Request: POST https://api.telegram.org/bot8071076420:AAFzeBp37IfwX-_JYHoH51WKyhnF9NgHlvY/getUpdates "HTTP/1.1 200 OK"
2025-05-02 09:18:14,354 - httpx - INFO - HTTP Request: POST https://api.telegram.org/bot8071076420:AAFzeBp37IfwX-_JYHoH51WKyhnF9NgHlvY/getUpdates "HTTP/1.1 409 Conflict"
2025-05-02 09:18:14,355 - telegram.ext.Updater - ERROR - Error while getting Updates: Conflict: terminated by other getUpdates request; make sure that only one bot instance is running
2025-05-02 09:18:14,355 - utils - ERROR - Update None caused error Conflict: terminated by other getUpdates request; make sure that only one bot instance is running
2025-05-02 09:18:18,467 - httpx - INFO - HTTP Request: POST https://api.telegram.org/bot8071076420:AAFzeBp37IfwX-_JYHoH51WKyhnF9NgHlvY/getUpdates "HTTP/1.1 409 Conflict"
2025-05-02 09:18:18,468 - telegram.ext.Updater - ERROR - Error while getting Updates: Conflict: terminated by other getUpdates request; make sure that only one bot instance is running
2025-05-02 09:18:18,468 - utils - ERROR - Update None caused error Conflict: terminated by other getUpdates request; make sure that only one bot instance is running
2025-05-02 09:18:25,466 - httpx - INFO - HTTP Request: POST https://api.telegram.org/bot8071076420:AAFzeBp37IfwX-_JYHoH51WKyhnF9NgHlvY/getUpdates "HTTP/1.1 200 OK"
2025-05-02 09:18:35,578 - httpx - INFO - HTTP Request: POST https://api.telegram.org/bot8071076420:AAFzeBp37IfwX-_JYHoH51WKyhnF9NgHlvY/getUpdates "HTTP/1.1 200 OK"
2025-05-02 09:18:37,245 - httpx - INFO - HTTP Request: POST https://api.telegram.org/bot8071076420:AAFzeBp37IfwX-_JYHoH51WKyhnF9NgHlvY/getUpdates "HTTP/1.1 409 Conflict"
2025-05-02 09:18:37,246 - telegram.ext.Updater - ERROR - Error while getting Updates: Conflict: terminated by other getUpdates request; make sure that only one bot instance is running
2025-05-02 09:18:37,246 - utils - ERROR - Update None caused error Conflict: terminated by other getUpdates request; make sure that only one bot instance is running
2025-05-02 09:18:41,355 - httpx - INFO - HTTP Request: POST https://api.telegram.org/bot8071076420:AAFzeBp37IfwX-_JYHoH51WKyhnF9NgHlvY/getUpdates "HTTP/1.1 409 Conflict"
2025-05-02 09:18:41,356 - telegram.ext.Updater - ERROR - Error while getting Updates: Conflict: terminated by other getUpdates request; make sure that only one bot instance is running
2025-05-02 09:18:41,361 - utils - ERROR - Update None caused error Conflict: terminated by other getUpdates request; make sure that only one bot instance is running
2025-05-02 09:18:48,359 - httpx - INFO - HTTP Request: POST https://api.telegram.org/bot8071076420:AAFzeBp37IfwX-_JYHoH51WKyhnF9NgHlvY/getUpdates "HTTP/1.1 200 OK"
2025-05-02 09:18:48,813 - httpx - INFO - HTTP Request: POST https://api.telegram.org/bot8071076420:AAFzeBp37IfwX-_JYHoH51WKyhnF9NgHlvY/getUpdates "HTTP/1.1 409 Conflict"
2025-05-02 09:18:48,814 - telegram.ext.Updater - ERROR - Error while getting Updates: Conflict: terminated by other getUpdates request; make sure that only one bot instance is running
2025-05-02 09:18:48,814 - utils - ERROR - Update None caused error Conflict: terminated by other getUpdates request; make sure that only one bot instance is running
2025-05-02 09:18:52,920 - httpx - INFO - HTTP Request: POST https://api.telegram.org/bot8071076420:AAFzeBp37IfwX-_JYHoH51WKyhnF9NgHlvY/getUpdates "HTTP/1.1 409 Conflict"
2025-05-02 09:18:52,921 - telegram.ext.Updater - ERROR - Error while getting Updates: Conflict: terminated by other getUpdates request; make sure that only one bot instance is running
2025-05-02 09:18:52,921 - utils - ERROR - Update None caused error Conflict: terminated by other getUpdates request; make sure that only one bot instance is running
2025-05-02 09:18:59,920 - httpx - INFO - HTTP Request: POST https://api.telegram.org/bot8071076420:AAFzeBp37IfwX-_JYHoH51WKyhnF9NgHlvY/getUpdates "HTTP/1.1 200 OK"
2025-05-02 09:19:10,027 - httpx - INFO - HTTP Request: POST https://api.telegram.org/bot8071076420:AAFzeBp37IfwX-_JYHoH51WKyhnF9NgHlvY/getUpdates "HTTP/1.1 200 OK"
2025-05-02 09:19:11,704 - httpx - INFO - HTTP Request: POST https://api.telegram.org/bot8071076420:AAFzeBp37IfwX-_JYHoH51WKyhnF9NgHlvY/getUpdates "HTTP/1.1 409 Conflict"
2025-05-02 09:19:11,705 - telegram.ext.Updater - ERROR - Error while getting Updates: Conflict: terminated by other getUpdates request; make sure that only one bot instance is running
2025-05-02 09:19:11,705 - utils - ERROR - Update None caused error Conflict: terminated by other getUpdates request; make sure that only one bot instance is running
2025-05-02 09:19:15,821 - httpx - INFO - HTTP Request: POST https://api.telegram.org/bot8071076420:AAFzeBp37IfwX-_JYHoH51WKyhnF9NgHlvY/getUpdates "HTTP/1.1 409 Conflict"
2025-05-02 09:19:15,822 - telegram.ext.Updater - ERROR - Error while getting Updates: Conflict: terminated by other getUpdates request; make sure that only one bot instance is running
2025-05-02 09:19:15,822 - utils - ERROR - Update None caused error Conflict: terminated by other getUpdates request; make sure that only one bot instance is running
2025-05-02 09:19:22,815 - httpx - INFO - HTTP Request: POST https://api.telegram.org/bot8071076420:AAFzeBp37IfwX-_JYHoH51WKyhnF9NgHlvY/getUpdates "HTTP/1.1 200 OK"
2025-05-02 09:19:23,269 - httpx - INFO - HTTP Request: POST https://api.telegram.org/bot8071076420:AAFzeBp37IfwX-_JYHoH51WKyhnF9NgHlvY/getUpdates "HTTP/1.1 409 Conflict"
2025-05-02 09:19:23,271 - telegram.ext.Updater - ERROR - Error while getting Updates: Conflict: terminated by other getUpdates request; make sure that only one bot instance is running
2025-05-02 09:19:23,272 - utils - ERROR - Update None caused error Conflict: terminated by other getUpdates request; make sure that only one bot instance is running
2025-05-02 09:19:27,394 - httpx - INFO - HTTP Request: POST https://api.telegram.org/bot8071076420:AAFzeBp37IfwX-_JYHoH51WKyhnF9NgHlvY/getUpdates "HTTP/1.1 409 Conflict"
2025-05-02 09:19:27,396 - telegram.ext.Updater - ERROR - Error while getting Updates: Conflict: terminated by other getUpdates request; make sure that only one bot instance is running
2025-05-02 09:19:27,398 - utils - ERROR - Update None caused error Conflict: terminated by other getUpdates request; make sure that only one bot instance is running
2025-05-02 09:19:34,396 - httpx - INFO - HTTP Request: POST https://api.telegram.org/bot8071076420:AAFzeBp37IfwX-_JYHoH51WKyhnF9NgHlvY/getUpdates "HTTP/1.1 200 OK"
2025-05-02 09:19:44,503 - httpx - INFO - HTTP Request: POST https://api.telegram.org/bot8071076420:AAFzeBp37IfwX-_JYHoH51WKyhnF9NgHlvY/getUpdates "HTTP/1.1 200 OK"
2025-05-02 09:19:46,169 - httpx - INFO - HTTP Request: POST https://api.telegram.org/bot8071076420:AAFzeBp37IfwX-_JYHoH51WKyhnF9NgHlvY/getUpdates "HTTP/1.1 409 Conflict"
2025-05-02 09:19:46,169 - telegram.ext.Updater - ERROR - Error while getting Updates: Conflict: terminated by other getUpdates request; make sure that only one bot instance is running
2025-05-02 09:19:46,169 - utils - ERROR - Update None caused error Conflict: terminated by other getUpdates request; make sure that only one bot instance is running
2025-05-02 09:19:49,470 - httpx - INFO - HTTP Request: POST https://api.telegram.org/bot8071076420:AAFzeBp37IfwX-_JYHoH51WKyhnF9NgHlvY/getUpdates "HTTP/1.1 200 OK"
2025-05-02 09:19:49,470 - telegram.ext.Application - INFO - Application is stopping. This might take a moment.
2025-05-02 09:19:49,471 - telegram.ext.Application - INFO - Application.stop() complete
2025-05-02 09:19:51,967 - root - ERROR - Health check server error: [Errno 98] Address already in use
2025-05-02 09:19:51,988 - root - INFO - Bot started!
2025-05-02 09:19:52,309 - httpx - INFO - HTTP Request: POST https://api.telegram.org/bot8071076420:AAFzeBp37IfwX-_JYHoH51WKyhnF9NgHlvY/getMe "HTTP/1.1 200 OK"
2025-05-02 09:19:52,413 - httpx - INFO - HTTP Request: POST https://api.telegram.org/bot8071076420:AAFzeBp37IfwX-_JYHoH51WKyhnF9NgHlvY/getMe "HTTP/1.1 200 OK"
2025-05-02 09:19:52,414 - root - INFO - Bot username saved to environment: Character0_a1_bot
2025-05-02 09:19:52,518 - httpx - INFO - HTTP Request: POST https://api.telegram.org/bot8071076420:AAFzeBp37IfwX-_JYHoH51WKyhnF9NgHlvY/deleteWebhook "HTTP/1.1 200 OK"
2025-05-02 09:19:52,520 - telegram.ext.Application - INFO - Application started
2025-05-02 09:19:52,834 - httpx - INFO - HTTP Request: POST https://api.telegram.org/bot8071076420:AAFzeBp37IfwX-_JYHoH51WKyhnF9NgHlvY/getUpdates "HTTP/1.1 409 Conflict"
2025-05-02 09:19:52,834 - telegram.ext.Updater - ERROR - Error while getting Updates: Conflict: terminated by other getUpdates request; make sure that only one bot instance is running
2025-05-02 09:19:52,835 - utils - ERROR - Update None caused error Conflict: terminated by other getUpdates request; make sure that only one bot instance is running
2025-05-02 09:19:57,446 - httpx - INFO - HTTP Request: POST https://api.telegram.org/bot8071076420:AAFzeBp37IfwX-_JYHoH51WKyhnF9NgHlvY/getUpdates "HTTP/1.1 409 Conflict"
2025-05-02 09:19:57,447 - telegram.ext.Updater - ERROR - Error while getting Updates: Conflict: terminated by other getUpdates request; make sure that only one bot instance is running
2025-05-02 09:19:57,447 - utils - ERROR - Update None caused error Conflict: terminated by other getUpdates request; make sure that only one bot instance is running
2025-05-02 09:19:57,747 - httpx - INFO - HTTP Request: POST https://api.telegram.org/bot8071076420:AAFzeBp37IfwX-_JYHoH51WKyhnF9NgHlvY/getUpdates "HTTP/1.1 409 Conflict"
2025-05-02 09:19:57,747 - telegram.ext.Updater - ERROR - Error while getting Updates: Conflict: terminated by other getUpdates request; make sure that only one bot instance is running
2025-05-02 09:19:57,748 - utils - ERROR - Update None caused error Conflict: terminated by other getUpdates request; make sure that only one bot instance is running
2025-05-02 09:20:01,563 - httpx - INFO - HTTP Request: POST https://api.telegram.org/bot8071076420:AAFzeBp37IfwX-_JYHoH51WKyhnF9NgHlvY/getUpdates "HTTP/1.1 409 Conflict"
2025-05-02 09:20:01,565 - telegram.ext.Updater - ERROR - Error while getting Updates: Conflict: terminated by other getUpdates request; make sure that only one bot instance is running
2025-05-02 09:20:01,565 - utils - ERROR - Update None caused error Conflict: terminated by other getUpdates request; make sure that only one bot instance is running
2025-05-02 09:20:03,119 - httpx - INFO - HTTP Request: POST https://api.telegram.org/bot8071076420:AAFzeBp37IfwX-_JYHoH51WKyhnF9NgHlvY/getUpdates "HTTP/1.1 409 Conflict"
2025-05-02 09:20:03,120 - telegram.ext.Updater - ERROR - Error while getting Updates: Conflict: terminated by other getUpdates request; make sure that only one bot instance is running
2025-05-02 09:20:03,120 - utils - ERROR - Update None caused error Conflict: terminated by other getUpdates request; make sure that only one bot instance is running
2025-05-02 09:20:04,726 - httpx - INFO - HTTP Request: POST https://api.telegram.org/bot8071076420:AAFzeBp37IfwX-_JYHoH51WKyhnF9NgHlvY/getUpdates "HTTP/1.1 409 Conflict"
2025-05-02 09:20:04,726 - telegram.ext.Updater - ERROR - Error while getting Updates: Conflict: terminated by other getUpdates request; make sure that only one bot instance is running
2025-05-02 09:20:04,727 - utils - ERROR - Update None caused error Conflict: terminated by other getUpdates request; make sure that only one bot instance is running
2025-05-02 09:20:08,210 - httpx - INFO - HTTP Request: POST https://api.telegram.org/bot8071076420:AAFzeBp37IfwX-_JYHoH51WKyhnF9NgHlvY/getUpdates "HTTP/1.1 409 Conflict"
2025-05-02 09:20:08,210 - telegram.ext.Updater - ERROR - Error while getting Updates: Conflict: terminated by other getUpdates request; make sure that only one bot instance is running
2025-05-02 09:20:08,211 - utils - ERROR - Update None caused error Conflict: terminated by other getUpdates request; make sure that only one bot instance is running
2025-05-02 09:20:13,571 - httpx - INFO - HTTP Request: POST https://api.telegram.org/bot8071076420:AAFzeBp37IfwX-_JYHoH51WKyhnF9NgHlvY/getUpdates "HTTP/1.1 409 Conflict"
2025-05-02 09:20:13,572 - telegram.ext.Updater - ERROR - Error while getting Updates: Conflict: terminated by other getUpdates request; make sure that only one bot instance is running
2025-05-02 09:20:13,572 - utils - ERROR - Update None caused error Conflict: terminated by other getUpdates request; make sure that only one bot instance is running
2025-05-02 09:20:18,954 - httpx - INFO - HTTP Request: POST https://api.telegram.org/bot8071076420:AAFzeBp37IfwX-_JYHoH51WKyhnF9NgHlvY/getUpdates "HTTP/1.1 409 Conflict"
2025-05-02 09:20:18,955 - telegram.ext.Updater - ERROR - Error while getting Updates: Conflict: terminated by other getUpdates request; make sure that only one bot instance is running
2025-05-02 09:20:18,956 - utils - ERROR - Update None caused error Conflict: terminated by other getUpdates request; make sure that only one bot instance is running
2025-05-02 09:20:22,438 - httpx - INFO - HTTP Request: POST https://api.telegram.org/bot8071076420:AAFzeBp37IfwX-_JYHoH51WKyhnF9NgHlvY/getUpdates "HTTP/1.1 409 Conflict"
2025-05-02 09:20:22,439 - telegram.ext.Updater - ERROR - Error while getting Updates: Conflict: terminated by other getUpdates request; make sure that only one bot instance is running
2025-05-02 09:20:22,440 - utils - ERROR - Update None caused error Conflict: terminated by other getUpdates request; make sure that only one bot instance is running
2025-05-02 09:20:30,374 - httpx - INFO - HTTP Request: POST https://api.telegram.org/bot8071076420:AAFzeBp37IfwX-_JYHoH51WKyhnF9NgHlvY/getUpdates "HTTP/1.1 409 Conflict"
2025-05-02 09:20:30,377 - telegram.ext.Updater - ERROR - Error while getting Updates: Conflict: terminated by other getUpdates request; make sure that only one bot instance is running
2025-05-02 09:20:30,377 - utils - ERROR - Update None caused error Conflict: terminated by other getUpdates request; make sure that only one bot instance is running
2025-05-02 09:20:34,917 - httpx - INFO - HTTP Request: POST https://api.telegram.org/bot8071076420:AAFzeBp37IfwX-_JYHoH51WKyhnF9NgHlvY/getUpdates "HTTP/1.1 409 Conflict"
2025-05-02 09:20:34,917 - telegram.ext.Updater - ERROR - Error while getting Updates: Conflict: terminated by other getUpdates request; make sure that only one bot instance is running
2025-05-02 09:20:34,918 - utils - ERROR - Update None caused error Conflict: terminated by other getUpdates request; make sure that only one bot instance is running
2025-05-02 09:20:35,756 - httpx - INFO - HTTP Request: POST https://api.telegram.org/bot8071076420:AAFzeBp37IfwX-_JYHoH51WKyhnF9NgHlvY/getUpdates "HTTP/1.1 409 Conflict"
2025-05-02 09:20:35,757 - telegram.ext.Updater - ERROR - Error while calling `get_updates` one more time to mark all fetched updates as read: %s. Suppressing error to ensure graceful shutdown. When polling for updates is restarted, updates may be fetched again. Please adjust timeouts via `ApplicationBuilder` or the parameter `get_updates_request` of `Bot`.
Traceback (most recent call last):
  File "/home/runner/workspace/.pythonlibs/lib/python3.11/site-packages/telegram/ext/_updater.py", line 433, in _get_updates_cleanup
    await self.bot.get_updates(
  File "/home/runner/workspace/.pythonlibs/lib/python3.11/site-packages/telegram/ext/_extbot.py", line 558, in get_updates
    updates = await super().get_updates(
              ^^^^^^^^^^^^^^^^^^^^^^^^^^
  File "/home/runner/workspace/.pythonlibs/lib/python3.11/site-packages/telegram/_bot.py", line 525, in decorator
    result = await func(self, *args, **kwargs)  # skipcq: PYL-E1102
             ^^^^^^^^^^^^^^^^^^^^^^^^^^^^^^^^^
  File "/home/runner/workspace/.pythonlibs/lib/python3.11/site-packages/telegram/_bot.py", line 3584, in get_updates
    await self._post(
  File "/home/runner/workspace/.pythonlibs/lib/python3.11/site-packages/telegram/_bot.py", line 613, in _post
    return await self._do_post(
           ^^^^^^^^^^^^^^^^^^^^
  File "/home/runner/workspace/.pythonlibs/lib/python3.11/site-packages/telegram/ext/_extbot.py", line 340, in _do_post
    return await super()._do_post(
           ^^^^^^^^^^^^^^^^^^^^^^^
  File "/home/runner/workspace/.pythonlibs/lib/python3.11/site-packages/telegram/_bot.py", line 641, in _do_post
    return await request.post(
           ^^^^^^^^^^^^^^^^^^^
  File "/home/runner/workspace/.pythonlibs/lib/python3.11/site-packages/telegram/request/_baserequest.py", line 200, in post
    result = await self._request_wrapper(
             ^^^^^^^^^^^^^^^^^^^^^^^^^^^^
  File "/home/runner/workspace/.pythonlibs/lib/python3.11/site-packages/telegram/request/_baserequest.py", line 381, in _request_wrapper
    raise Conflict(message)
telegram.error.Conflict: Conflict: terminated by other getUpdates request; make sure that only one bot instance is running
2025-05-02 09:20:35,764 - telegram.ext.Application - INFO - Application is stopping. This might take a moment.
2025-05-02 09:20:35,765 - telegram.ext.Application - INFO - Application.stop() complete
2025-05-02 09:20:38,348 - root - ERROR - Health check server error: [Errno 98] Address already in use
2025-05-02 09:20:38,365 - root - INFO - Bot started!
2025-05-02 09:20:38,688 - httpx - INFO - HTTP Request: POST https://api.telegram.org/bot8071076420:AAFzeBp37IfwX-_JYHoH51WKyhnF9NgHlvY/getMe "HTTP/1.1 200 OK"
2025-05-02 09:20:38,793 - httpx - INFO - HTTP Request: POST https://api.telegram.org/bot8071076420:AAFzeBp37IfwX-_JYHoH51WKyhnF9NgHlvY/getMe "HTTP/1.1 200 OK"
2025-05-02 09:20:38,794 - root - INFO - Bot username saved to environment: Character0_a1_bot
2025-05-02 09:20:38,899 - httpx - INFO - HTTP Request: POST https://api.telegram.org/bot8071076420:AAFzeBp37IfwX-_JYHoH51WKyhnF9NgHlvY/deleteWebhook "HTTP/1.1 200 OK"
2025-05-02 09:20:38,901 - telegram.ext.Application - INFO - Application started
2025-05-02 09:20:39,223 - httpx - INFO - HTTP Request: POST https://api.telegram.org/bot8071076420:AAFzeBp37IfwX-_JYHoH51WKyhnF9NgHlvY/getUpdates "HTTP/1.1 409 Conflict"
2025-05-02 09:20:39,224 - telegram.ext.Updater - ERROR - Error while getting Updates: Conflict: terminated by other getUpdates request; make sure that only one bot instance is running
2025-05-02 09:20:39,224 - utils - ERROR - Update None caused error Conflict: terminated by other getUpdates request; make sure that only one bot instance is running
2025-05-02 09:20:46,634 - httpx - INFO - HTTP Request: POST https://api.telegram.org/bot8071076420:AAFzeBp37IfwX-_JYHoH51WKyhnF9NgHlvY/getUpdates "HTTP/1.1 409 Conflict"
2025-05-02 09:20:46,635 - telegram.ext.Updater - ERROR - Error while getting Updates: Conflict: terminated by other getUpdates request; make sure that only one bot instance is running
2025-05-02 09:20:46,636 - utils - ERROR - Update None caused error Conflict: terminated by other getUpdates request; make sure that only one bot instance is running
2025-05-02 09:20:50,162 - httpx - INFO - HTTP Request: POST https://api.telegram.org/bot8071076420:AAFzeBp37IfwX-_JYHoH51WKyhnF9NgHlvY/getUpdates "HTTP/1.1 409 Conflict"
2025-05-02 09:20:50,163 - telegram.ext.Updater - ERROR - Error while getting Updates: Conflict: terminated by other getUpdates request; make sure that only one bot instance is running
2025-05-02 09:20:50,163 - utils - ERROR - Update None caused error Conflict: terminated by other getUpdates request; make sure that only one bot instance is running
2025-05-02 09:20:50,742 - httpx - INFO - HTTP Request: POST https://api.telegram.org/bot8071076420:AAFzeBp37IfwX-_JYHoH51WKyhnF9NgHlvY/getUpdates "HTTP/1.1 409 Conflict"
2025-05-02 09:20:50,743 - telegram.ext.Updater - ERROR - Error while getting Updates: Conflict: terminated by other getUpdates request; make sure that only one bot instance is running
2025-05-02 09:20:50,744 - utils - ERROR - Update None caused error Conflict: terminated by other getUpdates request; make sure that only one bot instance is running
2025-05-02 09:20:57,742 - httpx - INFO - HTTP Request: POST https://api.telegram.org/bot8071076420:AAFzeBp37IfwX-_JYHoH51WKyhnF9NgHlvY/getUpdates "HTTP/1.1 200 OK"
2025-05-02 09:21:02,462 - httpx - INFO - HTTP Request: POST https://api.telegram.org/bot8071076420:AAFzeBp37IfwX-_JYHoH51WKyhnF9NgHlvY/getUpdates "HTTP/1.1 409 Conflict"
2025-05-02 09:21:02,463 - telegram.ext.Updater - ERROR - Error while getting Updates: Conflict: terminated by other getUpdates request; make sure that only one bot instance is running
2025-05-02 09:21:02,463 - utils - ERROR - Update None caused error Conflict: terminated by other getUpdates request; make sure that only one bot instance is running
2025-05-02 09:21:06,569 - httpx - INFO - HTTP Request: POST https://api.telegram.org/bot8071076420:AAFzeBp37IfwX-_JYHoH51WKyhnF9NgHlvY/getUpdates "HTTP/1.1 409 Conflict"
2025-05-02 09:21:06,570 - telegram.ext.Updater - ERROR - Error while getting Updates: Conflict: terminated by other getUpdates request; make sure that only one bot instance is running
2025-05-02 09:21:06,571 - utils - ERROR - Update None caused error Conflict: terminated by other getUpdates request; make sure that only one bot instance is running
2025-05-02 09:21:07,580 - httpx - INFO - HTTP Request: POST https://api.telegram.org/bot8071076420:AAFzeBp37IfwX-_JYHoH51WKyhnF9NgHlvY/getUpdates "HTTP/1.1 409 Conflict"
2025-05-02 09:21:07,581 - telegram.ext.Updater - ERROR - Error while getting Updates: Conflict: terminated by other getUpdates request; make sure that only one bot instance is running
2025-05-02 09:21:07,581 - utils - ERROR - Update None caused error Conflict: terminated by other getUpdates request; make sure that only one bot instance is running
2025-05-02 09:21:12,189 - httpx - INFO - HTTP Request: POST https://api.telegram.org/bot8071076420:AAFzeBp37IfwX-_JYHoH51WKyhnF9NgHlvY/getUpdates "HTTP/1.1 409 Conflict"
2025-05-02 09:21:12,190 - telegram.ext.Updater - ERROR - Error while getting Updates: Conflict: terminated by other getUpdates request; make sure that only one bot instance is running
2025-05-02 09:21:12,191 - utils - ERROR - Update None caused error Conflict: terminated by other getUpdates request; make sure that only one bot instance is running
2025-05-02 09:21:19,189 - httpx - INFO - HTTP Request: POST https://api.telegram.org/bot8071076420:AAFzeBp37IfwX-_JYHoH51WKyhnF9NgHlvY/getUpdates "HTTP/1.1 200 OK"
2025-05-02 09:21:23,318 - httpx - INFO - HTTP Request: POST https://api.telegram.org/bot8071076420:AAFzeBp37IfwX-_JYHoH51WKyhnF9NgHlvY/getUpdates "HTTP/1.1 200 OK"
2025-05-02 09:21:23,667 - httpx - INFO - HTTP Request: POST https://api.telegram.org/bot8071076420:AAFzeBp37IfwX-_JYHoH51WKyhnF9NgHlvY/sendMessage "HTTP/1.1 200 OK"
2025-05-02 09:21:23,990 - httpx - INFO - HTTP Request: POST https://api.telegram.org/bot8071076420:AAFzeBp37IfwX-_JYHoH51WKyhnF9NgHlvY/getUpdates "HTTP/1.1 409 Conflict"
2025-05-02 09:21:23,990 - telegram.ext.Updater - ERROR - Error while getting Updates: Conflict: terminated by other getUpdates request; make sure that only one bot instance is running
2025-05-02 09:21:23,991 - utils - ERROR - Update None caused error Conflict: terminated by other getUpdates request; make sure that only one bot instance is running
2025-05-02 09:21:28,098 - httpx - INFO - HTTP Request: POST https://api.telegram.org/bot8071076420:AAFzeBp37IfwX-_JYHoH51WKyhnF9NgHlvY/getUpdates "HTTP/1.1 409 Conflict"
2025-05-02 09:21:28,099 - telegram.ext.Updater - ERROR - Error while getting Updates: Conflict: terminated by other getUpdates request; make sure that only one bot instance is running
2025-05-02 09:21:28,099 - utils - ERROR - Update None caused error Conflict: terminated by other getUpdates request; make sure that only one bot instance is running
2025-05-02 09:21:35,101 - httpx - INFO - HTTP Request: POST https://api.telegram.org/bot8071076420:AAFzeBp37IfwX-_JYHoH51WKyhnF9NgHlvY/getUpdates "HTTP/1.1 200 OK"
2025-05-02 09:21:38,159 - httpx - INFO - HTTP Request: POST https://api.telegram.org/bot8071076420:AAFzeBp37IfwX-_JYHoH51WKyhnF9NgHlvY/getUpdates "HTTP/1.1 409 Conflict"
2025-05-02 09:21:38,160 - telegram.ext.Updater - ERROR - Error while getting Updates: Conflict: terminated by other getUpdates request; make sure that only one bot instance is running
2025-05-02 09:21:38,161 - utils - ERROR - Update None caused error Conflict: terminated by other getUpdates request; make sure that only one bot instance is running
2025-05-02 09:21:42,266 - httpx - INFO - HTTP Request: POST https://api.telegram.org/bot8071076420:AAFzeBp37IfwX-_JYHoH51WKyhnF9NgHlvY/getUpdates "HTTP/1.1 409 Conflict"
2025-05-02 09:21:42,267 - telegram.ext.Updater - ERROR - Error while getting Updates: Conflict: terminated by other getUpdates request; make sure that only one bot instance is running
2025-05-02 09:21:42,267 - utils - ERROR - Update None caused error Conflict: terminated by other getUpdates request; make sure that only one bot instance is running
2025-05-02 09:21:49,269 - httpx - INFO - HTTP Request: POST https://api.telegram.org/bot8071076420:AAFzeBp37IfwX-_JYHoH51WKyhnF9NgHlvY/getUpdates "HTTP/1.1 200 OK"
2025-05-02 09:21:54,069 - httpx - INFO - HTTP Request: POST https://api.telegram.org/bot8071076420:AAFzeBp37IfwX-_JYHoH51WKyhnF9NgHlvY/getUpdates "HTTP/1.1 409 Conflict"
2025-05-02 09:21:54,069 - telegram.ext.Updater - ERROR - Error while getting Updates: Conflict: terminated by other getUpdates request; make sure that only one bot instance is running
2025-05-02 09:21:54,070 - utils - ERROR - Update None caused error Conflict: terminated by other getUpdates request; make sure that only one bot instance is running
2025-05-02 09:21:58,177 - httpx - INFO - HTTP Request: POST https://api.telegram.org/bot8071076420:AAFzeBp37IfwX-_JYHoH51WKyhnF9NgHlvY/getUpdates "HTTP/1.1 409 Conflict"
2025-05-02 09:21:58,178 - telegram.ext.Updater - ERROR - Error while getting Updates: Conflict: terminated by other getUpdates request; make sure that only one bot instance is running
2025-05-02 09:21:58,179 - utils - ERROR - Update None caused error Conflict: terminated by other getUpdates request; make sure that only one bot instance is running
2025-05-02 09:22:05,181 - httpx - INFO - HTTP Request: POST https://api.telegram.org/bot8071076420:AAFzeBp37IfwX-_JYHoH51WKyhnF9NgHlvY/getUpdates "HTTP/1.1 200 OK"
2025-05-02 09:22:05,975 - httpx - INFO - HTTP Request: POST https://api.telegram.org/bot8071076420:AAFzeBp37IfwX-_JYHoH51WKyhnF9NgHlvY/getUpdates "HTTP/1.1 200 OK"
2025-05-02 09:22:06,324 - httpx - INFO - HTTP Request: POST https://api.telegram.org/bot8071076420:AAFzeBp37IfwX-_JYHoH51WKyhnF9NgHlvY/sendMessage "HTTP/1.1 200 OK"
2025-05-02 09:22:06,448 - httpx - INFO - HTTP Request: POST https://api.telegram.org/bot8071076420:AAFzeBp37IfwX-_JYHoH51WKyhnF9NgHlvY/sendMessage "HTTP/1.1 200 OK"
2025-05-02 09:22:06,601 - httpx - INFO - HTTP Request: POST https://api.telegram.org/bot8071076420:AAFzeBp37IfwX-_JYHoH51WKyhnF9NgHlvY/sendMessage "HTTP/1.1 200 OK"
2025-05-02 09:22:06,887 - httpx - INFO - HTTP Request: POST https://api.telegram.org/bot8071076420:AAFzeBp37IfwX-_JYHoH51WKyhnF9NgHlvY/sendMessage "HTTP/1.1 200 OK"
2025-05-02 09:22:12,620 - httpx - INFO - HTTP Request: POST https://api.telegram.org/bot8071076420:AAFzeBp37IfwX-_JYHoH51WKyhnF9NgHlvY/getUpdates "HTTP/1.1 409 Conflict"
2025-05-02 09:22:12,621 - telegram.ext.Updater - ERROR - Error while getting Updates: Conflict: terminated by other getUpdates request; make sure that only one bot instance is running
2025-05-02 09:22:12,621 - utils - ERROR - Update None caused error Conflict: terminated by other getUpdates request; make sure that only one bot instance is running
2025-05-02 09:22:16,728 - httpx - INFO - HTTP Request: POST https://api.telegram.org/bot8071076420:AAFzeBp37IfwX-_JYHoH51WKyhnF9NgHlvY/getUpdates "HTTP/1.1 409 Conflict"
2025-05-02 09:22:16,729 - telegram.ext.Updater - ERROR - Error while getting Updates: Conflict: terminated by other getUpdates request; make sure that only one bot instance is running
2025-05-02 09:22:16,729 - utils - ERROR - Update None caused error Conflict: terminated by other getUpdates request; make sure that only one bot instance is running
2025-05-02 09:22:23,730 - httpx - INFO - HTTP Request: POST https://api.telegram.org/bot8071076420:AAFzeBp37IfwX-_JYHoH51WKyhnF9NgHlvY/getUpdates "HTTP/1.1 200 OK"
2025-05-02 09:22:28,523 - httpx - INFO - HTTP Request: POST https://api.telegram.org/bot8071076420:AAFzeBp37IfwX-_JYHoH51WKyhnF9NgHlvY/getUpdates "HTTP/1.1 409 Conflict"
2025-05-02 09:22:28,523 - telegram.ext.Updater - ERROR - Error while getting Updates: Conflict: terminated by other getUpdates request; make sure that only one bot instance is running
2025-05-02 09:22:28,524 - utils - ERROR - Update None caused error Conflict: terminated by other getUpdates request; make sure that only one bot instance is running
2025-05-02 09:22:29,016 - httpx - INFO - HTTP Request: POST https://api.telegram.org/bot8071076420:AAFzeBp37IfwX-_JYHoH51WKyhnF9NgHlvY/getUpdates "HTTP/1.1 200 OK"
2025-05-02 09:22:29,370 - httpx - INFO - HTTP Request: POST https://api.telegram.org/bot8071076420:AAFzeBp37IfwX-_JYHoH51WKyhnF9NgHlvY/sendMessage "HTTP/1.1 200 OK"
2025-05-02 09:22:31,178 - httpx - INFO - HTTP Request: POST https://api.telegram.org/bot8071076420:AAFzeBp37IfwX-_JYHoH51WKyhnF9NgHlvY/getUpdates "HTTP/1.1 200 OK"
2025-05-02 09:22:32,253 - httpx - INFO - HTTP Request: POST https://api.telegram.org/bot8071076420:AAFzeBp37IfwX-_JYHoH51WKyhnF9NgHlvY/answerCallbackQuery "HTTP/1.1 200 OK"
2025-05-02 09:22:32,630 - httpx - INFO - HTTP Request: POST https://api.telegram.org/bot8071076420:AAFzeBp37IfwX-_JYHoH51WKyhnF9NgHlvY/getUpdates "HTTP/1.1 409 Conflict"
2025-05-02 09:22:32,631 - telegram.ext.Updater - ERROR - Error while getting Updates: Conflict: terminated by other getUpdates request; make sure that only one bot instance is running
2025-05-02 09:22:32,631 - utils - ERROR - Update None caused error Conflict: terminated by other getUpdates request; make sure that only one bot instance is running
2025-05-02 09:22:32,781 - httpx - INFO - HTTP Request: POST https://api.telegram.org/bot8071076420:AAFzeBp37IfwX-_JYHoH51WKyhnF9NgHlvY/editMessageText "HTTP/1.1 200 OK"
2025-05-02 09:22:33,738 - httpx - INFO - HTTP Request: POST https://api.telegram.org/bot8071076420:AAFzeBp37IfwX-_JYHoH51WKyhnF9NgHlvY/getUpdates "HTTP/1.1 409 Conflict"
2025-05-02 09:22:33,743 - telegram.ext.Updater - ERROR - Error while getting Updates: Conflict: terminated by other getUpdates request; make sure that only one bot instance is running
2025-05-02 09:22:33,744 - utils - ERROR - Update None caused error Conflict: terminated by other getUpdates request; make sure that only one bot instance is running
2025-05-02 09:22:37,830 - httpx - INFO - HTTP Request: POST https://api.telegram.org/bot8071076420:AAFzeBp37IfwX-_JYHoH51WKyhnF9NgHlvY/getUpdates "HTTP/1.1 200 OK"
2025-05-02 09:22:37,831 - telegram.ext.Application - INFO - Application is stopping. This might take a moment.
2025-05-02 09:22:37,832 - telegram.ext.Application - INFO - Application.stop() complete
2025-05-02 09:22:37,850 - httpx - INFO - HTTP Request: POST https://api.telegram.org/bot8071076420:AAFzeBp37IfwX-_JYHoH51WKyhnF9NgHlvY/getUpdates "HTTP/1.1 409 Conflict"
2025-05-02 09:22:37,851 - telegram.ext.Updater - ERROR - Error while getting Updates: Conflict: terminated by other getUpdates request; make sure that only one bot instance is running
2025-05-02 09:22:37,851 - utils - ERROR - Update None caused error Conflict: terminated by other getUpdates request; make sure that only one bot instance is running
2025-05-02 09:22:39,482 - httpx - INFO - HTTP Request: POST https://api.telegram.org/bot8071076420:AAFzeBp37IfwX-_JYHoH51WKyhnF9NgHlvY/getUpdates "HTTP/1.1 409 Conflict"
2025-05-02 09:22:39,483 - telegram.ext.Updater - ERROR - Error while getting Updates: Conflict: terminated by other getUpdates request; make sure that only one bot instance is running
2025-05-02 09:22:39,483 - utils - ERROR - Update None caused error Conflict: terminated by other getUpdates request; make sure that only one bot instance is running
2025-05-02 09:22:40,348 - root - INFO - Health check server started on port 8000
2025-05-02 09:22:40,370 - root - INFO - Bot started!
2025-05-02 09:22:40,693 - httpx - INFO - HTTP Request: POST https://api.telegram.org/bot8071076420:AAFzeBp37IfwX-_JYHoH51WKyhnF9NgHlvY/getMe "HTTP/1.1 200 OK"
2025-05-02 09:22:40,798 - httpx - INFO - HTTP Request: POST https://api.telegram.org/bot8071076420:AAFzeBp37IfwX-_JYHoH51WKyhnF9NgHlvY/getMe "HTTP/1.1 200 OK"
2025-05-02 09:22:40,799 - root - INFO - Bot username saved to environment: Character0_a1_bot
2025-05-02 09:22:40,902 - httpx - INFO - HTTP Request: POST https://api.telegram.org/bot8071076420:AAFzeBp37IfwX-_JYHoH51WKyhnF9NgHlvY/deleteWebhook "HTTP/1.1 200 OK"
2025-05-02 09:22:40,904 - telegram.ext.Application - INFO - Application started
2025-05-02 09:22:44,095 - httpx - INFO - HTTP Request: POST https://api.telegram.org/bot8071076420:AAFzeBp37IfwX-_JYHoH51WKyhnF9NgHlvY/getUpdates "HTTP/1.1 409 Conflict"
2025-05-02 09:22:44,096 - telegram.ext.Updater - ERROR - Error while getting Updates: Conflict: terminated by other getUpdates request; make sure that only one bot instance is running
2025-05-02 09:22:44,096 - utils - ERROR - Update None caused error Conflict: terminated by other getUpdates request; make sure that only one bot instance is running
2025-05-02 09:22:44,218 - httpx - INFO - HTTP Request: POST https://api.telegram.org/bot8071076420:AAFzeBp37IfwX-_JYHoH51WKyhnF9NgHlvY/getUpdates "HTTP/1.1 409 Conflict"
2025-05-02 09:22:44,218 - telegram.ext.Updater - ERROR - Error while getting Updates: Conflict: terminated by other getUpdates request; make sure that only one bot instance is running
2025-05-02 09:22:44,221 - utils - ERROR - Update None caused error Conflict: terminated by other getUpdates request; make sure that only one bot instance is running
2025-05-02 09:22:46,455 - httpx - INFO - HTTP Request: POST https://api.telegram.org/bot8071076420:AAFzeBp37IfwX-_JYHoH51WKyhnF9NgHlvY/getUpdates "HTTP/1.1 409 Conflict"
2025-05-02 09:22:46,456 - telegram.ext.Updater - ERROR - Error while getting Updates: Conflict: terminated by other getUpdates request; make sure that only one bot instance is running
2025-05-02 09:22:46,457 - utils - ERROR - Update None caused error Conflict: terminated by other getUpdates request; make sure that only one bot instance is running
2025-05-02 09:22:49,579 - httpx - INFO - HTTP Request: POST https://api.telegram.org/bot8071076420:AAFzeBp37IfwX-_JYHoH51WKyhnF9NgHlvY/getUpdates "HTTP/1.1 409 Conflict"
2025-05-02 09:22:49,579 - telegram.ext.Updater - ERROR - Error while getting Updates: Conflict: terminated by other getUpdates request; make sure that only one bot instance is running
2025-05-02 09:22:49,580 - utils - ERROR - Update None caused error Conflict: terminated by other getUpdates request; make sure that only one bot instance is running
2025-05-02 09:22:50,565 - httpx - INFO - HTTP Request: POST https://api.telegram.org/bot8071076420:AAFzeBp37IfwX-_JYHoH51WKyhnF9NgHlvY/getUpdates "HTTP/1.1 409 Conflict"
2025-05-02 09:22:50,566 - telegram.ext.Updater - ERROR - Error while getting Updates: Conflict: terminated by other getUpdates request; make sure that only one bot instance is running
2025-05-02 09:22:50,566 - utils - ERROR - Update None caused error Conflict: terminated by other getUpdates request; make sure that only one bot instance is running
2025-05-02 09:22:53,063 - httpx - INFO - HTTP Request: POST https://api.telegram.org/bot8071076420:AAFzeBp37IfwX-_JYHoH51WKyhnF9NgHlvY/getUpdates "HTTP/1.1 409 Conflict"
2025-05-02 09:22:53,065 - telegram.ext.Updater - ERROR - Error while getting Updates: Conflict: terminated by other getUpdates request; make sure that only one bot instance is running
2025-05-02 09:22:53,065 - utils - ERROR - Update None caused error Conflict: terminated by other getUpdates request; make sure that only one bot instance is running
2025-05-02 09:22:57,054 - httpx - INFO - HTTP Request: POST https://api.telegram.org/bot8071076420:AAFzeBp37IfwX-_JYHoH51WKyhnF9NgHlvY/getUpdates "HTTP/1.1 409 Conflict"
2025-05-02 09:22:57,055 - telegram.ext.Updater - ERROR - Error while getting Updates: Conflict: terminated by other getUpdates request; make sure that only one bot instance is running
2025-05-02 09:22:57,055 - utils - ERROR - Update None caused error Conflict: terminated by other getUpdates request; make sure that only one bot instance is running
2025-05-02 09:22:57,677 - httpx - INFO - HTTP Request: POST https://api.telegram.org/bot8071076420:AAFzeBp37IfwX-_JYHoH51WKyhnF9NgHlvY/getUpdates "HTTP/1.1 409 Conflict"
2025-05-02 09:22:57,678 - telegram.ext.Updater - ERROR - Error while getting Updates: Conflict: terminated by other getUpdates request; make sure that only one bot instance is running
2025-05-02 09:22:57,678 - utils - ERROR - Update None caused error Conflict: terminated by other getUpdates request; make sure that only one bot instance is running
2025-05-02 09:23:02,436 - httpx - INFO - HTTP Request: POST https://api.telegram.org/bot8071076420:AAFzeBp37IfwX-_JYHoH51WKyhnF9NgHlvY/getUpdates "HTTP/1.1 409 Conflict"
2025-05-02 09:23:02,437 - telegram.ext.Updater - ERROR - Error while getting Updates: Conflict: terminated by other getUpdates request; make sure that only one bot instance is running
2025-05-02 09:23:02,437 - utils - ERROR - Update None caused error Conflict: terminated by other getUpdates request; make sure that only one bot instance is running
2025-05-02 09:23:06,060 - httpx - INFO - HTTP Request: POST https://api.telegram.org/bot8071076420:AAFzeBp37IfwX-_JYHoH51WKyhnF9NgHlvY/getUpdates "HTTP/1.1 409 Conflict"
2025-05-02 09:23:06,061 - telegram.ext.Updater - ERROR - Error while getting Updates: Conflict: terminated by other getUpdates request; make sure that only one bot instance is running
2025-05-02 09:23:06,061 - utils - ERROR - Update None caused error Conflict: terminated by other getUpdates request; make sure that only one bot instance is running
2025-05-02 09:23:07,809 - httpx - INFO - HTTP Request: POST https://api.telegram.org/bot8071076420:AAFzeBp37IfwX-_JYHoH51WKyhnF9NgHlvY/getUpdates "HTTP/1.1 409 Conflict"
2025-05-02 09:23:07,809 - telegram.ext.Updater - ERROR - Error while getting Updates: Conflict: terminated by other getUpdates request; make sure that only one bot instance is running
2025-05-02 09:23:07,810 - utils - ERROR - Update None caused error Conflict: terminated by other getUpdates request; make sure that only one bot instance is running
2025-05-02 09:23:13,979 - httpx - INFO - HTTP Request: POST https://api.telegram.org/bot8071076420:AAFzeBp37IfwX-_JYHoH51WKyhnF9NgHlvY/getUpdates "HTTP/1.1 409 Conflict"
2025-05-02 09:23:13,983 - telegram.ext.Updater - ERROR - Error while getting Updates: Conflict: terminated by other getUpdates request; make sure that only one bot instance is running
2025-05-02 09:23:13,984 - utils - ERROR - Update None caused error Conflict: terminated by other getUpdates request; make sure that only one bot instance is running
2025-05-02 09:23:17,470 - httpx - INFO - HTTP Request: POST https://api.telegram.org/bot8071076420:AAFzeBp37IfwX-_JYHoH51WKyhnF9NgHlvY/getUpdates "HTTP/1.1 409 Conflict"
2025-05-02 09:23:17,471 - telegram.ext.Updater - ERROR - Error while getting Updates: Conflict: terminated by other getUpdates request; make sure that only one bot instance is running
2025-05-02 09:23:17,471 - utils - ERROR - Update None caused error Conflict: terminated by other getUpdates request; make sure that only one bot instance is running
2025-05-02 09:23:18,727 - httpx - INFO - HTTP Request: POST https://api.telegram.org/bot8071076420:AAFzeBp37IfwX-_JYHoH51WKyhnF9NgHlvY/getUpdates "HTTP/1.1 409 Conflict"
2025-05-02 09:23:18,728 - telegram.ext.Updater - ERROR - Error while getting Updates: Conflict: terminated by other getUpdates request; make sure that only one bot instance is running
2025-05-02 09:23:18,728 - utils - ERROR - Update None caused error Conflict: terminated by other getUpdates request; make sure that only one bot instance is running
2025-05-02 09:23:27,469 - httpx - INFO - HTTP Request: POST https://api.telegram.org/bot8071076420:AAFzeBp37IfwX-_JYHoH51WKyhnF9NgHlvY/getUpdates "HTTP/1.1 200 OK"
2025-05-02 09:23:29,185 - httpx - INFO - HTTP Request: POST https://api.telegram.org/bot8071076420:AAFzeBp37IfwX-_JYHoH51WKyhnF9NgHlvY/getUpdates "HTTP/1.1 409 Conflict"
2025-05-02 09:23:29,186 - telegram.ext.Updater - ERROR - Error while getting Updates: Conflict: terminated by other getUpdates request; make sure that only one bot instance is running
2025-05-02 09:23:29,187 - utils - ERROR - Update None caused error Conflict: terminated by other getUpdates request; make sure that only one bot instance is running
2025-05-02 09:23:29,600 - httpx - INFO - HTTP Request: POST https://api.telegram.org/bot8071076420:AAFzeBp37IfwX-_JYHoH51WKyhnF9NgHlvY/getUpdates "HTTP/1.1 200 OK"
2025-05-02 09:23:29,946 - httpx - INFO - HTTP Request: POST https://api.telegram.org/bot8071076420:AAFzeBp37IfwX-_JYHoH51WKyhnF9NgHlvY/sendMessage "HTTP/1.1 200 OK"
2025-05-02 09:23:33,294 - httpx - INFO - HTTP Request: POST https://api.telegram.org/bot8071076420:AAFzeBp37IfwX-_JYHoH51WKyhnF9NgHlvY/getUpdates "HTTP/1.1 409 Conflict"
2025-05-02 09:23:33,296 - telegram.ext.Updater - ERROR - Error while getting Updates: Conflict: terminated by other getUpdates request; make sure that only one bot instance is running
2025-05-02 09:23:33,296 - utils - ERROR - Update None caused error Conflict: terminated by other getUpdates request; make sure that only one bot instance is running
2025-05-02 09:23:33,446 - httpx - INFO - HTTP Request: POST https://api.telegram.org/bot8071076420:AAFzeBp37IfwX-_JYHoH51WKyhnF9NgHlvY/getUpdates "HTTP/1.1 409 Conflict"
2025-05-02 09:23:33,447 - telegram.ext.Updater - ERROR - Error while getting Updates: Conflict: terminated by other getUpdates request; make sure that only one bot instance is running
2025-05-02 09:23:33,447 - utils - ERROR - Update None caused error Conflict: terminated by other getUpdates request; make sure that only one bot instance is running
2025-05-02 09:23:34,400 - httpx - INFO - HTTP Request: POST https://api.telegram.org/bot8071076420:AAFzeBp37IfwX-_JYHoH51WKyhnF9NgHlvY/getUpdates "HTTP/1.1 409 Conflict"
2025-05-02 09:23:34,401 - telegram.ext.Updater - ERROR - Error while getting Updates: Conflict: terminated by other getUpdates request; make sure that only one bot instance is running
2025-05-02 09:23:34,401 - utils - ERROR - Update None caused error Conflict: terminated by other getUpdates request; make sure that only one bot instance is running
2025-05-02 09:23:38,054 - httpx - INFO - HTTP Request: POST https://api.telegram.org/bot8071076420:AAFzeBp37IfwX-_JYHoH51WKyhnF9NgHlvY/getUpdates "HTTP/1.1 409 Conflict"
2025-05-02 09:23:38,055 - telegram.ext.Updater - ERROR - Error while getting Updates: Conflict: terminated by other getUpdates request; make sure that only one bot instance is running
2025-05-02 09:23:38,055 - utils - ERROR - Update None caused error Conflict: terminated by other getUpdates request; make sure that only one bot instance is running
2025-05-02 09:23:39,661 - httpx - INFO - HTTP Request: POST https://api.telegram.org/bot8071076420:AAFzeBp37IfwX-_JYHoH51WKyhnF9NgHlvY/getUpdates "HTTP/1.1 409 Conflict"
2025-05-02 09:23:39,662 - telegram.ext.Updater - ERROR - Error while getting Updates: Conflict: terminated by other getUpdates request; make sure that only one bot instance is running
2025-05-02 09:23:39,662 - utils - ERROR - Update None caused error Conflict: terminated by other getUpdates request; make sure that only one bot instance is running
2025-05-02 09:23:45,037 - httpx - INFO - HTTP Request: POST https://api.telegram.org/bot8071076420:AAFzeBp37IfwX-_JYHoH51WKyhnF9NgHlvY/getUpdates "HTTP/1.1 409 Conflict"
2025-05-02 09:23:45,037 - telegram.ext.Updater - ERROR - Error while getting Updates: Conflict: terminated by other getUpdates request; make sure that only one bot instance is running
2025-05-02 09:23:45,038 - utils - ERROR - Update None caused error Conflict: terminated by other getUpdates request; make sure that only one bot instance is running
2025-05-02 09:23:47,394 - httpx - INFO - HTTP Request: POST https://api.telegram.org/bot8071076420:AAFzeBp37IfwX-_JYHoH51WKyhnF9NgHlvY/getUpdates "HTTP/1.1 409 Conflict"
2025-05-02 09:23:47,394 - telegram.ext.Updater - ERROR - Error while getting Updates: Conflict: terminated by other getUpdates request; make sure that only one bot instance is running
2025-05-02 09:23:47,395 - utils - ERROR - Update None caused error Conflict: terminated by other getUpdates request; make sure that only one bot instance is running
2025-05-02 09:23:49,081 - httpx - INFO - HTTP Request: POST https://api.telegram.org/bot8071076420:AAFzeBp37IfwX-_JYHoH51WKyhnF9NgHlvY/getUpdates "HTTP/1.1 200 OK"
2025-05-02 09:23:49,580 - httpx - INFO - HTTP Request: POST https://api.telegram.org/bot8071076420:AAFzeBp37IfwX-_JYHoH51WKyhnF9NgHlvY/sendChatAction "HTTP/1.1 200 OK"
2025-05-02 09:23:50,876 - httpx - INFO - HTTP Request: POST https://api.telegram.org/bot8071076420:AAFzeBp37IfwX-_JYHoH51WKyhnF9NgHlvY/getUpdates "HTTP/1.1 409 Conflict"
2025-05-02 09:23:50,877 - telegram.ext.Updater - ERROR - Error while getting Updates: Conflict: terminated by other getUpdates request; make sure that only one bot instance is running
2025-05-02 09:23:50,877 - utils - ERROR - Update None caused error Conflict: terminated by other getUpdates request; make sure that only one bot instance is running
2025-05-02 09:23:52,253 - httpx - INFO - HTTP Request: POST https://api.telegram.org/bot8071076420:AAFzeBp37IfwX-_JYHoH51WKyhnF9NgHlvY/sendMessage "HTTP/1.1 200 OK"
2025-05-02 09:23:54,827 - httpx - INFO - HTTP Request: POST https://api.telegram.org/bot8071076420:AAFzeBp37IfwX-_JYHoH51WKyhnF9NgHlvY/getUpdates "HTTP/1.1 409 Conflict"
2025-05-02 09:23:54,828 - telegram.ext.Updater - ERROR - Error while getting Updates: Conflict: terminated by other getUpdates request; make sure that only one bot instance is running
2025-05-02 09:23:54,828 - utils - ERROR - Update None caused error Conflict: terminated by other getUpdates request; make sure that only one bot instance is running
2025-05-02 09:23:54,982 - httpx - INFO - HTTP Request: POST https://api.telegram.org/bot8071076420:AAFzeBp37IfwX-_JYHoH51WKyhnF9NgHlvY/getUpdates "HTTP/1.1 409 Conflict"
2025-05-02 09:23:54,983 - telegram.ext.Updater - ERROR - Error while getting Updates: Conflict: terminated by other getUpdates request; make sure that only one bot instance is running
2025-05-02 09:23:54,983 - utils - ERROR - Update None caused error Conflict: terminated by other getUpdates request; make sure that only one bot instance is running
2025-05-02 09:24:00,229 - httpx - INFO - HTTP Request: POST https://api.telegram.org/bot8071076420:AAFzeBp37IfwX-_JYHoH51WKyhnF9NgHlvY/getUpdates "HTTP/1.1 409 Conflict"
2025-05-02 09:24:00,231 - telegram.ext.Updater - ERROR - Error while getting Updates: Conflict: terminated by other getUpdates request; make sure that only one bot instance is running
2025-05-02 09:24:00,231 - utils - ERROR - Update None caused error Conflict: terminated by other getUpdates request; make sure that only one bot instance is running
2025-05-02 09:24:04,846 - httpx - INFO - HTTP Request: POST https://api.telegram.org/bot8071076420:AAFzeBp37IfwX-_JYHoH51WKyhnF9NgHlvY/getUpdates "HTTP/1.1 409 Conflict"
2025-05-02 09:24:04,847 - telegram.ext.Updater - ERROR - Error while getting Updates: Conflict: terminated by other getUpdates request; make sure that only one bot instance is running
2025-05-02 09:24:04,847 - utils - ERROR - Update None caused error Conflict: terminated by other getUpdates request; make sure that only one bot instance is running
2025-05-02 09:24:08,351 - httpx - INFO - HTTP Request: POST https://api.telegram.org/bot8071076420:AAFzeBp37IfwX-_JYHoH51WKyhnF9NgHlvY/getUpdates "HTTP/1.1 200 OK"
2025-05-02 09:24:08,788 - httpx - INFO - HTTP Request: POST https://api.telegram.org/bot8071076420:AAFzeBp37IfwX-_JYHoH51WKyhnF9NgHlvY/sendMessage "HTTP/1.1 200 OK"
2025-05-02 09:24:12,763 - httpx - INFO - HTTP Request: POST https://api.telegram.org/bot8071076420:AAFzeBp37IfwX-_JYHoH51WKyhnF9NgHlvY/getUpdates "HTTP/1.1 409 Conflict"
2025-05-02 09:24:12,764 - telegram.ext.Updater - ERROR - Error while getting Updates: Conflict: terminated by other getUpdates request; make sure that only one bot instance is running
2025-05-02 09:24:12,765 - utils - ERROR - Update None caused error Conflict: terminated by other getUpdates request; make sure that only one bot instance is running
2025-05-02 09:24:15,590 - httpx - INFO - HTTP Request: POST https://api.telegram.org/bot8071076420:AAFzeBp37IfwX-_JYHoH51WKyhnF9NgHlvY/getUpdates "HTTP/1.1 200 OK"
2025-05-02 09:24:15,911 - httpx - INFO - HTTP Request: POST https://api.telegram.org/bot8071076420:AAFzeBp37IfwX-_JYHoH51WKyhnF9NgHlvY/answerCallbackQuery "HTTP/1.1 200 OK"
2025-05-02 09:24:16,033 - httpx - INFO - HTTP Request: POST https://api.telegram.org/bot8071076420:AAFzeBp37IfwX-_JYHoH51WKyhnF9NgHlvY/editMessageText "HTTP/1.1 200 OK"
2025-05-02 09:24:16,870 - httpx - INFO - HTTP Request: POST https://api.telegram.org/bot8071076420:AAFzeBp37IfwX-_JYHoH51WKyhnF9NgHlvY/getUpdates "HTTP/1.1 409 Conflict"
2025-05-02 09:24:16,871 - telegram.ext.Updater - ERROR - Error while getting Updates: Conflict: terminated by other getUpdates request; make sure that only one bot instance is running
2025-05-02 09:24:16,871 - utils - ERROR - Update None caused error Conflict: terminated by other getUpdates request; make sure that only one bot instance is running
2025-05-02 09:24:17,320 - httpx - INFO - HTTP Request: POST https://api.telegram.org/bot8071076420:AAFzeBp37IfwX-_JYHoH51WKyhnF9NgHlvY/getUpdates "HTTP/1.1 200 OK"
2025-05-02 09:24:17,436 - httpx - INFO - HTTP Request: POST https://api.telegram.org/bot8071076420:AAFzeBp37IfwX-_JYHoH51WKyhnF9NgHlvY/answerCallbackQuery "HTTP/1.1 200 OK"
2025-05-02 09:24:17,571 - httpx - INFO - HTTP Request: POST https://api.telegram.org/bot8071076420:AAFzeBp37IfwX-_JYHoH51WKyhnF9NgHlvY/editMessageText "HTTP/1.1 200 OK"
2025-05-02 09:24:19,305 - httpx - INFO - HTTP Request: POST https://api.telegram.org/bot8071076420:AAFzeBp37IfwX-_JYHoH51WKyhnF9NgHlvY/getUpdates "HTTP/1.1 200 OK"
2025-05-02 09:24:19,441 - httpx - INFO - HTTP Request: POST https://api.telegram.org/bot8071076420:AAFzeBp37IfwX-_JYHoH51WKyhnF9NgHlvY/sendMessage "HTTP/1.1 200 OK"
2025-05-02 09:24:20,953 - httpx - INFO - HTTP Request: POST https://api.telegram.org/bot8071076420:AAFzeBp37IfwX-_JYHoH51WKyhnF9NgHlvY/getUpdates "HTTP/1.1 409 Conflict"
2025-05-02 09:24:20,954 - telegram.ext.Updater - ERROR - Error while getting Updates: Conflict: terminated by other getUpdates request; make sure that only one bot instance is running
2025-05-02 09:24:20,954 - utils - ERROR - Update None caused error Conflict: terminated by other getUpdates request; make sure that only one bot instance is running
2025-05-02 09:24:25,061 - httpx - INFO - HTTP Request: POST https://api.telegram.org/bot8071076420:AAFzeBp37IfwX-_JYHoH51WKyhnF9NgHlvY/getUpdates "HTTP/1.1 409 Conflict"
2025-05-02 09:24:25,062 - telegram.ext.Updater - ERROR - Error while getting Updates: Conflict: terminated by other getUpdates request; make sure that only one bot instance is running
2025-05-02 09:24:25,062 - utils - ERROR - Update None caused error Conflict: terminated by other getUpdates request; make sure that only one bot instance is running
2025-05-02 09:24:25,815 - httpx - INFO - HTTP Request: POST https://api.telegram.org/bot8071076420:AAFzeBp37IfwX-_JYHoH51WKyhnF9NgHlvY/getUpdates "HTTP/1.1 200 OK"
2025-05-02 09:24:26,134 - httpx - INFO - HTTP Request: POST https://api.telegram.org/bot8071076420:AAFzeBp37IfwX-_JYHoH51WKyhnF9NgHlvY/answerCallbackQuery "HTTP/1.1 200 OK"
2025-05-02 09:24:26,257 - httpx - INFO - HTTP Request: POST https://api.telegram.org/bot8071076420:AAFzeBp37IfwX-_JYHoH51WKyhnF9NgHlvY/editMessageText "HTTP/1.1 200 OK"
2025-05-02 09:24:27,323 - httpx - INFO - HTTP Request: POST https://api.telegram.org/bot8071076420:AAFzeBp37IfwX-_JYHoH51WKyhnF9NgHlvY/getUpdates "HTTP/1.1 200 OK"
2025-05-02 09:24:27,433 - httpx - INFO - HTTP Request: POST https://api.telegram.org/bot8071076420:AAFzeBp37IfwX-_JYHoH51WKyhnF9NgHlvY/answerCallbackQuery "HTTP/1.1 200 OK"
2025-05-02 09:24:27,553 - httpx - INFO - HTTP Request: POST https://api.telegram.org/bot8071076420:AAFzeBp37IfwX-_JYHoH51WKyhnF9NgHlvY/editMessageText "HTTP/1.1 200 OK"
2025-05-02 09:24:28,589 - httpx - INFO - HTTP Request: POST https://api.telegram.org/bot8071076420:AAFzeBp37IfwX-_JYHoH51WKyhnF9NgHlvY/getUpdates "HTTP/1.1 409 Conflict"
2025-05-02 09:24:28,590 - telegram.ext.Updater - ERROR - Error while getting Updates: Conflict: terminated by other getUpdates request; make sure that only one bot instance is running
2025-05-02 09:24:28,590 - utils - ERROR - Update None caused error Conflict: terminated by other getUpdates request; make sure that only one bot instance is running
2025-05-02 09:24:32,699 - httpx - INFO - HTTP Request: POST https://api.telegram.org/bot8071076420:AAFzeBp37IfwX-_JYHoH51WKyhnF9NgHlvY/getUpdates "HTTP/1.1 409 Conflict"
2025-05-02 09:24:32,700 - telegram.ext.Updater - ERROR - Error while getting Updates: Conflict: terminated by other getUpdates request; make sure that only one bot instance is running
2025-05-02 09:24:32,700 - utils - ERROR - Update None caused error Conflict: terminated by other getUpdates request; make sure that only one bot instance is running
2025-05-02 09:24:39,695 - httpx - INFO - HTTP Request: POST https://api.telegram.org/bot8071076420:AAFzeBp37IfwX-_JYHoH51WKyhnF9NgHlvY/getUpdates "HTTP/1.1 200 OK"
2025-05-02 09:24:49,800 - httpx - INFO - HTTP Request: POST https://api.telegram.org/bot8071076420:AAFzeBp37IfwX-_JYHoH51WKyhnF9NgHlvY/getUpdates "HTTP/1.1 200 OK"
2025-05-02 09:24:50,115 - httpx - INFO - HTTP Request: POST https://api.telegram.org/bot8071076420:AAFzeBp37IfwX-_JYHoH51WKyhnF9NgHlvY/getUpdates "HTTP/1.1 409 Conflict"
2025-05-02 09:24:50,116 - telegram.ext.Updater - ERROR - Error while getting Updates: Conflict: terminated by other getUpdates request; make sure that only one bot instance is running
2025-05-02 09:24:50,116 - utils - ERROR - Update None caused error Conflict: terminated by other getUpdates request; make sure that only one bot instance is running
2025-05-02 09:24:54,222 - httpx - INFO - HTTP Request: POST https://api.telegram.org/bot8071076420:AAFzeBp37IfwX-_JYHoH51WKyhnF9NgHlvY/getUpdates "HTTP/1.1 409 Conflict"
2025-05-02 09:24:54,223 - telegram.ext.Updater - ERROR - Error while getting Updates: Conflict: terminated by other getUpdates request; make sure that only one bot instance is running
2025-05-02 09:24:54,223 - utils - ERROR - Update None caused error Conflict: terminated by other getUpdates request; make sure that only one bot instance is running
2025-05-02 09:24:55,424 - httpx - INFO - HTTP Request: POST https://api.telegram.org/bot8071076420:AAFzeBp37IfwX-_JYHoH51WKyhnF9NgHlvY/getUpdates "HTTP/1.1 409 Conflict"
2025-05-02 09:24:55,424 - telegram.ext.Updater - ERROR - Error while getting Updates: Conflict: terminated by other getUpdates request; make sure that only one bot instance is running
2025-05-02 09:24:55,425 - utils - ERROR - Update None caused error Conflict: terminated by other getUpdates request; make sure that only one bot instance is running
2025-05-02 09:25:00,033 - httpx - INFO - HTTP Request: POST https://api.telegram.org/bot8071076420:AAFzeBp37IfwX-_JYHoH51WKyhnF9NgHlvY/getUpdates "HTTP/1.1 409 Conflict"
2025-05-02 09:25:00,035 - telegram.ext.Updater - ERROR - Error while getting Updates: Conflict: terminated by other getUpdates request; make sure that only one bot instance is running
2025-05-02 09:25:00,035 - utils - ERROR - Update None caused error Conflict: terminated by other getUpdates request; make sure that only one bot instance is running
2025-05-02 09:25:07,034 - httpx - INFO - HTTP Request: POST https://api.telegram.org/bot8071076420:AAFzeBp37IfwX-_JYHoH51WKyhnF9NgHlvY/getUpdates "HTTP/1.1 200 OK"
2025-05-02 09:25:17,141 - httpx - INFO - HTTP Request: POST https://api.telegram.org/bot8071076420:AAFzeBp37IfwX-_JYHoH51WKyhnF9NgHlvY/getUpdates "HTTP/1.1 200 OK"
2025-05-02 09:25:20,190 - httpx - INFO - HTTP Request: POST https://api.telegram.org/bot8071076420:AAFzeBp37IfwX-_JYHoH51WKyhnF9NgHlvY/getUpdates "HTTP/1.1 409 Conflict"
2025-05-02 09:25:20,191 - telegram.ext.Updater - ERROR - Error while getting Updates: Conflict: terminated by other getUpdates request; make sure that only one bot instance is running
2025-05-02 09:25:20,192 - utils - ERROR - Update None caused error Conflict: terminated by other getUpdates request; make sure that only one bot instance is running
2025-05-02 09:25:24,299 - httpx - INFO - HTTP Request: POST https://api.telegram.org/bot8071076420:AAFzeBp37IfwX-_JYHoH51WKyhnF9NgHlvY/getUpdates "HTTP/1.1 409 Conflict"
2025-05-02 09:25:24,299 - telegram.ext.Updater - ERROR - Error while getting Updates: Conflict: terminated by other getUpdates request; make sure that only one bot instance is running
2025-05-02 09:25:24,300 - utils - ERROR - Update None caused error Conflict: terminated by other getUpdates request; make sure that only one bot instance is running
2025-05-02 09:25:30,381 - httpx - INFO - HTTP Request: POST https://api.telegram.org/bot8071076420:AAFzeBp37IfwX-_JYHoH51WKyhnF9NgHlvY/getUpdates "HTTP/1.1 409 Conflict"
2025-05-02 09:25:30,382 - telegram.ext.Updater - ERROR - Error while getting Updates: Conflict: terminated by other getUpdates request; make sure that only one bot instance is running
2025-05-02 09:25:30,382 - utils - ERROR - Update None caused error Conflict: terminated by other getUpdates request; make sure that only one bot instance is running
2025-05-02 09:25:34,992 - httpx - INFO - HTTP Request: POST https://api.telegram.org/bot8071076420:AAFzeBp37IfwX-_JYHoH51WKyhnF9NgHlvY/getUpdates "HTTP/1.1 409 Conflict"
2025-05-02 09:25:34,993 - telegram.ext.Updater - ERROR - Error while getting Updates: Conflict: terminated by other getUpdates request; make sure that only one bot instance is running
2025-05-02 09:25:34,993 - utils - ERROR - Update None caused error Conflict: terminated by other getUpdates request; make sure that only one bot instance is running
2025-05-02 09:25:41,990 - httpx - INFO - HTTP Request: POST https://api.telegram.org/bot8071076420:AAFzeBp37IfwX-_JYHoH51WKyhnF9NgHlvY/getUpdates "HTTP/1.1 200 OK"
2025-05-02 09:25:52,096 - httpx - INFO - HTTP Request: POST https://api.telegram.org/bot8071076420:AAFzeBp37IfwX-_JYHoH51WKyhnF9NgHlvY/getUpdates "HTTP/1.1 200 OK"
2025-05-02 09:25:54,642 - httpx - INFO - HTTP Request: POST https://api.telegram.org/bot8071076420:AAFzeBp37IfwX-_JYHoH51WKyhnF9NgHlvY/getUpdates "HTTP/1.1 409 Conflict"
2025-05-02 09:25:54,643 - telegram.ext.Updater - ERROR - Error while getting Updates: Conflict: terminated by other getUpdates request; make sure that only one bot instance is running
2025-05-02 09:25:54,643 - utils - ERROR - Update None caused error Conflict: terminated by other getUpdates request; make sure that only one bot instance is running
2025-05-02 09:25:58,758 - httpx - INFO - HTTP Request: POST https://api.telegram.org/bot8071076420:AAFzeBp37IfwX-_JYHoH51WKyhnF9NgHlvY/getUpdates "HTTP/1.1 409 Conflict"
2025-05-02 09:25:58,759 - telegram.ext.Updater - ERROR - Error while getting Updates: Conflict: terminated by other getUpdates request; make sure that only one bot instance is running
2025-05-02 09:25:58,759 - utils - ERROR - Update None caused error Conflict: terminated by other getUpdates request; make sure that only one bot instance is running
2025-05-02 09:26:00,909 - httpx - INFO - HTTP Request: POST https://api.telegram.org/bot8071076420:AAFzeBp37IfwX-_JYHoH51WKyhnF9NgHlvY/getUpdates "HTTP/1.1 200 OK"
2025-05-02 09:26:00,909 - telegram.ext.Application - INFO - Application is stopping. This might take a moment.
2025-05-02 09:26:00,909 - telegram.ext.Application - INFO - Application.stop() complete
2025-05-02 09:26:03,506 - root - ERROR - Health check server error: [Errno 98] Address already in use
2025-05-02 09:26:03,528 - root - INFO - Bot started!
2025-05-02 09:26:03,858 - httpx - INFO - HTTP Request: POST https://api.telegram.org/bot8071076420:AAFzeBp37IfwX-_JYHoH51WKyhnF9NgHlvY/getMe "HTTP/1.1 200 OK"
2025-05-02 09:26:03,964 - httpx - INFO - HTTP Request: POST https://api.telegram.org/bot8071076420:AAFzeBp37IfwX-_JYHoH51WKyhnF9NgHlvY/getMe "HTTP/1.1 200 OK"
2025-05-02 09:26:03,965 - root - INFO - Bot username saved to environment: Character0_a1_bot
2025-05-02 09:26:04,079 - httpx - INFO - HTTP Request: POST https://api.telegram.org/bot8071076420:AAFzeBp37IfwX-_JYHoH51WKyhnF9NgHlvY/deleteWebhook "HTTP/1.1 200 OK"
2025-05-02 09:26:04,081 - telegram.ext.Application - INFO - Application started
2025-05-02 09:26:04,391 - httpx - INFO - HTTP Request: POST https://api.telegram.org/bot8071076420:AAFzeBp37IfwX-_JYHoH51WKyhnF9NgHlvY/getUpdates "HTTP/1.1 409 Conflict"
2025-05-02 09:26:04,392 - telegram.ext.Updater - ERROR - Error while getting Updates: Conflict: terminated by other getUpdates request; make sure that only one bot instance is running
2025-05-02 09:26:04,393 - utils - ERROR - Update None caused error Conflict: terminated by other getUpdates request; make sure that only one bot instance is running
2025-05-02 09:26:09,000 - httpx - INFO - HTTP Request: POST https://api.telegram.org/bot8071076420:AAFzeBp37IfwX-_JYHoH51WKyhnF9NgHlvY/getUpdates "HTTP/1.1 409 Conflict"
2025-05-02 09:26:09,001 - telegram.ext.Updater - ERROR - Error while getting Updates: Conflict: terminated by other getUpdates request; make sure that only one bot instance is running
2025-05-02 09:26:09,001 - utils - ERROR - Update None caused error Conflict: terminated by other getUpdates request; make sure that only one bot instance is running
2025-05-02 09:26:10,110 - httpx - INFO - HTTP Request: POST https://api.telegram.org/bot8071076420:AAFzeBp37IfwX-_JYHoH51WKyhnF9NgHlvY/getUpdates "HTTP/1.1 409 Conflict"
2025-05-02 09:26:10,111 - telegram.ext.Updater - ERROR - Error while getting Updates: Conflict: terminated by other getUpdates request; make sure that only one bot instance is running
2025-05-02 09:26:10,111 - utils - ERROR - Update None caused error Conflict: terminated by other getUpdates request; make sure that only one bot instance is running
2025-05-02 09:26:15,470 - httpx - INFO - HTTP Request: POST https://api.telegram.org/bot8071076420:AAFzeBp37IfwX-_JYHoH51WKyhnF9NgHlvY/getUpdates "HTTP/1.1 409 Conflict"
2025-05-02 09:26:15,471 - telegram.ext.Updater - ERROR - Error while getting Updates: Conflict: terminated by other getUpdates request; make sure that only one bot instance is running
2025-05-02 09:26:15,473 - utils - ERROR - Update None caused error Conflict: terminated by other getUpdates request; make sure that only one bot instance is running
2025-05-02 09:26:17,101 - httpx - INFO - HTTP Request: POST https://api.telegram.org/bot8071076420:AAFzeBp37IfwX-_JYHoH51WKyhnF9NgHlvY/getUpdates "HTTP/1.1 409 Conflict"
2025-05-02 09:26:17,102 - telegram.ext.Updater - ERROR - Error while getting Updates: Conflict: terminated by other getUpdates request; make sure that only one bot instance is running
2025-05-02 09:26:17,102 - utils - ERROR - Update None caused error Conflict: terminated by other getUpdates request; make sure that only one bot instance is running
2025-05-02 09:26:20,588 - httpx - INFO - HTTP Request: POST https://api.telegram.org/bot8071076420:AAFzeBp37IfwX-_JYHoH51WKyhnF9NgHlvY/getUpdates "HTTP/1.1 409 Conflict"
2025-05-02 09:26:20,589 - telegram.ext.Updater - ERROR - Error while getting Updates: Conflict: terminated by other getUpdates request; make sure that only one bot instance is running
2025-05-02 09:26:20,589 - utils - ERROR - Update None caused error Conflict: terminated by other getUpdates request; make sure that only one bot instance is running
2025-05-02 09:26:25,945 - httpx - INFO - HTTP Request: POST https://api.telegram.org/bot8071076420:AAFzeBp37IfwX-_JYHoH51WKyhnF9NgHlvY/getUpdates "HTTP/1.1 409 Conflict"
2025-05-02 09:26:25,946 - telegram.ext.Updater - ERROR - Error while getting Updates: Conflict: terminated by other getUpdates request; make sure that only one bot instance is running
2025-05-02 09:26:25,946 - utils - ERROR - Update None caused error Conflict: terminated by other getUpdates request; make sure that only one bot instance is running
2025-05-02 09:26:29,101 - httpx - INFO - HTTP Request: POST https://api.telegram.org/bot8071076420:AAFzeBp37IfwX-_JYHoH51WKyhnF9NgHlvY/getUpdates "HTTP/1.1 409 Conflict"
2025-05-02 09:26:29,102 - telegram.ext.Updater - ERROR - Error while getting Updates: Conflict: terminated by other getUpdates request; make sure that only one bot instance is running
2025-05-02 09:26:29,103 - utils - ERROR - Update None caused error Conflict: terminated by other getUpdates request; make sure that only one bot instance is running
2025-05-02 09:26:32,586 - httpx - INFO - HTTP Request: POST https://api.telegram.org/bot8071076420:AAFzeBp37IfwX-_JYHoH51WKyhnF9NgHlvY/getUpdates "HTTP/1.1 409 Conflict"
2025-05-02 09:26:32,587 - telegram.ext.Updater - ERROR - Error while getting Updates: Conflict: terminated by other getUpdates request; make sure that only one bot instance is running
2025-05-02 09:26:32,587 - utils - ERROR - Update None caused error Conflict: terminated by other getUpdates request; make sure that only one bot instance is running
2025-05-02 09:26:34,330 - httpx - INFO - HTTP Request: POST https://api.telegram.org/bot8071076420:AAFzeBp37IfwX-_JYHoH51WKyhnF9NgHlvY/getUpdates "HTTP/1.1 409 Conflict"
2025-05-02 09:26:34,331 - telegram.ext.Updater - ERROR - Error while getting Updates: Conflict: terminated by other getUpdates request; make sure that only one bot instance is running
2025-05-02 09:26:34,331 - utils - ERROR - Update None caused error Conflict: terminated by other getUpdates request; make sure that only one bot instance is running
2025-05-02 09:26:40,504 - httpx - INFO - HTTP Request: POST https://api.telegram.org/bot8071076420:AAFzeBp37IfwX-_JYHoH51WKyhnF9NgHlvY/getUpdates "HTTP/1.1 409 Conflict"
2025-05-02 09:26:40,505 - telegram.ext.Updater - ERROR - Error while getting Updates: Conflict: terminated by other getUpdates request; make sure that only one bot instance is running
2025-05-02 09:26:40,505 - utils - ERROR - Update None caused error Conflict: terminated by other getUpdates request; make sure that only one bot instance is running
2025-05-02 09:26:45,889 - httpx - INFO - HTTP Request: POST https://api.telegram.org/bot8071076420:AAFzeBp37IfwX-_JYHoH51WKyhnF9NgHlvY/getUpdates "HTTP/1.1 409 Conflict"
2025-05-02 09:26:45,890 - telegram.ext.Updater - ERROR - Error while getting Updates: Conflict: terminated by other getUpdates request; make sure that only one bot instance is running
2025-05-02 09:26:45,890 - utils - ERROR - Update None caused error Conflict: terminated by other getUpdates request; make sure that only one bot instance is running
2025-05-02 09:26:55,888 - httpx - INFO - HTTP Request: POST https://api.telegram.org/bot8071076420:AAFzeBp37IfwX-_JYHoH51WKyhnF9NgHlvY/getUpdates "HTTP/1.1 200 OK"
2025-05-02 09:26:57,608 - httpx - INFO - HTTP Request: POST https://api.telegram.org/bot8071076420:AAFzeBp37IfwX-_JYHoH51WKyhnF9NgHlvY/getUpdates "HTTP/1.1 409 Conflict"
2025-05-02 09:26:57,609 - telegram.ext.Updater - ERROR - Error while getting Updates: Conflict: terminated by other getUpdates request; make sure that only one bot instance is running
2025-05-02 09:26:57,610 - utils - ERROR - Update None caused error Conflict: terminated by other getUpdates request; make sure that only one bot instance is running
2025-05-02 09:27:01,722 - httpx - INFO - HTTP Request: POST https://api.telegram.org/bot8071076420:AAFzeBp37IfwX-_JYHoH51WKyhnF9NgHlvY/getUpdates "HTTP/1.1 409 Conflict"
2025-05-02 09:27:01,723 - telegram.ext.Updater - ERROR - Error while getting Updates: Conflict: terminated by other getUpdates request; make sure that only one bot instance is running
2025-05-02 09:27:01,723 - utils - ERROR - Update None caused error Conflict: terminated by other getUpdates request; make sure that only one bot instance is running
2025-05-02 09:27:04,672 - httpx - INFO - HTTP Request: POST https://api.telegram.org/bot8071076420:AAFzeBp37IfwX-_JYHoH51WKyhnF9NgHlvY/getUpdates "HTTP/1.1 409 Conflict"
2025-05-02 09:27:04,673 - telegram.ext.Updater - ERROR - Error while getting Updates: Conflict: terminated by other getUpdates request; make sure that only one bot instance is running
2025-05-02 09:27:04,673 - utils - ERROR - Update None caused error Conflict: terminated by other getUpdates request; make sure that only one bot instance is running
2025-05-02 09:27:09,280 - httpx - INFO - HTTP Request: POST https://api.telegram.org/bot8071076420:AAFzeBp37IfwX-_JYHoH51WKyhnF9NgHlvY/getUpdates "HTTP/1.1 409 Conflict"
2025-05-02 09:27:09,281 - telegram.ext.Updater - ERROR - Error while getting Updates: Conflict: terminated by other getUpdates request; make sure that only one bot instance is running
2025-05-02 09:27:09,281 - utils - ERROR - Update None caused error Conflict: terminated by other getUpdates request; make sure that only one bot instance is running
2025-05-02 09:27:16,285 - httpx - INFO - HTTP Request: POST https://api.telegram.org/bot8071076420:AAFzeBp37IfwX-_JYHoH51WKyhnF9NgHlvY/getUpdates "HTTP/1.1 200 OK"
2025-05-02 09:27:19,140 - httpx - INFO - HTTP Request: POST https://api.telegram.org/bot8071076420:AAFzeBp37IfwX-_JYHoH51WKyhnF9NgHlvY/getUpdates "HTTP/1.1 409 Conflict"
2025-05-02 09:27:19,141 - telegram.ext.Updater - ERROR - Error while getting Updates: Conflict: terminated by other getUpdates request; make sure that only one bot instance is running
2025-05-02 09:27:19,142 - utils - ERROR - Update None caused error Conflict: terminated by other getUpdates request; make sure that only one bot instance is running
2025-05-02 09:27:23,248 - httpx - INFO - HTTP Request: POST https://api.telegram.org/bot8071076420:AAFzeBp37IfwX-_JYHoH51WKyhnF9NgHlvY/getUpdates "HTTP/1.1 409 Conflict"
2025-05-02 09:27:23,249 - telegram.ext.Updater - ERROR - Error while getting Updates: Conflict: terminated by other getUpdates request; make sure that only one bot instance is running
2025-05-02 09:27:23,249 - utils - ERROR - Update None caused error Conflict: terminated by other getUpdates request; make sure that only one bot instance is running
2025-05-02 09:27:30,223 - httpx - INFO - HTTP Request: POST https://api.telegram.org/bot8071076420:AAFzeBp37IfwX-_JYHoH51WKyhnF9NgHlvY/getUpdates "HTTP/1.1 200 OK"
2025-05-02 09:27:33,646 - httpx - INFO - HTTP Request: POST https://api.telegram.org/bot8071076420:AAFzeBp37IfwX-_JYHoH51WKyhnF9NgHlvY/getUpdates "HTTP/1.1 200 OK"
2025-05-02 09:27:33,988 - httpx - INFO - HTTP Request: POST https://api.telegram.org/bot8071076420:AAFzeBp37IfwX-_JYHoH51WKyhnF9NgHlvY/sendMessage "HTTP/1.1 200 OK"
2025-05-02 09:27:39,623 - httpx - INFO - HTTP Request: POST https://api.telegram.org/bot8071076420:AAFzeBp37IfwX-_JYHoH51WKyhnF9NgHlvY/getUpdates "HTTP/1.1 409 Conflict"
2025-05-02 09:27:39,623 - telegram.ext.Updater - ERROR - Error while getting Updates: Conflict: terminated by other getUpdates request; make sure that only one bot instance is running
2025-05-02 09:27:39,624 - utils - ERROR - Update None caused error Conflict: terminated by other getUpdates request; make sure that only one bot instance is running
2025-05-02 09:27:40,787 - httpx - INFO - HTTP Request: POST https://api.telegram.org/bot8071076420:AAFzeBp37IfwX-_JYHoH51WKyhnF9NgHlvY/getUpdates "HTTP/1.1 200 OK"
2025-05-02 09:27:41,154 - httpx - INFO - HTTP Request: POST https://api.telegram.org/bot8071076420:AAFzeBp37IfwX-_JYHoH51WKyhnF9NgHlvY/answerCallbackQuery "HTTP/1.1 200 OK"
2025-05-02 09:27:41,308 - httpx - INFO - HTTP Request: POST https://api.telegram.org/bot8071076420:AAFzeBp37IfwX-_JYHoH51WKyhnF9NgHlvY/editMessageText "HTTP/1.1 200 OK"
2025-05-02 09:27:42,888 - httpx - INFO - HTTP Request: POST https://api.telegram.org/bot8071076420:AAFzeBp37IfwX-_JYHoH51WKyhnF9NgHlvY/getUpdates "HTTP/1.1 200 OK"
2025-05-02 09:27:43,000 - httpx - INFO - HTTP Request: POST https://api.telegram.org/bot8071076420:AAFzeBp37IfwX-_JYHoH51WKyhnF9NgHlvY/answerCallbackQuery "HTTP/1.1 200 OK"
2025-05-02 09:27:43,135 - httpx - INFO - HTTP Request: POST https://api.telegram.org/bot8071076420:AAFzeBp37IfwX-_JYHoH51WKyhnF9NgHlvY/editMessageText "HTTP/1.1 200 OK"
2025-05-02 09:27:43,729 - httpx - INFO - HTTP Request: POST https://api.telegram.org/bot8071076420:AAFzeBp37IfwX-_JYHoH51WKyhnF9NgHlvY/getUpdates "HTTP/1.1 409 Conflict"
2025-05-02 09:27:43,730 - telegram.ext.Updater - ERROR - Error while getting Updates: Conflict: terminated by other getUpdates request; make sure that only one bot instance is running
2025-05-02 09:27:43,730 - utils - ERROR - Update None caused error Conflict: terminated by other getUpdates request; make sure that only one bot instance is running
2025-05-02 09:27:46,626 - httpx - INFO - HTTP Request: POST https://api.telegram.org/bot8071076420:AAFzeBp37IfwX-_JYHoH51WKyhnF9NgHlvY/getUpdates "HTTP/1.1 200 OK"
2025-05-02 09:27:46,774 - httpx - INFO - HTTP Request: POST https://api.telegram.org/bot8071076420:AAFzeBp37IfwX-_JYHoH51WKyhnF9NgHlvY/sendMessage "HTTP/1.1 200 OK"
2025-05-02 09:27:49,274 - httpx - INFO - HTTP Request: POST https://api.telegram.org/bot8071076420:AAFzeBp37IfwX-_JYHoH51WKyhnF9NgHlvY/getUpdates "HTTP/1.1 409 Conflict"
2025-05-02 09:27:49,275 - telegram.ext.Updater - ERROR - Error while getting Updates: Conflict: terminated by other getUpdates request; make sure that only one bot instance is running
2025-05-02 09:27:49,275 - utils - ERROR - Update None caused error Conflict: terminated by other getUpdates request; make sure that only one bot instance is running
2025-05-02 09:27:53,381 - httpx - INFO - HTTP Request: POST https://api.telegram.org/bot8071076420:AAFzeBp37IfwX-_JYHoH51WKyhnF9NgHlvY/getUpdates "HTTP/1.1 409 Conflict"
2025-05-02 09:27:53,382 - telegram.ext.Updater - ERROR - Error while getting Updates: Conflict: terminated by other getUpdates request; make sure that only one bot instance is running
2025-05-02 09:27:53,382 - utils - ERROR - Update None caused error Conflict: terminated by other getUpdates request; make sure that only one bot instance is running
2025-05-02 09:27:56,643 - httpx - INFO - HTTP Request: POST https://api.telegram.org/bot8071076420:AAFzeBp37IfwX-_JYHoH51WKyhnF9NgHlvY/getUpdates "HTTP/1.1 200 OK"
2025-05-02 09:27:56,980 - httpx - INFO - HTTP Request: POST https://api.telegram.org/bot8071076420:AAFzeBp37IfwX-_JYHoH51WKyhnF9NgHlvY/sendMessage "HTTP/1.1 200 OK"
2025-05-02 09:28:03,038 - httpx - INFO - HTTP Request: POST https://api.telegram.org/bot8071076420:AAFzeBp37IfwX-_JYHoH51WKyhnF9NgHlvY/getUpdates "HTTP/1.1 200 OK"
2025-05-02 09:28:03,382 - httpx - INFO - HTTP Request: POST https://api.telegram.org/bot8071076420:AAFzeBp37IfwX-_JYHoH51WKyhnF9NgHlvY/sendMessage "HTTP/1.1 200 OK"
2025-05-02 09:28:10,615 - httpx - INFO - HTTP Request: POST https://api.telegram.org/bot8071076420:AAFzeBp37IfwX-_JYHoH51WKyhnF9NgHlvY/getUpdates "HTTP/1.1 200 OK"
2025-05-02 09:28:10,948 - httpx - INFO - HTTP Request: POST https://api.telegram.org/bot8071076420:AAFzeBp37IfwX-_JYHoH51WKyhnF9NgHlvY/sendMessage "HTTP/1.1 200 OK"
2025-05-02 09:28:13,796 - httpx - INFO - HTTP Request: POST https://api.telegram.org/bot8071076420:AAFzeBp37IfwX-_JYHoH51WKyhnF9NgHlvY/getUpdates "HTTP/1.1 200 OK"
2025-05-02 09:28:13,921 - httpx - INFO - HTTP Request: POST https://api.telegram.org/bot8071076420:AAFzeBp37IfwX-_JYHoH51WKyhnF9NgHlvY/sendMessage "HTTP/1.1 200 OK"
2025-05-02 09:28:14,073 - httpx - INFO - HTTP Request: POST https://api.telegram.org/bot8071076420:AAFzeBp37IfwX-_JYHoH51WKyhnF9NgHlvY/getUpdates "HTTP/1.1 409 Conflict"
2025-05-02 09:28:14,074 - telegram.ext.Updater - ERROR - Error while getting Updates: Conflict: terminated by other getUpdates request; make sure that only one bot instance is running
2025-05-02 09:28:14,074 - utils - ERROR - Update None caused error Conflict: terminated by other getUpdates request; make sure that only one bot instance is running
2025-05-02 09:28:18,179 - httpx - INFO - HTTP Request: POST https://api.telegram.org/bot8071076420:AAFzeBp37IfwX-_JYHoH51WKyhnF9NgHlvY/getUpdates "HTTP/1.1 409 Conflict"
2025-05-02 09:28:18,181 - telegram.ext.Updater - ERROR - Error while getting Updates: Conflict: terminated by other getUpdates request; make sure that only one bot instance is running
2025-05-02 09:28:18,181 - utils - ERROR - Update None caused error Conflict: terminated by other getUpdates request; make sure that only one bot instance is running
2025-05-02 09:28:23,728 - httpx - INFO - HTTP Request: POST https://api.telegram.org/bot8071076420:AAFzeBp37IfwX-_JYHoH51WKyhnF9NgHlvY/getUpdates "HTTP/1.1 409 Conflict"
2025-05-02 09:28:23,728 - telegram.ext.Updater - ERROR - Error while getting Updates: Conflict: terminated by other getUpdates request; make sure that only one bot instance is running
2025-05-02 09:28:23,729 - utils - ERROR - Update None caused error Conflict: terminated by other getUpdates request; make sure that only one bot instance is running
2025-05-02 09:28:28,335 - httpx - INFO - HTTP Request: POST https://api.telegram.org/bot8071076420:AAFzeBp37IfwX-_JYHoH51WKyhnF9NgHlvY/getUpdates "HTTP/1.1 409 Conflict"
2025-05-02 09:28:28,336 - telegram.ext.Updater - ERROR - Error while getting Updates: Conflict: terminated by other getUpdates request; make sure that only one bot instance is running
2025-05-02 09:28:28,336 - utils - ERROR - Update None caused error Conflict: terminated by other getUpdates request; make sure that only one bot instance is running
2025-05-02 09:28:35,335 - httpx - INFO - HTTP Request: POST https://api.telegram.org/bot8071076420:AAFzeBp37IfwX-_JYHoH51WKyhnF9NgHlvY/getUpdates "HTTP/1.1 200 OK"
2025-05-02 09:28:45,441 - httpx - INFO - HTTP Request: POST https://api.telegram.org/bot8071076420:AAFzeBp37IfwX-_JYHoH51WKyhnF9NgHlvY/getUpdates "HTTP/1.1 200 OK"
2025-05-02 09:28:48,544 - httpx - INFO - HTTP Request: POST https://api.telegram.org/bot8071076420:AAFzeBp37IfwX-_JYHoH51WKyhnF9NgHlvY/getUpdates "HTTP/1.1 409 Conflict"
2025-05-02 09:28:48,545 - telegram.ext.Updater - ERROR - Error while getting Updates: Conflict: terminated by other getUpdates request; make sure that only one bot instance is running
2025-05-02 09:28:48,545 - utils - ERROR - Update None caused error Conflict: terminated by other getUpdates request; make sure that only one bot instance is running
2025-05-02 09:28:52,651 - httpx - INFO - HTTP Request: POST https://api.telegram.org/bot8071076420:AAFzeBp37IfwX-_JYHoH51WKyhnF9NgHlvY/getUpdates "HTTP/1.1 409 Conflict"
2025-05-02 09:28:52,652 - telegram.ext.Updater - ERROR - Error while getting Updates: Conflict: terminated by other getUpdates request; make sure that only one bot instance is running
2025-05-02 09:28:52,653 - utils - ERROR - Update None caused error Conflict: terminated by other getUpdates request; make sure that only one bot instance is running
2025-05-02 09:28:58,688 - httpx - INFO - HTTP Request: POST https://api.telegram.org/bot8071076420:AAFzeBp37IfwX-_JYHoH51WKyhnF9NgHlvY/getUpdates "HTTP/1.1 409 Conflict"
2025-05-02 09:28:58,688 - telegram.ext.Updater - ERROR - Error while getting Updates: Conflict: terminated by other getUpdates request; make sure that only one bot instance is running
2025-05-02 09:28:58,689 - utils - ERROR - Update None caused error Conflict: terminated by other getUpdates request; make sure that only one bot instance is running
2025-05-02 09:29:03,297 - httpx - INFO - HTTP Request: POST https://api.telegram.org/bot8071076420:AAFzeBp37IfwX-_JYHoH51WKyhnF9NgHlvY/getUpdates "HTTP/1.1 409 Conflict"
2025-05-02 09:29:03,298 - telegram.ext.Updater - ERROR - Error while getting Updates: Conflict: terminated by other getUpdates request; make sure that only one bot instance is running
2025-05-02 09:29:03,298 - utils - ERROR - Update None caused error Conflict: terminated by other getUpdates request; make sure that only one bot instance is running
2025-05-02 09:29:10,294 - httpx - INFO - HTTP Request: POST https://api.telegram.org/bot8071076420:AAFzeBp37IfwX-_JYHoH51WKyhnF9NgHlvY/getUpdates "HTTP/1.1 200 OK"
2025-05-02 09:29:20,401 - httpx - INFO - HTTP Request: POST https://api.telegram.org/bot8071076420:AAFzeBp37IfwX-_JYHoH51WKyhnF9NgHlvY/getUpdates "HTTP/1.1 200 OK"
2025-05-02 09:29:22,995 - httpx - INFO - HTTP Request: POST https://api.telegram.org/bot8071076420:AAFzeBp37IfwX-_JYHoH51WKyhnF9NgHlvY/getUpdates "HTTP/1.1 409 Conflict"
2025-05-02 09:29:22,996 - telegram.ext.Updater - ERROR - Error while getting Updates: Conflict: terminated by other getUpdates request; make sure that only one bot instance is running
2025-05-02 09:29:22,996 - utils - ERROR - Update None caused error Conflict: terminated by other getUpdates request; make sure that only one bot instance is running
2025-05-02 09:29:27,104 - httpx - INFO - HTTP Request: POST https://api.telegram.org/bot8071076420:AAFzeBp37IfwX-_JYHoH51WKyhnF9NgHlvY/getUpdates "HTTP/1.1 409 Conflict"
2025-05-02 09:29:27,105 - telegram.ext.Updater - ERROR - Error while getting Updates: Conflict: terminated by other getUpdates request; make sure that only one bot instance is running
2025-05-02 09:29:27,105 - utils - ERROR - Update None caused error Conflict: terminated by other getUpdates request; make sure that only one bot instance is running
2025-05-02 09:29:33,638 - httpx - INFO - HTTP Request: POST https://api.telegram.org/bot8071076420:AAFzeBp37IfwX-_JYHoH51WKyhnF9NgHlvY/getUpdates "HTTP/1.1 409 Conflict"
2025-05-02 09:29:33,639 - telegram.ext.Updater - ERROR - Error while getting Updates: Conflict: terminated by other getUpdates request; make sure that only one bot instance is running
2025-05-02 09:29:33,639 - utils - ERROR - Update None caused error Conflict: terminated by other getUpdates request; make sure that only one bot instance is running
2025-05-02 09:29:38,255 - httpx - INFO - HTTP Request: POST https://api.telegram.org/bot8071076420:AAFzeBp37IfwX-_JYHoH51WKyhnF9NgHlvY/getUpdates "HTTP/1.1 409 Conflict"
2025-05-02 09:29:38,256 - telegram.ext.Updater - ERROR - Error while getting Updates: Conflict: terminated by other getUpdates request; make sure that only one bot instance is running
2025-05-02 09:29:38,256 - utils - ERROR - Update None caused error Conflict: terminated by other getUpdates request; make sure that only one bot instance is running
2025-05-02 09:29:45,248 - httpx - INFO - HTTP Request: POST https://api.telegram.org/bot8071076420:AAFzeBp37IfwX-_JYHoH51WKyhnF9NgHlvY/getUpdates "HTTP/1.1 200 OK"
2025-05-02 09:29:52,842 - httpx - INFO - HTTP Request: POST https://api.telegram.org/bot8071076420:AAFzeBp37IfwX-_JYHoH51WKyhnF9NgHlvY/getUpdates "HTTP/1.1 200 OK"
2025-05-02 09:29:52,843 - telegram.ext.Application - INFO - Application is stopping. This might take a moment.
2025-05-02 09:29:52,844 - telegram.ext.Application - INFO - Application.stop() complete
2025-05-02 09:29:55,354 - httpx - INFO - HTTP Request: POST https://api.telegram.org/bot8071076420:AAFzeBp37IfwX-_JYHoH51WKyhnF9NgHlvY/getUpdates "HTTP/1.1 200 OK"
2025-05-02 09:29:55,422 - root - ERROR - Health check server error: [Errno 98] Address already in use
2025-05-02 09:29:55,442 - root - INFO - Bot started!
2025-05-02 09:29:55,767 - httpx - INFO - HTTP Request: POST https://api.telegram.org/bot8071076420:AAFzeBp37IfwX-_JYHoH51WKyhnF9NgHlvY/getMe "HTTP/1.1 200 OK"
2025-05-02 09:29:55,876 - httpx - INFO - HTTP Request: POST https://api.telegram.org/bot8071076420:AAFzeBp37IfwX-_JYHoH51WKyhnF9NgHlvY/getMe "HTTP/1.1 200 OK"
2025-05-02 09:29:55,877 - root - INFO - Bot username saved to environment: Character0_a1_bot
2025-05-02 09:29:55,981 - httpx - INFO - HTTP Request: POST https://api.telegram.org/bot8071076420:AAFzeBp37IfwX-_JYHoH51WKyhnF9NgHlvY/deleteWebhook "HTTP/1.1 200 OK"
2025-05-02 09:29:55,983 - telegram.ext.Application - INFO - Application started
2025-05-02 09:29:56,300 - httpx - INFO - HTTP Request: POST https://api.telegram.org/bot8071076420:AAFzeBp37IfwX-_JYHoH51WKyhnF9NgHlvY/getUpdates "HTTP/1.1 409 Conflict"
2025-05-02 09:29:56,300 - telegram.ext.Updater - ERROR - Error while getting Updates: Conflict: terminated by other getUpdates request; make sure that only one bot instance is running
2025-05-02 09:29:56,300 - utils - ERROR - Update None caused error Conflict: terminated by other getUpdates request; make sure that only one bot instance is running
2025-05-02 09:30:00,406 - httpx - INFO - HTTP Request: POST https://api.telegram.org/bot8071076420:AAFzeBp37IfwX-_JYHoH51WKyhnF9NgHlvY/getUpdates "HTTP/1.1 409 Conflict"
2025-05-02 09:30:00,407 - telegram.ext.Updater - ERROR - Error while getting Updates: Conflict: terminated by other getUpdates request; make sure that only one bot instance is running
2025-05-02 09:30:00,407 - utils - ERROR - Update None caused error Conflict: terminated by other getUpdates request; make sure that only one bot instance is running
2025-05-02 09:30:00,450 - httpx - INFO - HTTP Request: POST https://api.telegram.org/bot8071076420:AAFzeBp37IfwX-_JYHoH51WKyhnF9NgHlvY/getUpdates "HTTP/1.1 409 Conflict"
2025-05-02 09:30:00,451 - telegram.ext.Updater - ERROR - Error while getting Updates: Conflict: terminated by other getUpdates request; make sure that only one bot instance is running
2025-05-02 09:30:00,451 - utils - ERROR - Update None caused error Conflict: terminated by other getUpdates request; make sure that only one bot instance is running
2025-05-02 09:30:01,516 - httpx - INFO - HTTP Request: POST https://api.telegram.org/bot8071076420:AAFzeBp37IfwX-_JYHoH51WKyhnF9NgHlvY/getUpdates "HTTP/1.1 409 Conflict"
2025-05-02 09:30:01,516 - telegram.ext.Updater - ERROR - Error while getting Updates: Conflict: terminated by other getUpdates request; make sure that only one bot instance is running
2025-05-02 09:30:01,517 - utils - ERROR - Update None caused error Conflict: terminated by other getUpdates request; make sure that only one bot instance is running
2025-05-02 09:30:05,061 - httpx - INFO - HTTP Request: POST https://api.telegram.org/bot8071076420:AAFzeBp37IfwX-_JYHoH51WKyhnF9NgHlvY/getUpdates "HTTP/1.1 409 Conflict"
2025-05-02 09:30:05,062 - telegram.ext.Updater - ERROR - Error while getting Updates: Conflict: terminated by other getUpdates request; make sure that only one bot instance is running
2025-05-02 09:30:05,062 - utils - ERROR - Update None caused error Conflict: terminated by other getUpdates request; make sure that only one bot instance is running
2025-05-02 09:30:06,667 - httpx - INFO - HTTP Request: POST https://api.telegram.org/bot8071076420:AAFzeBp37IfwX-_JYHoH51WKyhnF9NgHlvY/getUpdates "HTTP/1.1 409 Conflict"
2025-05-02 09:30:06,668 - telegram.ext.Updater - ERROR - Error while getting Updates: Conflict: terminated by other getUpdates request; make sure that only one bot instance is running
2025-05-02 09:30:06,668 - utils - ERROR - Update None caused error Conflict: terminated by other getUpdates request; make sure that only one bot instance is running
2025-05-02 09:30:12,050 - httpx - INFO - HTTP Request: POST https://api.telegram.org/bot8071076420:AAFzeBp37IfwX-_JYHoH51WKyhnF9NgHlvY/getUpdates "HTTP/1.1 409 Conflict"
2025-05-02 09:30:12,051 - telegram.ext.Updater - ERROR - Error while getting Updates: Conflict: terminated by other getUpdates request; make sure that only one bot instance is running
2025-05-02 09:30:12,051 - utils - ERROR - Update None caused error Conflict: terminated by other getUpdates request; make sure that only one bot instance is running
2025-05-02 09:30:14,409 - httpx - INFO - HTTP Request: POST https://api.telegram.org/bot8071076420:AAFzeBp37IfwX-_JYHoH51WKyhnF9NgHlvY/getUpdates "HTTP/1.1 409 Conflict"
2025-05-02 09:30:14,409 - telegram.ext.Updater - ERROR - Error while getting Updates: Conflict: terminated by other getUpdates request; make sure that only one bot instance is running
2025-05-02 09:30:14,409 - utils - ERROR - Update None caused error Conflict: terminated by other getUpdates request; make sure that only one bot instance is running
2025-05-02 09:30:17,895 - httpx - INFO - HTTP Request: POST https://api.telegram.org/bot8071076420:AAFzeBp37IfwX-_JYHoH51WKyhnF9NgHlvY/getUpdates "HTTP/1.1 409 Conflict"
2025-05-02 09:30:17,896 - telegram.ext.Updater - ERROR - Error while getting Updates: Conflict: terminated by other getUpdates request; make sure that only one bot instance is running
2025-05-02 09:30:17,896 - utils - ERROR - Update None caused error Conflict: terminated by other getUpdates request; make sure that only one bot instance is running
2025-05-02 09:30:21,380 - httpx - INFO - HTTP Request: POST https://api.telegram.org/bot8071076420:AAFzeBp37IfwX-_JYHoH51WKyhnF9NgHlvY/getUpdates "HTTP/1.1 409 Conflict"
2025-05-02 09:30:21,381 - telegram.ext.Updater - ERROR - Error while getting Updates: Conflict: terminated by other getUpdates request; make sure that only one bot instance is running
2025-05-02 09:30:21,381 - utils - ERROR - Update None caused error Conflict: terminated by other getUpdates request; make sure that only one bot instance is running
2025-05-02 09:30:24,737 - httpx - INFO - HTTP Request: POST https://api.telegram.org/bot8071076420:AAFzeBp37IfwX-_JYHoH51WKyhnF9NgHlvY/getUpdates "HTTP/1.1 409 Conflict"
2025-05-02 09:30:24,737 - telegram.ext.Updater - ERROR - Error while getting Updates: Conflict: terminated by other getUpdates request; make sure that only one bot instance is running
2025-05-02 09:30:24,738 - utils - ERROR - Update None caused error Conflict: terminated by other getUpdates request; make sure that only one bot instance is running
2025-05-02 09:30:26,901 - root - INFO - Health check server started on port 8000
2025-05-02 09:30:26,916 - root - INFO - Bot started!
2025-05-02 09:30:27,236 - httpx - INFO - HTTP Request: POST https://api.telegram.org/bot8071076420:AAFzeBp37IfwX-_JYHoH51WKyhnF9NgHlvY/getMe "HTTP/1.1 200 OK"
2025-05-02 09:30:27,343 - httpx - INFO - HTTP Request: POST https://api.telegram.org/bot8071076420:AAFzeBp37IfwX-_JYHoH51WKyhnF9NgHlvY/getMe "HTTP/1.1 200 OK"
2025-05-02 09:30:27,344 - root - INFO - Bot username saved to environment: Character0_a1_bot
2025-05-02 09:30:27,449 - httpx - INFO - HTTP Request: POST https://api.telegram.org/bot8071076420:AAFzeBp37IfwX-_JYHoH51WKyhnF9NgHlvY/deleteWebhook "HTTP/1.1 200 OK"
2025-05-02 09:30:27,450 - telegram.ext.Application - INFO - Application started
2025-05-02 09:30:27,764 - httpx - INFO - HTTP Request: POST https://api.telegram.org/bot8071076420:AAFzeBp37IfwX-_JYHoH51WKyhnF9NgHlvY/getUpdates "HTTP/1.1 409 Conflict"
2025-05-02 09:30:27,765 - telegram.ext.Updater - ERROR - Error while getting Updates: Conflict: terminated by other getUpdates request; make sure that only one bot instance is running
2025-05-02 09:30:27,765 - utils - ERROR - Update None caused error Conflict: terminated by other getUpdates request; make sure that only one bot instance is running
2025-05-02 09:30:33,122 - httpx - INFO - HTTP Request: POST https://api.telegram.org/bot8071076420:AAFzeBp37IfwX-_JYHoH51WKyhnF9NgHlvY/getUpdates "HTTP/1.1 409 Conflict"
2025-05-02 09:30:33,123 - telegram.ext.Updater - ERROR - Error while getting Updates: Conflict: terminated by other getUpdates request; make sure that only one bot instance is running
2025-05-02 09:30:33,124 - utils - ERROR - Update None caused error Conflict: terminated by other getUpdates request; make sure that only one bot instance is running
2025-05-02 09:30:34,236 - httpx - INFO - HTTP Request: POST https://api.telegram.org/bot8071076420:AAFzeBp37IfwX-_JYHoH51WKyhnF9NgHlvY/getUpdates "HTTP/1.1 409 Conflict"
2025-05-02 09:30:34,237 - telegram.ext.Updater - ERROR - Error while getting Updates: Conflict: terminated by other getUpdates request; make sure that only one bot instance is running
2025-05-02 09:30:34,237 - utils - ERROR - Update None caused error Conflict: terminated by other getUpdates request; make sure that only one bot instance is running
2025-05-02 09:30:38,681 - httpx - INFO - HTTP Request: POST https://api.telegram.org/bot8071076420:AAFzeBp37IfwX-_JYHoH51WKyhnF9NgHlvY/getUpdates "HTTP/1.1 409 Conflict"
2025-05-02 09:30:38,682 - telegram.ext.Updater - ERROR - Error while getting Updates: Conflict: terminated by other getUpdates request; make sure that only one bot instance is running
2025-05-02 09:30:38,682 - utils - ERROR - Update None caused error Conflict: terminated by other getUpdates request; make sure that only one bot instance is running
2025-05-02 09:30:40,287 - httpx - INFO - HTTP Request: POST https://api.telegram.org/bot8071076420:AAFzeBp37IfwX-_JYHoH51WKyhnF9NgHlvY/getUpdates "HTTP/1.1 409 Conflict"
2025-05-02 09:30:40,288 - telegram.ext.Updater - ERROR - Error while getting Updates: Conflict: terminated by other getUpdates request; make sure that only one bot instance is running
2025-05-02 09:30:40,288 - utils - ERROR - Update None caused error Conflict: terminated by other getUpdates request; make sure that only one bot instance is running
2025-05-02 09:30:45,154 - httpx - INFO - HTTP Request: POST https://api.telegram.org/bot8071076420:AAFzeBp37IfwX-_JYHoH51WKyhnF9NgHlvY/getUpdates "HTTP/1.1 409 Conflict"
2025-05-02 09:30:45,154 - telegram.ext.Updater - ERROR - Error while getting Updates: Conflict: terminated by other getUpdates request; make sure that only one bot instance is running
2025-05-02 09:30:45,154 - utils - ERROR - Update None caused error Conflict: terminated by other getUpdates request; make sure that only one bot instance is running
2025-05-02 09:30:47,511 - httpx - INFO - HTTP Request: POST https://api.telegram.org/bot8071076420:AAFzeBp37IfwX-_JYHoH51WKyhnF9NgHlvY/getUpdates "HTTP/1.1 409 Conflict"
2025-05-02 09:30:47,511 - telegram.ext.Updater - ERROR - Error while getting Updates: Conflict: terminated by other getUpdates request; make sure that only one bot instance is running
2025-05-02 09:30:47,511 - utils - ERROR - Update None caused error Conflict: terminated by other getUpdates request; make sure that only one bot instance is running
2025-05-02 09:30:47,728 - httpx - INFO - HTTP Request: POST https://api.telegram.org/bot8071076420:AAFzeBp37IfwX-_JYHoH51WKyhnF9NgHlvY/getUpdates "HTTP/1.1 200 OK"
2025-05-02 09:30:47,729 - telegram.ext.Application - INFO - Application is stopping. This might take a moment.
2025-05-02 09:30:47,729 - telegram.ext.Application - INFO - Application.stop() complete
2025-05-02 09:30:50,347 - root - ERROR - Health check server error: [Errno 98] Address already in use
2025-05-02 09:30:50,363 - root - INFO - Bot started!
2025-05-02 09:30:50,764 - httpx - INFO - HTTP Request: POST https://api.telegram.org/bot8071076420:AAFzeBp37IfwX-_JYHoH51WKyhnF9NgHlvY/getMe "HTTP/1.1 200 OK"
2025-05-02 09:30:50,869 - httpx - INFO - HTTP Request: POST https://api.telegram.org/bot8071076420:AAFzeBp37IfwX-_JYHoH51WKyhnF9NgHlvY/getMe "HTTP/1.1 200 OK"
2025-05-02 09:30:50,871 - root - INFO - Bot username saved to environment: Character0_a1_bot
2025-05-02 09:30:50,977 - httpx - INFO - HTTP Request: POST https://api.telegram.org/bot8071076420:AAFzeBp37IfwX-_JYHoH51WKyhnF9NgHlvY/deleteWebhook "HTTP/1.1 200 OK"
2025-05-02 09:30:50,978 - telegram.ext.Application - INFO - Application started
2025-05-02 09:30:51,304 - httpx - INFO - HTTP Request: POST https://api.telegram.org/bot8071076420:AAFzeBp37IfwX-_JYHoH51WKyhnF9NgHlvY/getUpdates "HTTP/1.1 409 Conflict"
2025-05-02 09:30:51,304 - telegram.ext.Updater - ERROR - Error while getting Updates: Conflict: terminated by other getUpdates request; make sure that only one bot instance is running
2025-05-02 09:30:51,305 - utils - ERROR - Update None caused error Conflict: terminated by other getUpdates request; make sure that only one bot instance is running
2025-05-02 09:30:54,789 - httpx - INFO - HTTP Request: POST https://api.telegram.org/bot8071076420:AAFzeBp37IfwX-_JYHoH51WKyhnF9NgHlvY/getUpdates "HTTP/1.1 409 Conflict"
2025-05-02 09:30:54,790 - telegram.ext.Updater - ERROR - Error while getting Updates: Conflict: terminated by other getUpdates request; make sure that only one bot instance is running
2025-05-02 09:30:54,790 - utils - ERROR - Update None caused error Conflict: terminated by other getUpdates request; make sure that only one bot instance is running
2025-05-02 09:30:58,899 - httpx - INFO - HTTP Request: POST https://api.telegram.org/bot8071076420:AAFzeBp37IfwX-_JYHoH51WKyhnF9NgHlvY/getUpdates "HTTP/1.1 409 Conflict"
2025-05-02 09:30:58,901 - telegram.ext.Updater - ERROR - Error while getting Updates: Conflict: terminated by other getUpdates request; make sure that only one bot instance is running
2025-05-02 09:30:58,901 - utils - ERROR - Update None caused error Conflict: terminated by other getUpdates request; make sure that only one bot instance is running
2025-05-02 09:30:59,234 - httpx - INFO - HTTP Request: POST https://api.telegram.org/bot8071076420:AAFzeBp37IfwX-_JYHoH51WKyhnF9NgHlvY/getUpdates "HTTP/1.1 409 Conflict"
2025-05-02 09:30:59,236 - telegram.ext.Updater - ERROR - Error while getting Updates: Conflict: terminated by other getUpdates request; make sure that only one bot instance is running
2025-05-02 09:30:59,236 - utils - ERROR - Update None caused error Conflict: terminated by other getUpdates request; make sure that only one bot instance is running
2025-05-02 09:31:03,862 - httpx - INFO - HTTP Request: POST https://api.telegram.org/bot8071076420:AAFzeBp37IfwX-_JYHoH51WKyhnF9NgHlvY/getUpdates "HTTP/1.1 409 Conflict"
2025-05-02 09:31:03,862 - telegram.ext.Updater - ERROR - Error while getting Updates: Conflict: terminated by other getUpdates request; make sure that only one bot instance is running
2025-05-02 09:31:03,863 - utils - ERROR - Update None caused error Conflict: terminated by other getUpdates request; make sure that only one bot instance is running
2025-05-02 09:31:04,285 - httpx - INFO - HTTP Request: POST https://api.telegram.org/bot8071076420:AAFzeBp37IfwX-_JYHoH51WKyhnF9NgHlvY/getUpdates "HTTP/1.1 409 Conflict"
2025-05-02 09:31:04,286 - telegram.ext.Updater - ERROR - Error while getting Updates: Conflict: terminated by other getUpdates request; make sure that only one bot instance is running
2025-05-02 09:31:04,286 - utils - ERROR - Update None caused error Conflict: terminated by other getUpdates request; make sure that only one bot instance is running
2025-05-02 09:31:09,658 - httpx - INFO - HTTP Request: POST https://api.telegram.org/bot8071076420:AAFzeBp37IfwX-_JYHoH51WKyhnF9NgHlvY/getUpdates "HTTP/1.1 409 Conflict"
2025-05-02 09:31:09,659 - telegram.ext.Updater - ERROR - Error while getting Updates: Conflict: terminated by other getUpdates request; make sure that only one bot instance is running
2025-05-02 09:31:09,659 - utils - ERROR - Update None caused error Conflict: terminated by other getUpdates request; make sure that only one bot instance is running
2025-05-02 09:31:13,660 - httpx - INFO - HTTP Request: POST https://api.telegram.org/bot8071076420:AAFzeBp37IfwX-_JYHoH51WKyhnF9NgHlvY/getUpdates "HTTP/1.1 200 OK"
2025-05-02 09:31:13,661 - telegram.ext.Application - INFO - Application is stopping. This might take a moment.
2025-05-02 09:31:13,661 - telegram.ext.Application - INFO - Application.stop() complete
2025-05-02 09:31:16,870 - httpx - INFO - HTTP Request: POST https://api.telegram.org/bot8071076420:AAFzeBp37IfwX-_JYHoH51WKyhnF9NgHlvY/getUpdates "HTTP/1.1 409 Conflict"
2025-05-02 09:31:16,871 - httpx - INFO - HTTP Request: POST https://api.telegram.org/bot8071076420:AAFzeBp37IfwX-_JYHoH51WKyhnF9NgHlvY/getUpdates "HTTP/1.1 200 OK"
2025-05-02 09:31:16,871 - telegram.ext.Application - INFO - Application is stopping. This might take a moment.
2025-05-02 09:31:16,872 - telegram.ext.Application - INFO - Application.stop() complete
2025-05-02 09:31:16,871 - telegram.ext.Updater - ERROR - Error while calling `get_updates` one more time to mark all fetched updates as read: %s. Suppressing error to ensure graceful shutdown. When polling for updates is restarted, updates may be fetched again. Please adjust timeouts via `ApplicationBuilder` or the parameter `get_updates_request` of `Bot`.
Traceback (most recent call last):
  File "/home/runner/workspace/.pythonlibs/lib/python3.11/site-packages/telegram/ext/_updater.py", line 433, in _get_updates_cleanup
    await self.bot.get_updates(
  File "/home/runner/workspace/.pythonlibs/lib/python3.11/site-packages/telegram/ext/_extbot.py", line 558, in get_updates
    updates = await super().get_updates(
              ^^^^^^^^^^^^^^^^^^^^^^^^^^
  File "/home/runner/workspace/.pythonlibs/lib/python3.11/site-packages/telegram/_bot.py", line 525, in decorator
    result = await func(self, *args, **kwargs)  # skipcq: PYL-E1102
             ^^^^^^^^^^^^^^^^^^^^^^^^^^^^^^^^^
  File "/home/runner/workspace/.pythonlibs/lib/python3.11/site-packages/telegram/_bot.py", line 3584, in get_updates
    await self._post(
  File "/home/runner/workspace/.pythonlibs/lib/python3.11/site-packages/telegram/_bot.py", line 613, in _post
    return await self._do_post(
           ^^^^^^^^^^^^^^^^^^^^
  File "/home/runner/workspace/.pythonlibs/lib/python3.11/site-packages/telegram/ext/_extbot.py", line 340, in _do_post
    return await super()._do_post(
           ^^^^^^^^^^^^^^^^^^^^^^^
  File "/home/runner/workspace/.pythonlibs/lib/python3.11/site-packages/telegram/_bot.py", line 641, in _do_post
    return await request.post(
           ^^^^^^^^^^^^^^^^^^^
  File "/home/runner/workspace/.pythonlibs/lib/python3.11/site-packages/telegram/request/_baserequest.py", line 200, in post
    result = await self._request_wrapper(
             ^^^^^^^^^^^^^^^^^^^^^^^^^^^^
  File "/home/runner/workspace/.pythonlibs/lib/python3.11/site-packages/telegram/request/_baserequest.py", line 381, in _request_wrapper
    raise Conflict(message)
telegram.error.Conflict: Conflict: terminated by other getUpdates request; make sure that only one bot instance is running
2025-05-02 09:31:16,876 - telegram.ext.Application - INFO - Application is stopping. This might take a moment.
2025-05-02 09:31:16,876 - telegram.ext.Application - INFO - Application.stop() complete
2025-05-02 09:31:20,947 - root - INFO - Health check server started on port 8000
2025-05-02 09:31:20,966 - root - INFO - Bot started!
2025-05-02 09:31:21,283 - httpx - INFO - HTTP Request: POST https://api.telegram.org/bot8071076420:AAFzeBp37IfwX-_JYHoH51WKyhnF9NgHlvY/getMe "HTTP/1.1 200 OK"
2025-05-02 09:31:21,387 - httpx - INFO - HTTP Request: POST https://api.telegram.org/bot8071076420:AAFzeBp37IfwX-_JYHoH51WKyhnF9NgHlvY/getMe "HTTP/1.1 200 OK"
2025-05-02 09:31:21,388 - root - INFO - Bot username saved to environment: Character0_a1_bot
2025-05-02 09:31:21,492 - httpx - INFO - HTTP Request: POST https://api.telegram.org/bot8071076420:AAFzeBp37IfwX-_JYHoH51WKyhnF9NgHlvY/deleteWebhook "HTTP/1.1 200 OK"
2025-05-02 09:31:21,493 - telegram.ext.Application - INFO - Application started
2025-05-02 09:31:31,810 - httpx - INFO - HTTP Request: POST https://api.telegram.org/bot8071076420:AAFzeBp37IfwX-_JYHoH51WKyhnF9NgHlvY/getUpdates "HTTP/1.1 200 OK"
2025-05-02 09:31:41,923 - httpx - INFO - HTTP Request: POST https://api.telegram.org/bot8071076420:AAFzeBp37IfwX-_JYHoH51WKyhnF9NgHlvY/getUpdates "HTTP/1.1 200 OK"
2025-05-02 09:31:52,028 - httpx - INFO - HTTP Request: POST https://api.telegram.org/bot8071076420:AAFzeBp37IfwX-_JYHoH51WKyhnF9NgHlvY/getUpdates "HTTP/1.1 200 OK"
2025-05-02 09:32:02,139 - httpx - INFO - HTTP Request: POST https://api.telegram.org/bot8071076420:AAFzeBp37IfwX-_JYHoH51WKyhnF9NgHlvY/getUpdates "HTTP/1.1 200 OK"
2025-05-02 09:32:12,245 - httpx - INFO - HTTP Request: POST https://api.telegram.org/bot8071076420:AAFzeBp37IfwX-_JYHoH51WKyhnF9NgHlvY/getUpdates "HTTP/1.1 200 OK"
2025-05-02 09:32:22,355 - httpx - INFO - HTTP Request: POST https://api.telegram.org/bot8071076420:AAFzeBp37IfwX-_JYHoH51WKyhnF9NgHlvY/getUpdates "HTTP/1.1 200 OK"
2025-05-02 09:32:32,461 - httpx - INFO - HTTP Request: POST https://api.telegram.org/bot8071076420:AAFzeBp37IfwX-_JYHoH51WKyhnF9NgHlvY/getUpdates "HTTP/1.1 200 OK"
2025-05-02 09:32:42,572 - httpx - INFO - HTTP Request: POST https://api.telegram.org/bot8071076420:AAFzeBp37IfwX-_JYHoH51WKyhnF9NgHlvY/getUpdates "HTTP/1.1 200 OK"
2025-05-02 09:32:52,678 - httpx - INFO - HTTP Request: POST https://api.telegram.org/bot8071076420:AAFzeBp37IfwX-_JYHoH51WKyhnF9NgHlvY/getUpdates "HTTP/1.1 200 OK"
2025-05-02 09:33:02,786 - httpx - INFO - HTTP Request: POST https://api.telegram.org/bot8071076420:AAFzeBp37IfwX-_JYHoH51WKyhnF9NgHlvY/getUpdates "HTTP/1.1 200 OK"
2025-05-02 09:33:12,934 - httpx - INFO - HTTP Request: POST https://api.telegram.org/bot8071076420:AAFzeBp37IfwX-_JYHoH51WKyhnF9NgHlvY/getUpdates "HTTP/1.1 200 OK"
2025-05-02 09:33:23,097 - httpx - INFO - HTTP Request: POST https://api.telegram.org/bot8071076420:AAFzeBp37IfwX-_JYHoH51WKyhnF9NgHlvY/getUpdates "HTTP/1.1 200 OK"
2025-05-02 09:33:33,203 - httpx - INFO - HTTP Request: POST https://api.telegram.org/bot8071076420:AAFzeBp37IfwX-_JYHoH51WKyhnF9NgHlvY/getUpdates "HTTP/1.1 200 OK"
2025-05-02 09:33:43,309 - httpx - INFO - HTTP Request: POST https://api.telegram.org/bot8071076420:AAFzeBp37IfwX-_JYHoH51WKyhnF9NgHlvY/getUpdates "HTTP/1.1 200 OK"
2025-05-02 09:33:53,417 - httpx - INFO - HTTP Request: POST https://api.telegram.org/bot8071076420:AAFzeBp37IfwX-_JYHoH51WKyhnF9NgHlvY/getUpdates "HTTP/1.1 200 OK"
2025-05-02 09:34:03,525 - httpx - INFO - HTTP Request: POST https://api.telegram.org/bot8071076420:AAFzeBp37IfwX-_JYHoH51WKyhnF9NgHlvY/getUpdates "HTTP/1.1 200 OK"
2025-05-02 09:34:13,632 - httpx - INFO - HTTP Request: POST https://api.telegram.org/bot8071076420:AAFzeBp37IfwX-_JYHoH51WKyhnF9NgHlvY/getUpdates "HTTP/1.1 200 OK"
2025-05-02 09:34:23,744 - httpx - INFO - HTTP Request: POST https://api.telegram.org/bot8071076420:AAFzeBp37IfwX-_JYHoH51WKyhnF9NgHlvY/getUpdates "HTTP/1.1 200 OK"
2025-05-02 09:34:33,851 - httpx - INFO - HTTP Request: POST https://api.telegram.org/bot8071076420:AAFzeBp37IfwX-_JYHoH51WKyhnF9NgHlvY/getUpdates "HTTP/1.1 200 OK"
2025-05-02 09:34:43,956 - httpx - INFO - HTTP Request: POST https://api.telegram.org/bot8071076420:AAFzeBp37IfwX-_JYHoH51WKyhnF9NgHlvY/getUpdates "HTTP/1.1 200 OK"
2025-05-02 09:34:54,066 - httpx - INFO - HTTP Request: POST https://api.telegram.org/bot8071076420:AAFzeBp37IfwX-_JYHoH51WKyhnF9NgHlvY/getUpdates "HTTP/1.1 200 OK"
2025-05-02 09:35:04,174 - httpx - INFO - HTTP Request: POST https://api.telegram.org/bot8071076420:AAFzeBp37IfwX-_JYHoH51WKyhnF9NgHlvY/getUpdates "HTTP/1.1 200 OK"
2025-05-02 09:35:14,280 - httpx - INFO - HTTP Request: POST https://api.telegram.org/bot8071076420:AAFzeBp37IfwX-_JYHoH51WKyhnF9NgHlvY/getUpdates "HTTP/1.1 200 OK"
2025-05-02 09:35:24,389 - httpx - INFO - HTTP Request: POST https://api.telegram.org/bot8071076420:AAFzeBp37IfwX-_JYHoH51WKyhnF9NgHlvY/getUpdates "HTTP/1.1 200 OK"
2025-05-02 09:35:34,494 - httpx - INFO - HTTP Request: POST https://api.telegram.org/bot8071076420:AAFzeBp37IfwX-_JYHoH51WKyhnF9NgHlvY/getUpdates "HTTP/1.1 200 OK"
2025-05-02 09:35:44,602 - httpx - INFO - HTTP Request: POST https://api.telegram.org/bot8071076420:AAFzeBp37IfwX-_JYHoH51WKyhnF9NgHlvY/getUpdates "HTTP/1.1 200 OK"
2025-05-02 09:35:54,709 - httpx - INFO - HTTP Request: POST https://api.telegram.org/bot8071076420:AAFzeBp37IfwX-_JYHoH51WKyhnF9NgHlvY/getUpdates "HTTP/1.1 200 OK"
2025-05-02 09:36:04,817 - httpx - INFO - HTTP Request: POST https://api.telegram.org/bot8071076420:AAFzeBp37IfwX-_JYHoH51WKyhnF9NgHlvY/getUpdates "HTTP/1.1 200 OK"
2025-05-02 09:36:14,924 - httpx - INFO - HTTP Request: POST https://api.telegram.org/bot8071076420:AAFzeBp37IfwX-_JYHoH51WKyhnF9NgHlvY/getUpdates "HTTP/1.1 200 OK"
2025-05-02 09:36:25,030 - httpx - INFO - HTTP Request: POST https://api.telegram.org/bot8071076420:AAFzeBp37IfwX-_JYHoH51WKyhnF9NgHlvY/getUpdates "HTTP/1.1 200 OK"
2025-05-02 09:36:35,147 - httpx - INFO - HTTP Request: POST https://api.telegram.org/bot8071076420:AAFzeBp37IfwX-_JYHoH51WKyhnF9NgHlvY/getUpdates "HTTP/1.1 200 OK"
2025-05-02 09:36:36,033 - httpx - INFO - HTTP Request: POST https://api.telegram.org/bot8071076420:AAFzeBp37IfwX-_JYHoH51WKyhnF9NgHlvY/getUpdates "HTTP/1.1 200 OK"
2025-05-02 09:36:36,381 - httpx - INFO - HTTP Request: POST https://api.telegram.org/bot8071076420:AAFzeBp37IfwX-_JYHoH51WKyhnF9NgHlvY/sendMessage "HTTP/1.1 200 OK"
2025-05-02 09:36:38,736 - httpx - INFO - HTTP Request: POST https://api.telegram.org/bot8071076420:AAFzeBp37IfwX-_JYHoH51WKyhnF9NgHlvY/getUpdates "HTTP/1.1 200 OK"
2025-05-02 09:36:38,848 - httpx - INFO - HTTP Request: POST https://api.telegram.org/bot8071076420:AAFzeBp37IfwX-_JYHoH51WKyhnF9NgHlvY/answerCallbackQuery "HTTP/1.1 200 OK"
2025-05-02 09:36:38,975 - httpx - INFO - HTTP Request: POST https://api.telegram.org/bot8071076420:AAFzeBp37IfwX-_JYHoH51WKyhnF9NgHlvY/editMessageText "HTTP/1.1 200 OK"
2025-05-02 09:36:48,846 - httpx - INFO - HTTP Request: POST https://api.telegram.org/bot8071076420:AAFzeBp37IfwX-_JYHoH51WKyhnF9NgHlvY/getUpdates "HTTP/1.1 200 OK"
2025-05-02 09:36:58,957 - httpx - INFO - HTTP Request: POST https://api.telegram.org/bot8071076420:AAFzeBp37IfwX-_JYHoH51WKyhnF9NgHlvY/getUpdates "HTTP/1.1 200 OK"
2025-05-02 09:37:09,080 - httpx - INFO - HTTP Request: POST https://api.telegram.org/bot8071076420:AAFzeBp37IfwX-_JYHoH51WKyhnF9NgHlvY/getUpdates "HTTP/1.1 200 OK"
2025-05-02 09:37:19,187 - httpx - INFO - HTTP Request: POST https://api.telegram.org/bot8071076420:AAFzeBp37IfwX-_JYHoH51WKyhnF9NgHlvY/getUpdates "HTTP/1.1 200 OK"
2025-05-02 09:37:29,293 - httpx - INFO - HTTP Request: POST https://api.telegram.org/bot8071076420:AAFzeBp37IfwX-_JYHoH51WKyhnF9NgHlvY/getUpdates "HTTP/1.1 200 OK"
2025-05-02 09:37:39,400 - httpx - INFO - HTTP Request: POST https://api.telegram.org/bot8071076420:AAFzeBp37IfwX-_JYHoH51WKyhnF9NgHlvY/getUpdates "HTTP/1.1 200 OK"
2025-05-02 09:37:49,512 - httpx - INFO - HTTP Request: POST https://api.telegram.org/bot8071076420:AAFzeBp37IfwX-_JYHoH51WKyhnF9NgHlvY/getUpdates "HTTP/1.1 200 OK"
2025-05-02 09:37:59,619 - httpx - INFO - HTTP Request: POST https://api.telegram.org/bot8071076420:AAFzeBp37IfwX-_JYHoH51WKyhnF9NgHlvY/getUpdates "HTTP/1.1 200 OK"
2025-05-02 09:38:09,730 - httpx - INFO - HTTP Request: POST https://api.telegram.org/bot8071076420:AAFzeBp37IfwX-_JYHoH51WKyhnF9NgHlvY/getUpdates "HTTP/1.1 200 OK"
2025-05-02 09:38:19,835 - httpx - INFO - HTTP Request: POST https://api.telegram.org/bot8071076420:AAFzeBp37IfwX-_JYHoH51WKyhnF9NgHlvY/getUpdates "HTTP/1.1 200 OK"
2025-05-02 09:38:29,947 - httpx - INFO - HTTP Request: POST https://api.telegram.org/bot8071076420:AAFzeBp37IfwX-_JYHoH51WKyhnF9NgHlvY/getUpdates "HTTP/1.1 200 OK"
2025-05-02 09:38:40,054 - httpx - INFO - HTTP Request: POST https://api.telegram.org/bot8071076420:AAFzeBp37IfwX-_JYHoH51WKyhnF9NgHlvY/getUpdates "HTTP/1.1 200 OK"
2025-05-02 09:38:50,162 - httpx - INFO - HTTP Request: POST https://api.telegram.org/bot8071076420:AAFzeBp37IfwX-_JYHoH51WKyhnF9NgHlvY/getUpdates "HTTP/1.1 200 OK"
2025-05-02 09:39:00,270 - httpx - INFO - HTTP Request: POST https://api.telegram.org/bot8071076420:AAFzeBp37IfwX-_JYHoH51WKyhnF9NgHlvY/getUpdates "HTTP/1.1 200 OK"
2025-05-02 09:39:10,379 - httpx - INFO - HTTP Request: POST https://api.telegram.org/bot8071076420:AAFzeBp37IfwX-_JYHoH51WKyhnF9NgHlvY/getUpdates "HTTP/1.1 200 OK"
2025-05-02 09:39:20,486 - httpx - INFO - HTTP Request: POST https://api.telegram.org/bot8071076420:AAFzeBp37IfwX-_JYHoH51WKyhnF9NgHlvY/getUpdates "HTTP/1.1 200 OK"
2025-05-02 09:39:30,606 - httpx - INFO - HTTP Request: POST https://api.telegram.org/bot8071076420:AAFzeBp37IfwX-_JYHoH51WKyhnF9NgHlvY/getUpdates "HTTP/1.1 200 OK"
2025-05-02 09:39:40,711 - httpx - INFO - HTTP Request: POST https://api.telegram.org/bot8071076420:AAFzeBp37IfwX-_JYHoH51WKyhnF9NgHlvY/getUpdates "HTTP/1.1 200 OK"
2025-05-02 09:39:50,819 - httpx - INFO - HTTP Request: POST https://api.telegram.org/bot8071076420:AAFzeBp37IfwX-_JYHoH51WKyhnF9NgHlvY/getUpdates "HTTP/1.1 200 OK"
2025-05-02 09:40:00,928 - httpx - INFO - HTTP Request: POST https://api.telegram.org/bot8071076420:AAFzeBp37IfwX-_JYHoH51WKyhnF9NgHlvY/getUpdates "HTTP/1.1 200 OK"
2025-05-02 09:40:11,036 - httpx - INFO - HTTP Request: POST https://api.telegram.org/bot8071076420:AAFzeBp37IfwX-_JYHoH51WKyhnF9NgHlvY/getUpdates "HTTP/1.1 200 OK"
2025-05-02 09:40:18,823 - root - INFO - Health check server started on port 8000
2025-05-02 09:40:18,838 - root - INFO - Bot started!
2025-05-02 09:40:19,160 - httpx - INFO - HTTP Request: POST https://api.telegram.org/bot8071076420:AAFzeBp37IfwX-_JYHoH51WKyhnF9NgHlvY/getMe "HTTP/1.1 200 OK"
2025-05-02 09:40:19,264 - httpx - INFO - HTTP Request: POST https://api.telegram.org/bot8071076420:AAFzeBp37IfwX-_JYHoH51WKyhnF9NgHlvY/getMe "HTTP/1.1 200 OK"
2025-05-02 09:40:19,265 - root - INFO - Bot username saved to environment: Character0_a1_bot
2025-05-02 09:40:19,369 - httpx - INFO - HTTP Request: POST https://api.telegram.org/bot8071076420:AAFzeBp37IfwX-_JYHoH51WKyhnF9NgHlvY/deleteWebhook "HTTP/1.1 200 OK"
2025-05-02 09:40:19,371 - telegram.ext.Application - INFO - Application started
2025-05-02 09:40:29,687 - httpx - INFO - HTTP Request: POST https://api.telegram.org/bot8071076420:AAFzeBp37IfwX-_JYHoH51WKyhnF9NgHlvY/getUpdates "HTTP/1.1 200 OK"
2025-05-02 09:40:39,793 - httpx - INFO - HTTP Request: POST https://api.telegram.org/bot8071076420:AAFzeBp37IfwX-_JYHoH51WKyhnF9NgHlvY/getUpdates "HTTP/1.1 200 OK"
2025-05-02 09:40:49,899 - httpx - INFO - HTTP Request: POST https://api.telegram.org/bot8071076420:AAFzeBp37IfwX-_JYHoH51WKyhnF9NgHlvY/getUpdates "HTTP/1.1 200 OK"
2025-05-02 09:41:00,007 - httpx - INFO - HTTP Request: POST https://api.telegram.org/bot8071076420:AAFzeBp37IfwX-_JYHoH51WKyhnF9NgHlvY/getUpdates "HTTP/1.1 200 OK"
2025-05-02 09:41:10,114 - httpx - INFO - HTTP Request: POST https://api.telegram.org/bot8071076420:AAFzeBp37IfwX-_JYHoH51WKyhnF9NgHlvY/getUpdates "HTTP/1.1 200 OK"
2025-05-02 09:41:20,219 - httpx - INFO - HTTP Request: POST https://api.telegram.org/bot8071076420:AAFzeBp37IfwX-_JYHoH51WKyhnF9NgHlvY/getUpdates "HTTP/1.1 200 OK"
2025-05-02 09:41:30,325 - httpx - INFO - HTTP Request: POST https://api.telegram.org/bot8071076420:AAFzeBp37IfwX-_JYHoH51WKyhnF9NgHlvY/getUpdates "HTTP/1.1 200 OK"
2025-05-02 09:41:40,431 - httpx - INFO - HTTP Request: POST https://api.telegram.org/bot8071076420:AAFzeBp37IfwX-_JYHoH51WKyhnF9NgHlvY/getUpdates "HTTP/1.1 200 OK"
2025-05-02 09:41:50,537 - httpx - INFO - HTTP Request: POST https://api.telegram.org/bot8071076420:AAFzeBp37IfwX-_JYHoH51WKyhnF9NgHlvY/getUpdates "HTTP/1.1 200 OK"
2025-05-02 09:42:00,948 - httpx - INFO - HTTP Request: POST https://api.telegram.org/bot8071076420:AAFzeBp37IfwX-_JYHoH51WKyhnF9NgHlvY/getUpdates "HTTP/1.1 200 OK"
2025-05-02 09:42:00,949 - telegram.ext.Application - INFO - Application is stopping. This might take a moment.
2025-05-02 09:42:00,950 - telegram.ext.Application - INFO - Application.stop() complete
2025-05-02 09:42:05,645 - root - INFO - Health check server started on port 8000
2025-05-02 09:42:05,679 - root - INFO - Bot started!
2025-05-02 09:42:06,006 - httpx - INFO - HTTP Request: POST https://api.telegram.org/bot8071076420:AAFzeBp37IfwX-_JYHoH51WKyhnF9NgHlvY/getMe "HTTP/1.1 200 OK"
2025-05-02 09:42:06,110 - httpx - INFO - HTTP Request: POST https://api.telegram.org/bot8071076420:AAFzeBp37IfwX-_JYHoH51WKyhnF9NgHlvY/getMe "HTTP/1.1 200 OK"
2025-05-02 09:42:06,111 - root - INFO - Bot username saved to environment: Character0_a1_bot
2025-05-02 09:42:06,214 - httpx - INFO - HTTP Request: POST https://api.telegram.org/bot8071076420:AAFzeBp37IfwX-_JYHoH51WKyhnF9NgHlvY/deleteWebhook "HTTP/1.1 200 OK"
2025-05-02 09:42:06,216 - telegram.ext.Application - INFO - Application started
2025-05-02 09:42:16,533 - httpx - INFO - HTTP Request: POST https://api.telegram.org/bot8071076420:AAFzeBp37IfwX-_JYHoH51WKyhnF9NgHlvY/getUpdates "HTTP/1.1 200 OK"
2025-05-02 09:42:26,648 - httpx - INFO - HTTP Request: POST https://api.telegram.org/bot8071076420:AAFzeBp37IfwX-_JYHoH51WKyhnF9NgHlvY/getUpdates "HTTP/1.1 200 OK"
2025-05-02 09:42:36,756 - httpx - INFO - HTTP Request: POST https://api.telegram.org/bot8071076420:AAFzeBp37IfwX-_JYHoH51WKyhnF9NgHlvY/getUpdates "HTTP/1.1 200 OK"
2025-05-02 09:42:46,865 - httpx - INFO - HTTP Request: POST https://api.telegram.org/bot8071076420:AAFzeBp37IfwX-_JYHoH51WKyhnF9NgHlvY/getUpdates "HTTP/1.1 200 OK"
2025-05-02 09:42:56,976 - httpx - INFO - HTTP Request: POST https://api.telegram.org/bot8071076420:AAFzeBp37IfwX-_JYHoH51WKyhnF9NgHlvY/getUpdates "HTTP/1.1 200 OK"
2025-05-02 09:43:07,092 - httpx - INFO - HTTP Request: POST https://api.telegram.org/bot8071076420:AAFzeBp37IfwX-_JYHoH51WKyhnF9NgHlvY/getUpdates "HTTP/1.1 200 OK"
2025-05-02 09:43:17,198 - httpx - INFO - HTTP Request: POST https://api.telegram.org/bot8071076420:AAFzeBp37IfwX-_JYHoH51WKyhnF9NgHlvY/getUpdates "HTTP/1.1 200 OK"
2025-05-02 09:43:23,796 - httpx - INFO - HTTP Request: POST https://api.telegram.org/bot8071076420:AAFzeBp37IfwX-_JYHoH51WKyhnF9NgHlvY/getUpdates "HTTP/1.1 200 OK"
2025-05-02 09:43:23,797 - telegram.ext.Application - INFO - Application is stopping. This might take a moment.
2025-05-02 09:43:23,797 - telegram.ext.Application - INFO - Application.stop() complete
2025-05-02 09:43:28,408 - root - INFO - Health check server started on port 8000
2025-05-02 09:43:28,422 - root - INFO - Bot started!
2025-05-02 09:43:28,743 - httpx - INFO - HTTP Request: POST https://api.telegram.org/bot8071076420:AAFzeBp37IfwX-_JYHoH51WKyhnF9NgHlvY/getMe "HTTP/1.1 200 OK"
2025-05-02 09:43:28,848 - httpx - INFO - HTTP Request: POST https://api.telegram.org/bot8071076420:AAFzeBp37IfwX-_JYHoH51WKyhnF9NgHlvY/getMe "HTTP/1.1 200 OK"
2025-05-02 09:43:28,849 - root - INFO - Bot username saved to environment: Character0_a1_bot
2025-05-02 09:43:28,955 - httpx - INFO - HTTP Request: POST https://api.telegram.org/bot8071076420:AAFzeBp37IfwX-_JYHoH51WKyhnF9NgHlvY/deleteWebhook "HTTP/1.1 200 OK"
2025-05-02 09:43:28,957 - telegram.ext.Application - INFO - Application started
2025-05-02 09:43:39,270 - httpx - INFO - HTTP Request: POST https://api.telegram.org/bot8071076420:AAFzeBp37IfwX-_JYHoH51WKyhnF9NgHlvY/getUpdates "HTTP/1.1 200 OK"
2025-05-02 09:43:49,376 - httpx - INFO - HTTP Request: POST https://api.telegram.org/bot8071076420:AAFzeBp37IfwX-_JYHoH51WKyhnF9NgHlvY/getUpdates "HTTP/1.1 200 OK"
2025-05-02 09:43:59,483 - httpx - INFO - HTTP Request: POST https://api.telegram.org/bot8071076420:AAFzeBp37IfwX-_JYHoH51WKyhnF9NgHlvY/getUpdates "HTTP/1.1 200 OK"
2025-05-02 09:44:07,862 - root - INFO - Health check server started on port 8000
2025-05-02 09:44:07,887 - root - INFO - Bot started!
2025-05-02 09:44:08,216 - httpx - INFO - HTTP Request: POST https://api.telegram.org/bot8071076420:AAFzeBp37IfwX-_JYHoH51WKyhnF9NgHlvY/getMe "HTTP/1.1 200 OK"
2025-05-02 09:44:08,324 - httpx - INFO - HTTP Request: POST https://api.telegram.org/bot8071076420:AAFzeBp37IfwX-_JYHoH51WKyhnF9NgHlvY/getMe "HTTP/1.1 200 OK"
2025-05-02 09:44:08,325 - root - INFO - Bot username saved to environment: Character0_a1_bot
2025-05-02 09:44:08,432 - httpx - INFO - HTTP Request: POST https://api.telegram.org/bot8071076420:AAFzeBp37IfwX-_JYHoH51WKyhnF9NgHlvY/deleteWebhook "HTTP/1.1 200 OK"
2025-05-02 09:44:08,434 - telegram.ext.Application - INFO - Application started
2025-05-02 09:44:18,751 - httpx - INFO - HTTP Request: POST https://api.telegram.org/bot8071076420:AAFzeBp37IfwX-_JYHoH51WKyhnF9NgHlvY/getUpdates "HTTP/1.1 200 OK"
2025-05-02 09:44:28,856 - httpx - INFO - HTTP Request: POST https://api.telegram.org/bot8071076420:AAFzeBp37IfwX-_JYHoH51WKyhnF9NgHlvY/getUpdates "HTTP/1.1 200 OK"
2025-05-02 09:44:38,962 - httpx - INFO - HTTP Request: POST https://api.telegram.org/bot8071076420:AAFzeBp37IfwX-_JYHoH51WKyhnF9NgHlvY/getUpdates "HTTP/1.1 200 OK"
2025-05-02 09:44:49,068 - httpx - INFO - HTTP Request: POST https://api.telegram.org/bot8071076420:AAFzeBp37IfwX-_JYHoH51WKyhnF9NgHlvY/getUpdates "HTTP/1.1 200 OK"
2025-05-02 09:44:59,173 - httpx - INFO - HTTP Request: POST https://api.telegram.org/bot8071076420:AAFzeBp37IfwX-_JYHoH51WKyhnF9NgHlvY/getUpdates "HTTP/1.1 200 OK"
2025-05-02 09:45:09,278 - httpx - INFO - HTTP Request: POST https://api.telegram.org/bot8071076420:AAFzeBp37IfwX-_JYHoH51WKyhnF9NgHlvY/getUpdates "HTTP/1.1 200 OK"
2025-05-02 09:45:19,385 - httpx - INFO - HTTP Request: POST https://api.telegram.org/bot8071076420:AAFzeBp37IfwX-_JYHoH51WKyhnF9NgHlvY/getUpdates "HTTP/1.1 200 OK"
2025-05-02 09:45:29,491 - httpx - INFO - HTTP Request: POST https://api.telegram.org/bot8071076420:AAFzeBp37IfwX-_JYHoH51WKyhnF9NgHlvY/getUpdates "HTTP/1.1 200 OK"
2025-05-02 09:45:39,597 - httpx - INFO - HTTP Request: POST https://api.telegram.org/bot8071076420:AAFzeBp37IfwX-_JYHoH51WKyhnF9NgHlvY/getUpdates "HTTP/1.1 200 OK"
2025-05-02 09:45:49,702 - httpx - INFO - HTTP Request: POST https://api.telegram.org/bot8071076420:AAFzeBp37IfwX-_JYHoH51WKyhnF9NgHlvY/getUpdates "HTTP/1.1 200 OK"
2025-05-02 09:45:59,808 - httpx - INFO - HTTP Request: POST https://api.telegram.org/bot8071076420:AAFzeBp37IfwX-_JYHoH51WKyhnF9NgHlvY/getUpdates "HTTP/1.1 200 OK"
2025-05-02 09:46:09,914 - httpx - INFO - HTTP Request: POST https://api.telegram.org/bot8071076420:AAFzeBp37IfwX-_JYHoH51WKyhnF9NgHlvY/getUpdates "HTTP/1.1 200 OK"
2025-05-02 09:46:20,021 - httpx - INFO - HTTP Request: POST https://api.telegram.org/bot8071076420:AAFzeBp37IfwX-_JYHoH51WKyhnF9NgHlvY/getUpdates "HTTP/1.1 200 OK"
2025-05-02 09:46:30,127 - httpx - INFO - HTTP Request: POST https://api.telegram.org/bot8071076420:AAFzeBp37IfwX-_JYHoH51WKyhnF9NgHlvY/getUpdates "HTTP/1.1 200 OK"
2025-05-02 09:46:40,232 - httpx - INFO - HTTP Request: POST https://api.telegram.org/bot8071076420:AAFzeBp37IfwX-_JYHoH51WKyhnF9NgHlvY/getUpdates "HTTP/1.1 200 OK"
2025-05-02 09:46:50,338 - httpx - INFO - HTTP Request: POST https://api.telegram.org/bot8071076420:AAFzeBp37IfwX-_JYHoH51WKyhnF9NgHlvY/getUpdates "HTTP/1.1 200 OK"
2025-05-02 09:47:00,444 - httpx - INFO - HTTP Request: POST https://api.telegram.org/bot8071076420:AAFzeBp37IfwX-_JYHoH51WKyhnF9NgHlvY/getUpdates "HTTP/1.1 200 OK"
2025-05-02 09:47:10,549 - httpx - INFO - HTTP Request: POST https://api.telegram.org/bot8071076420:AAFzeBp37IfwX-_JYHoH51WKyhnF9NgHlvY/getUpdates "HTTP/1.1 200 OK"
2025-05-02 09:47:20,656 - httpx - INFO - HTTP Request: POST https://api.telegram.org/bot8071076420:AAFzeBp37IfwX-_JYHoH51WKyhnF9NgHlvY/getUpdates "HTTP/1.1 200 OK"
2025-05-02 09:47:30,762 - httpx - INFO - HTTP Request: POST https://api.telegram.org/bot8071076420:AAFzeBp37IfwX-_JYHoH51WKyhnF9NgHlvY/getUpdates "HTTP/1.1 200 OK"
2025-05-02 09:47:40,868 - httpx - INFO - HTTP Request: POST https://api.telegram.org/bot8071076420:AAFzeBp37IfwX-_JYHoH51WKyhnF9NgHlvY/getUpdates "HTTP/1.1 200 OK"
2025-05-02 09:47:50,975 - httpx - INFO - HTTP Request: POST https://api.telegram.org/bot8071076420:AAFzeBp37IfwX-_JYHoH51WKyhnF9NgHlvY/getUpdates "HTTP/1.1 200 OK"
2025-05-02 09:48:01,082 - httpx - INFO - HTTP Request: POST https://api.telegram.org/bot8071076420:AAFzeBp37IfwX-_JYHoH51WKyhnF9NgHlvY/getUpdates "HTTP/1.1 200 OK"
2025-05-02 09:48:02,346 - httpx - INFO - HTTP Request: POST https://api.telegram.org/bot8071076420:AAFzeBp37IfwX-_JYHoH51WKyhnF9NgHlvY/getUpdates "HTTP/1.1 200 OK"
2025-05-02 09:48:02,712 - httpx - INFO - HTTP Request: POST https://api.telegram.org/bot8071076420:AAFzeBp37IfwX-_JYHoH51WKyhnF9NgHlvY/sendMessage "HTTP/1.1 200 OK"
2025-05-02 09:48:04,780 - httpx - INFO - HTTP Request: POST https://api.telegram.org/bot8071076420:AAFzeBp37IfwX-_JYHoH51WKyhnF9NgHlvY/getUpdates "HTTP/1.1 200 OK"
2025-05-02 09:48:04,920 - httpx - INFO - HTTP Request: POST https://api.telegram.org/bot8071076420:AAFzeBp37IfwX-_JYHoH51WKyhnF9NgHlvY/sendMessage "HTTP/1.1 200 OK"
2025-05-02 09:48:09,583 - httpx - INFO - HTTP Request: POST https://api.telegram.org/bot8071076420:AAFzeBp37IfwX-_JYHoH51WKyhnF9NgHlvY/getUpdates "HTTP/1.1 200 OK"
2025-05-02 09:48:09,726 - httpx - INFO - HTTP Request: POST https://api.telegram.org/bot8071076420:AAFzeBp37IfwX-_JYHoH51WKyhnF9NgHlvY/sendMessage "HTTP/1.1 200 OK"
2025-05-02 09:48:19,692 - httpx - INFO - HTTP Request: POST https://api.telegram.org/bot8071076420:AAFzeBp37IfwX-_JYHoH51WKyhnF9NgHlvY/getUpdates "HTTP/1.1 200 OK"
2025-05-02 09:48:29,798 - httpx - INFO - HTTP Request: POST https://api.telegram.org/bot8071076420:AAFzeBp37IfwX-_JYHoH51WKyhnF9NgHlvY/getUpdates "HTTP/1.1 200 OK"
2025-05-02 09:48:39,904 - httpx - INFO - HTTP Request: POST https://api.telegram.org/bot8071076420:AAFzeBp37IfwX-_JYHoH51WKyhnF9NgHlvY/getUpdates "HTTP/1.1 200 OK"
2025-05-02 09:48:50,010 - httpx - INFO - HTTP Request: POST https://api.telegram.org/bot8071076420:AAFzeBp37IfwX-_JYHoH51WKyhnF9NgHlvY/getUpdates "HTTP/1.1 200 OK"
2025-05-02 09:49:00,116 - httpx - INFO - HTTP Request: POST https://api.telegram.org/bot8071076420:AAFzeBp37IfwX-_JYHoH51WKyhnF9NgHlvY/getUpdates "HTTP/1.1 200 OK"
2025-05-02 09:49:10,222 - httpx - INFO - HTTP Request: POST https://api.telegram.org/bot8071076420:AAFzeBp37IfwX-_JYHoH51WKyhnF9NgHlvY/getUpdates "HTTP/1.1 200 OK"
2025-05-02 09:49:20,328 - httpx - INFO - HTTP Request: POST https://api.telegram.org/bot8071076420:AAFzeBp37IfwX-_JYHoH51WKyhnF9NgHlvY/getUpdates "HTTP/1.1 200 OK"
2025-05-02 09:49:30,435 - httpx - INFO - HTTP Request: POST https://api.telegram.org/bot8071076420:AAFzeBp37IfwX-_JYHoH51WKyhnF9NgHlvY/getUpdates "HTTP/1.1 200 OK"
2025-05-02 09:49:40,541 - httpx - INFO - HTTP Request: POST https://api.telegram.org/bot8071076420:AAFzeBp37IfwX-_JYHoH51WKyhnF9NgHlvY/getUpdates "HTTP/1.1 200 OK"
2025-05-02 09:49:50,647 - httpx - INFO - HTTP Request: POST https://api.telegram.org/bot8071076420:AAFzeBp37IfwX-_JYHoH51WKyhnF9NgHlvY/getUpdates "HTTP/1.1 200 OK"
2025-05-02 09:50:00,754 - httpx - INFO - HTTP Request: POST https://api.telegram.org/bot8071076420:AAFzeBp37IfwX-_JYHoH51WKyhnF9NgHlvY/getUpdates "HTTP/1.1 200 OK"
2025-05-02 09:50:10,861 - httpx - INFO - HTTP Request: POST https://api.telegram.org/bot8071076420:AAFzeBp37IfwX-_JYHoH51WKyhnF9NgHlvY/getUpdates "HTTP/1.1 200 OK"
2025-05-02 09:50:20,967 - httpx - INFO - HTTP Request: POST https://api.telegram.org/bot8071076420:AAFzeBp37IfwX-_JYHoH51WKyhnF9NgHlvY/getUpdates "HTTP/1.1 200 OK"
2025-05-02 09:50:31,071 - httpx - INFO - HTTP Request: POST https://api.telegram.org/bot8071076420:AAFzeBp37IfwX-_JYHoH51WKyhnF9NgHlvY/getUpdates "HTTP/1.1 200 OK"
2025-05-02 09:50:41,177 - httpx - INFO - HTTP Request: POST https://api.telegram.org/bot8071076420:AAFzeBp37IfwX-_JYHoH51WKyhnF9NgHlvY/getUpdates "HTTP/1.1 200 OK"
2025-05-02 09:50:51,284 - httpx - INFO - HTTP Request: POST https://api.telegram.org/bot8071076420:AAFzeBp37IfwX-_JYHoH51WKyhnF9NgHlvY/getUpdates "HTTP/1.1 200 OK"
2025-05-02 09:51:01,390 - httpx - INFO - HTTP Request: POST https://api.telegram.org/bot8071076420:AAFzeBp37IfwX-_JYHoH51WKyhnF9NgHlvY/getUpdates "HTTP/1.1 200 OK"
2025-05-02 09:51:11,497 - httpx - INFO - HTTP Request: POST https://api.telegram.org/bot8071076420:AAFzeBp37IfwX-_JYHoH51WKyhnF9NgHlvY/getUpdates "HTTP/1.1 200 OK"
2025-05-02 09:51:21,604 - httpx - INFO - HTTP Request: POST https://api.telegram.org/bot8071076420:AAFzeBp37IfwX-_JYHoH51WKyhnF9NgHlvY/getUpdates "HTTP/1.1 200 OK"
2025-05-02 09:51:28,846 - root - INFO - Health check server started on port 8000
2025-05-02 09:51:28,867 - root - INFO - Bot started!
2025-05-02 09:51:29,192 - httpx - INFO - HTTP Request: POST https://api.telegram.org/bot8071076420:AAFzeBp37IfwX-_JYHoH51WKyhnF9NgHlvY/getMe "HTTP/1.1 200 OK"
2025-05-02 09:51:29,298 - httpx - INFO - HTTP Request: POST https://api.telegram.org/bot8071076420:AAFzeBp37IfwX-_JYHoH51WKyhnF9NgHlvY/getMe "HTTP/1.1 200 OK"
2025-05-02 09:51:29,299 - root - INFO - Bot username saved to environment: Character0_a1_bot
2025-05-02 09:51:29,403 - httpx - INFO - HTTP Request: POST https://api.telegram.org/bot8071076420:AAFzeBp37IfwX-_JYHoH51WKyhnF9NgHlvY/deleteWebhook "HTTP/1.1 200 OK"
2025-05-02 09:51:29,405 - telegram.ext.Application - INFO - Application started
2025-05-02 09:51:39,719 - httpx - INFO - HTTP Request: POST https://api.telegram.org/bot8071076420:AAFzeBp37IfwX-_JYHoH51WKyhnF9NgHlvY/getUpdates "HTTP/1.1 200 OK"
2025-05-02 09:51:42,950 - httpx - INFO - HTTP Request: POST https://api.telegram.org/bot8071076420:AAFzeBp37IfwX-_JYHoH51WKyhnF9NgHlvY/getUpdates "HTTP/1.1 200 OK"
2025-05-02 09:51:44,032 - httpx - INFO - HTTP Request: POST https://api.telegram.org/bot8071076420:AAFzeBp37IfwX-_JYHoH51WKyhnF9NgHlvY/answerCallbackQuery "HTTP/1.1 200 OK"
2025-05-02 09:51:44,512 - httpx - INFO - HTTP Request: POST https://api.telegram.org/bot8071076420:AAFzeBp37IfwX-_JYHoH51WKyhnF9NgHlvY/editMessageText "HTTP/1.1 200 OK"
2025-05-02 09:51:46,974 - httpx - INFO - HTTP Request: POST https://api.telegram.org/bot8071076420:AAFzeBp37IfwX-_JYHoH51WKyhnF9NgHlvY/getUpdates "HTTP/1.1 200 OK"
2025-05-02 09:51:47,119 - httpx - INFO - HTTP Request: POST https://api.telegram.org/bot8071076420:AAFzeBp37IfwX-_JYHoH51WKyhnF9NgHlvY/sendMessage "HTTP/1.1 200 OK"
2025-05-02 09:51:50,237 - httpx - INFO - HTTP Request: POST https://api.telegram.org/bot8071076420:AAFzeBp37IfwX-_JYHoH51WKyhnF9NgHlvY/getUpdates "HTTP/1.1 200 OK"
2025-05-02 09:51:50,367 - httpx - INFO - HTTP Request: POST https://api.telegram.org/bot8071076420:AAFzeBp37IfwX-_JYHoH51WKyhnF9NgHlvY/sendMessage "HTTP/1.1 200 OK"
2025-05-02 09:51:56,537 - httpx - INFO - HTTP Request: POST https://api.telegram.org/bot8071076420:AAFzeBp37IfwX-_JYHoH51WKyhnF9NgHlvY/getUpdates "HTTP/1.1 200 OK"
2025-05-02 09:51:56,885 - httpx - INFO - HTTP Request: POST https://api.telegram.org/bot8071076420:AAFzeBp37IfwX-_JYHoH51WKyhnF9NgHlvY/sendMessage "HTTP/1.1 200 OK"
2025-05-02 09:52:04,417 - httpx - INFO - HTTP Request: POST https://api.telegram.org/bot8071076420:AAFzeBp37IfwX-_JYHoH51WKyhnF9NgHlvY/getUpdates "HTTP/1.1 200 OK"
2025-05-02 09:52:04,755 - httpx - INFO - HTTP Request: POST https://api.telegram.org/bot8071076420:AAFzeBp37IfwX-_JYHoH51WKyhnF9NgHlvY/sendMessage "HTTP/1.1 200 OK"
2025-05-02 09:52:06,603 - httpx - INFO - HTTP Request: POST https://api.telegram.org/bot8071076420:AAFzeBp37IfwX-_JYHoH51WKyhnF9NgHlvY/getUpdates "HTTP/1.1 200 OK"
2025-05-02 09:52:06,731 - httpx - INFO - HTTP Request: POST https://api.telegram.org/bot8071076420:AAFzeBp37IfwX-_JYHoH51WKyhnF9NgHlvY/sendMessage "HTTP/1.1 200 OK"
2025-05-02 09:52:09,245 - httpx - INFO - HTTP Request: POST https://api.telegram.org/bot8071076420:AAFzeBp37IfwX-_JYHoH51WKyhnF9NgHlvY/getUpdates "HTTP/1.1 200 OK"
2025-05-02 09:52:09,374 - httpx - INFO - HTTP Request: POST https://api.telegram.org/bot8071076420:AAFzeBp37IfwX-_JYHoH51WKyhnF9NgHlvY/sendMessage "HTTP/1.1 200 OK"
2025-05-02 09:52:11,546 - httpx - INFO - HTTP Request: POST https://api.telegram.org/bot8071076420:AAFzeBp37IfwX-_JYHoH51WKyhnF9NgHlvY/getUpdates "HTTP/1.1 200 OK"
2025-05-02 09:52:11,674 - httpx - INFO - HTTP Request: POST https://api.telegram.org/bot8071076420:AAFzeBp37IfwX-_JYHoH51WKyhnF9NgHlvY/sendMessage "HTTP/1.1 200 OK"
2025-05-02 09:52:13,995 - httpx - INFO - HTTP Request: POST https://api.telegram.org/bot8071076420:AAFzeBp37IfwX-_JYHoH51WKyhnF9NgHlvY/getUpdates "HTTP/1.1 200 OK"
2025-05-02 09:52:14,122 - httpx - INFO - HTTP Request: POST https://api.telegram.org/bot8071076420:AAFzeBp37IfwX-_JYHoH51WKyhnF9NgHlvY/sendMessage "HTTP/1.1 200 OK"
2025-05-02 09:52:21,835 - httpx - INFO - HTTP Request: POST https://api.telegram.org/bot8071076420:AAFzeBp37IfwX-_JYHoH51WKyhnF9NgHlvY/getUpdates "HTTP/1.1 200 OK"
2025-05-02 09:52:22,218 - httpx - INFO - HTTP Request: POST https://api.telegram.org/bot8071076420:AAFzeBp37IfwX-_JYHoH51WKyhnF9NgHlvY/sendMessage "HTTP/1.1 200 OK"
2025-05-02 09:52:27,083 - httpx - INFO - HTTP Request: POST https://api.telegram.org/bot8071076420:AAFzeBp37IfwX-_JYHoH51WKyhnF9NgHlvY/getUpdates "HTTP/1.1 200 OK"
2025-05-02 09:52:27,210 - httpx - INFO - HTTP Request: POST https://api.telegram.org/bot8071076420:AAFzeBp37IfwX-_JYHoH51WKyhnF9NgHlvY/sendMessage "HTTP/1.1 200 OK"
2025-05-02 09:52:30,892 - httpx - INFO - HTTP Request: POST https://api.telegram.org/bot8071076420:AAFzeBp37IfwX-_JYHoH51WKyhnF9NgHlvY/getUpdates "HTTP/1.1 200 OK"
2025-05-02 09:52:31,010 - httpx - INFO - HTTP Request: POST https://api.telegram.org/bot8071076420:AAFzeBp37IfwX-_JYHoH51WKyhnF9NgHlvY/answerCallbackQuery "HTTP/1.1 200 OK"
2025-05-02 09:52:31,149 - httpx - INFO - HTTP Request: POST https://api.telegram.org/bot8071076420:AAFzeBp37IfwX-_JYHoH51WKyhnF9NgHlvY/editMessageText "HTTP/1.1 200 OK"
2025-05-02 09:52:41,004 - httpx - INFO - HTTP Request: POST https://api.telegram.org/bot8071076420:AAFzeBp37IfwX-_JYHoH51WKyhnF9NgHlvY/getUpdates "HTTP/1.1 200 OK"
2025-05-02 09:52:51,117 - httpx - INFO - HTTP Request: POST https://api.telegram.org/bot8071076420:AAFzeBp37IfwX-_JYHoH51WKyhnF9NgHlvY/getUpdates "HTTP/1.1 200 OK"
2025-05-02 09:53:01,227 - httpx - INFO - HTTP Request: POST https://api.telegram.org/bot8071076420:AAFzeBp37IfwX-_JYHoH51WKyhnF9NgHlvY/getUpdates "HTTP/1.1 200 OK"
2025-05-02 09:53:11,340 - httpx - INFO - HTTP Request: POST https://api.telegram.org/bot8071076420:AAFzeBp37IfwX-_JYHoH51WKyhnF9NgHlvY/getUpdates "HTTP/1.1 200 OK"
2025-05-02 09:53:21,449 - httpx - INFO - HTTP Request: POST https://api.telegram.org/bot8071076420:AAFzeBp37IfwX-_JYHoH51WKyhnF9NgHlvY/getUpdates "HTTP/1.1 200 OK"
2025-05-02 09:53:31,555 - httpx - INFO - HTTP Request: POST https://api.telegram.org/bot8071076420:AAFzeBp37IfwX-_JYHoH51WKyhnF9NgHlvY/getUpdates "HTTP/1.1 200 OK"
2025-05-02 09:53:41,667 - httpx - INFO - HTTP Request: POST https://api.telegram.org/bot8071076420:AAFzeBp37IfwX-_JYHoH51WKyhnF9NgHlvY/getUpdates "HTTP/1.1 200 OK"
2025-05-02 09:53:51,780 - httpx - INFO - HTTP Request: POST https://api.telegram.org/bot8071076420:AAFzeBp37IfwX-_JYHoH51WKyhnF9NgHlvY/getUpdates "HTTP/1.1 200 OK"
2025-05-02 09:54:01,889 - httpx - INFO - HTTP Request: POST https://api.telegram.org/bot8071076420:AAFzeBp37IfwX-_JYHoH51WKyhnF9NgHlvY/getUpdates "HTTP/1.1 200 OK"
2025-05-02 09:54:11,999 - httpx - INFO - HTTP Request: POST https://api.telegram.org/bot8071076420:AAFzeBp37IfwX-_JYHoH51WKyhnF9NgHlvY/getUpdates "HTTP/1.1 200 OK"
2025-05-02 09:54:22,110 - httpx - INFO - HTTP Request: POST https://api.telegram.org/bot8071076420:AAFzeBp37IfwX-_JYHoH51WKyhnF9NgHlvY/getUpdates "HTTP/1.1 200 OK"
2025-05-02 09:54:32,220 - httpx - INFO - HTTP Request: POST https://api.telegram.org/bot8071076420:AAFzeBp37IfwX-_JYHoH51WKyhnF9NgHlvY/getUpdates "HTTP/1.1 200 OK"
2025-05-02 09:54:42,326 - httpx - INFO - HTTP Request: POST https://api.telegram.org/bot8071076420:AAFzeBp37IfwX-_JYHoH51WKyhnF9NgHlvY/getUpdates "HTTP/1.1 200 OK"
2025-05-02 09:54:52,453 - httpx - INFO - HTTP Request: POST https://api.telegram.org/bot8071076420:AAFzeBp37IfwX-_JYHoH51WKyhnF9NgHlvY/getUpdates "HTTP/1.1 200 OK"
2025-05-02 09:55:02,561 - httpx - INFO - HTTP Request: POST https://api.telegram.org/bot8071076420:AAFzeBp37IfwX-_JYHoH51WKyhnF9NgHlvY/getUpdates "HTTP/1.1 200 OK"
2025-05-02 09:55:12,670 - httpx - INFO - HTTP Request: POST https://api.telegram.org/bot8071076420:AAFzeBp37IfwX-_JYHoH51WKyhnF9NgHlvY/getUpdates "HTTP/1.1 200 OK"
2025-05-02 09:55:22,780 - httpx - INFO - HTTP Request: POST https://api.telegram.org/bot8071076420:AAFzeBp37IfwX-_JYHoH51WKyhnF9NgHlvY/getUpdates "HTTP/1.1 200 OK"
2025-05-02 09:55:32,888 - httpx - INFO - HTTP Request: POST https://api.telegram.org/bot8071076420:AAFzeBp37IfwX-_JYHoH51WKyhnF9NgHlvY/getUpdates "HTTP/1.1 200 OK"
2025-05-02 09:55:43,004 - httpx - INFO - HTTP Request: POST https://api.telegram.org/bot8071076420:AAFzeBp37IfwX-_JYHoH51WKyhnF9NgHlvY/getUpdates "HTTP/1.1 200 OK"
2025-05-02 09:55:53,115 - httpx - INFO - HTTP Request: POST https://api.telegram.org/bot8071076420:AAFzeBp37IfwX-_JYHoH51WKyhnF9NgHlvY/getUpdates "HTTP/1.1 200 OK"
2025-05-02 09:56:03,223 - httpx - INFO - HTTP Request: POST https://api.telegram.org/bot8071076420:AAFzeBp37IfwX-_JYHoH51WKyhnF9NgHlvY/getUpdates "HTTP/1.1 200 OK"
2025-05-02 09:56:13,330 - httpx - INFO - HTTP Request: POST https://api.telegram.org/bot8071076420:AAFzeBp37IfwX-_JYHoH51WKyhnF9NgHlvY/getUpdates "HTTP/1.1 200 OK"
2025-05-02 09:56:23,439 - httpx - INFO - HTTP Request: POST https://api.telegram.org/bot8071076420:AAFzeBp37IfwX-_JYHoH51WKyhnF9NgHlvY/getUpdates "HTTP/1.1 200 OK"
2025-05-02 09:56:33,549 - httpx - INFO - HTTP Request: POST https://api.telegram.org/bot8071076420:AAFzeBp37IfwX-_JYHoH51WKyhnF9NgHlvY/getUpdates "HTTP/1.1 200 OK"
2025-05-02 09:56:43,657 - httpx - INFO - HTTP Request: POST https://api.telegram.org/bot8071076420:AAFzeBp37IfwX-_JYHoH51WKyhnF9NgHlvY/getUpdates "HTTP/1.1 200 OK"
2025-05-02 09:56:53,763 - httpx - INFO - HTTP Request: POST https://api.telegram.org/bot8071076420:AAFzeBp37IfwX-_JYHoH51WKyhnF9NgHlvY/getUpdates "HTTP/1.1 200 OK"
2025-05-02 09:57:03,869 - httpx - INFO - HTTP Request: POST https://api.telegram.org/bot8071076420:AAFzeBp37IfwX-_JYHoH51WKyhnF9NgHlvY/getUpdates "HTTP/1.1 200 OK"
2025-05-02 09:57:13,982 - httpx - INFO - HTTP Request: POST https://api.telegram.org/bot8071076420:AAFzeBp37IfwX-_JYHoH51WKyhnF9NgHlvY/getUpdates "HTTP/1.1 200 OK"
2025-05-02 09:57:24,095 - httpx - INFO - HTTP Request: POST https://api.telegram.org/bot8071076420:AAFzeBp37IfwX-_JYHoH51WKyhnF9NgHlvY/getUpdates "HTTP/1.1 200 OK"
2025-05-02 09:57:34,204 - httpx - INFO - HTTP Request: POST https://api.telegram.org/bot8071076420:AAFzeBp37IfwX-_JYHoH51WKyhnF9NgHlvY/getUpdates "HTTP/1.1 200 OK"
2025-05-02 09:57:44,313 - httpx - INFO - HTTP Request: POST https://api.telegram.org/bot8071076420:AAFzeBp37IfwX-_JYHoH51WKyhnF9NgHlvY/getUpdates "HTTP/1.1 200 OK"
2025-05-02 09:57:54,424 - httpx - INFO - HTTP Request: POST https://api.telegram.org/bot8071076420:AAFzeBp37IfwX-_JYHoH51WKyhnF9NgHlvY/getUpdates "HTTP/1.1 200 OK"
2025-05-02 09:58:03,549 - httpx - INFO - HTTP Request: POST https://api.telegram.org/bot8071076420:AAFzeBp37IfwX-_JYHoH51WKyhnF9NgHlvY/getUpdates "HTTP/1.1 200 OK"
2025-05-02 09:58:03,884 - httpx - INFO - HTTP Request: POST https://api.telegram.org/bot8071076420:AAFzeBp37IfwX-_JYHoH51WKyhnF9NgHlvY/sendMessage "HTTP/1.1 200 OK"
2025-05-02 09:58:06,969 - httpx - INFO - HTTP Request: POST https://api.telegram.org/bot8071076420:AAFzeBp37IfwX-_JYHoH51WKyhnF9NgHlvY/getUpdates "HTTP/1.1 200 OK"
2025-05-02 09:58:06,970 - telegram.ext.Application - INFO - Application is stopping. This might take a moment.
2025-05-02 09:58:06,970 - telegram.ext.Application - INFO - Application.stop() complete
2025-05-02 09:58:09,512 - root - INFO - Health check server started on port 8000
2025-05-02 09:58:09,529 - root - INFO - Bot started!
2025-05-02 09:58:09,863 - httpx - INFO - HTTP Request: POST https://api.telegram.org/bot8071076420:AAFzeBp37IfwX-_JYHoH51WKyhnF9NgHlvY/getMe "HTTP/1.1 200 OK"
2025-05-02 09:58:09,968 - httpx - INFO - HTTP Request: POST https://api.telegram.org/bot8071076420:AAFzeBp37IfwX-_JYHoH51WKyhnF9NgHlvY/getMe "HTTP/1.1 200 OK"
2025-05-02 09:58:09,969 - root - INFO - Bot username saved to environment: Character0_a1_bot
2025-05-02 09:58:10,074 - httpx - INFO - HTTP Request: POST https://api.telegram.org/bot8071076420:AAFzeBp37IfwX-_JYHoH51WKyhnF9NgHlvY/deleteWebhook "HTTP/1.1 200 OK"
2025-05-02 09:58:10,076 - telegram.ext.Application - INFO - Application started
2025-05-02 09:58:10,387 - httpx - INFO - HTTP Request: POST https://api.telegram.org/bot8071076420:AAFzeBp37IfwX-_JYHoH51WKyhnF9NgHlvY/getUpdates "HTTP/1.1 200 OK"
2025-05-02 09:58:10,512 - httpx - INFO - HTTP Request: POST https://api.telegram.org/bot8071076420:AAFzeBp37IfwX-_JYHoH51WKyhnF9NgHlvY/sendMessage "HTTP/1.1 200 OK"
2025-05-02 09:58:20,209 - httpx - INFO - HTTP Request: POST https://api.telegram.org/bot8071076420:AAFzeBp37IfwX-_JYHoH51WKyhnF9NgHlvY/getUpdates "HTTP/1.1 200 OK"
2025-05-02 09:58:20,546 - httpx - INFO - HTTP Request: POST https://api.telegram.org/bot8071076420:AAFzeBp37IfwX-_JYHoH51WKyhnF9NgHlvY/sendMessage "HTTP/1.1 200 OK"
2025-05-02 09:58:30,316 - httpx - INFO - HTTP Request: POST https://api.telegram.org/bot8071076420:AAFzeBp37IfwX-_JYHoH51WKyhnF9NgHlvY/getUpdates "HTTP/1.1 200 OK"
2025-05-02 09:58:30,421 - telegram.ext.Updater - ERROR - Error while getting Updates: httpx.ReadError: 
2025-05-02 09:58:30,422 - utils - ERROR - Update None caused error httpx.ReadError: 
2025-05-02 09:58:41,131 - httpx - INFO - HTTP Request: POST https://api.telegram.org/bot8071076420:AAFzeBp37IfwX-_JYHoH51WKyhnF9NgHlvY/getUpdates "HTTP/1.1 200 OK"
2025-05-02 09:58:41,495 - httpx - INFO - HTTP Request: POST https://api.telegram.org/bot8071076420:AAFzeBp37IfwX-_JYHoH51WKyhnF9NgHlvY/sendMessage "HTTP/1.1 200 OK"
2025-05-02 09:58:51,249 - httpx - INFO - HTTP Request: POST https://api.telegram.org/bot8071076420:AAFzeBp37IfwX-_JYHoH51WKyhnF9NgHlvY/getUpdates "HTTP/1.1 200 OK"
2025-05-02 09:59:01,356 - httpx - INFO - HTTP Request: POST https://api.telegram.org/bot8071076420:AAFzeBp37IfwX-_JYHoH51WKyhnF9NgHlvY/getUpdates "HTTP/1.1 200 OK"
2025-05-02 09:59:11,463 - httpx - INFO - HTTP Request: POST https://api.telegram.org/bot8071076420:AAFzeBp37IfwX-_JYHoH51WKyhnF9NgHlvY/getUpdates "HTTP/1.1 200 OK"
2025-05-02 09:59:21,569 - httpx - INFO - HTTP Request: POST https://api.telegram.org/bot8071076420:AAFzeBp37IfwX-_JYHoH51WKyhnF9NgHlvY/getUpdates "HTTP/1.1 200 OK"
2025-05-02 09:59:31,678 - httpx - INFO - HTTP Request: POST https://api.telegram.org/bot8071076420:AAFzeBp37IfwX-_JYHoH51WKyhnF9NgHlvY/getUpdates "HTTP/1.1 200 OK"
2025-05-02 09:59:41,785 - httpx - INFO - HTTP Request: POST https://api.telegram.org/bot8071076420:AAFzeBp37IfwX-_JYHoH51WKyhnF9NgHlvY/getUpdates "HTTP/1.1 200 OK"
2025-05-02 09:59:51,890 - httpx - INFO - HTTP Request: POST https://api.telegram.org/bot8071076420:AAFzeBp37IfwX-_JYHoH51WKyhnF9NgHlvY/getUpdates "HTTP/1.1 200 OK"
2025-05-02 10:00:01,997 - httpx - INFO - HTTP Request: POST https://api.telegram.org/bot8071076420:AAFzeBp37IfwX-_JYHoH51WKyhnF9NgHlvY/getUpdates "HTTP/1.1 200 OK"
2025-05-02 10:00:12,102 - httpx - INFO - HTTP Request: POST https://api.telegram.org/bot8071076420:AAFzeBp37IfwX-_JYHoH51WKyhnF9NgHlvY/getUpdates "HTTP/1.1 200 OK"
2025-05-02 10:00:22,210 - httpx - INFO - HTTP Request: POST https://api.telegram.org/bot8071076420:AAFzeBp37IfwX-_JYHoH51WKyhnF9NgHlvY/getUpdates "HTTP/1.1 200 OK"
2025-05-02 10:00:32,318 - httpx - INFO - HTTP Request: POST https://api.telegram.org/bot8071076420:AAFzeBp37IfwX-_JYHoH51WKyhnF9NgHlvY/getUpdates "HTTP/1.1 200 OK"
2025-05-02 10:00:42,425 - httpx - INFO - HTTP Request: POST https://api.telegram.org/bot8071076420:AAFzeBp37IfwX-_JYHoH51WKyhnF9NgHlvY/getUpdates "HTTP/1.1 200 OK"
2025-05-02 10:00:52,531 - httpx - INFO - HTTP Request: POST https://api.telegram.org/bot8071076420:AAFzeBp37IfwX-_JYHoH51WKyhnF9NgHlvY/getUpdates "HTTP/1.1 200 OK"
2025-05-02 10:01:02,639 - httpx - INFO - HTTP Request: POST https://api.telegram.org/bot8071076420:AAFzeBp37IfwX-_JYHoH51WKyhnF9NgHlvY/getUpdates "HTTP/1.1 200 OK"
2025-05-02 10:01:12,744 - httpx - INFO - HTTP Request: POST https://api.telegram.org/bot8071076420:AAFzeBp37IfwX-_JYHoH51WKyhnF9NgHlvY/getUpdates "HTTP/1.1 200 OK"
2025-05-02 10:01:22,850 - httpx - INFO - HTTP Request: POST https://api.telegram.org/bot8071076420:AAFzeBp37IfwX-_JYHoH51WKyhnF9NgHlvY/getUpdates "HTTP/1.1 200 OK"
2025-05-02 10:01:32,955 - httpx - INFO - HTTP Request: POST https://api.telegram.org/bot8071076420:AAFzeBp37IfwX-_JYHoH51WKyhnF9NgHlvY/getUpdates "HTTP/1.1 200 OK"
2025-05-02 10:01:43,061 - httpx - INFO - HTTP Request: POST https://api.telegram.org/bot8071076420:AAFzeBp37IfwX-_JYHoH51WKyhnF9NgHlvY/getUpdates "HTTP/1.1 200 OK"
2025-05-02 10:01:53,166 - httpx - INFO - HTTP Request: POST https://api.telegram.org/bot8071076420:AAFzeBp37IfwX-_JYHoH51WKyhnF9NgHlvY/getUpdates "HTTP/1.1 200 OK"
2025-05-02 10:02:03,274 - httpx - INFO - HTTP Request: POST https://api.telegram.org/bot8071076420:AAFzeBp37IfwX-_JYHoH51WKyhnF9NgHlvY/getUpdates "HTTP/1.1 200 OK"
2025-05-02 10:02:13,381 - httpx - INFO - HTTP Request: POST https://api.telegram.org/bot8071076420:AAFzeBp37IfwX-_JYHoH51WKyhnF9NgHlvY/getUpdates "HTTP/1.1 200 OK"
2025-05-02 10:02:23,486 - httpx - INFO - HTTP Request: POST https://api.telegram.org/bot8071076420:AAFzeBp37IfwX-_JYHoH51WKyhnF9NgHlvY/getUpdates "HTTP/1.1 200 OK"
2025-05-02 10:02:33,592 - httpx - INFO - HTTP Request: POST https://api.telegram.org/bot8071076420:AAFzeBp37IfwX-_JYHoH51WKyhnF9NgHlvY/getUpdates "HTTP/1.1 200 OK"
2025-05-02 10:02:43,699 - httpx - INFO - HTTP Request: POST https://api.telegram.org/bot8071076420:AAFzeBp37IfwX-_JYHoH51WKyhnF9NgHlvY/getUpdates "HTTP/1.1 200 OK"
2025-05-02 10:02:53,804 - httpx - INFO - HTTP Request: POST https://api.telegram.org/bot8071076420:AAFzeBp37IfwX-_JYHoH51WKyhnF9NgHlvY/getUpdates "HTTP/1.1 200 OK"
2025-05-02 10:03:03,911 - httpx - INFO - HTTP Request: POST https://api.telegram.org/bot8071076420:AAFzeBp37IfwX-_JYHoH51WKyhnF9NgHlvY/getUpdates "HTTP/1.1 200 OK"
2025-05-02 10:03:14,017 - httpx - INFO - HTTP Request: POST https://api.telegram.org/bot8071076420:AAFzeBp37IfwX-_JYHoH51WKyhnF9NgHlvY/getUpdates "HTTP/1.1 200 OK"
2025-05-02 10:03:24,123 - httpx - INFO - HTTP Request: POST https://api.telegram.org/bot8071076420:AAFzeBp37IfwX-_JYHoH51WKyhnF9NgHlvY/getUpdates "HTTP/1.1 200 OK"
2025-05-02 10:03:34,228 - httpx - INFO - HTTP Request: POST https://api.telegram.org/bot8071076420:AAFzeBp37IfwX-_JYHoH51WKyhnF9NgHlvY/getUpdates "HTTP/1.1 200 OK"
2025-05-02 10:03:44,334 - httpx - INFO - HTTP Request: POST https://api.telegram.org/bot8071076420:AAFzeBp37IfwX-_JYHoH51WKyhnF9NgHlvY/getUpdates "HTTP/1.1 200 OK"
2025-05-02 10:03:54,440 - httpx - INFO - HTTP Request: POST https://api.telegram.org/bot8071076420:AAFzeBp37IfwX-_JYHoH51WKyhnF9NgHlvY/getUpdates "HTTP/1.1 200 OK"
2025-05-02 10:04:04,549 - httpx - INFO - HTTP Request: POST https://api.telegram.org/bot8071076420:AAFzeBp37IfwX-_JYHoH51WKyhnF9NgHlvY/getUpdates "HTTP/1.1 200 OK"
2025-05-02 10:04:14,656 - httpx - INFO - HTTP Request: POST https://api.telegram.org/bot8071076420:AAFzeBp37IfwX-_JYHoH51WKyhnF9NgHlvY/getUpdates "HTTP/1.1 200 OK"
2025-05-02 10:04:24,763 - httpx - INFO - HTTP Request: POST https://api.telegram.org/bot8071076420:AAFzeBp37IfwX-_JYHoH51WKyhnF9NgHlvY/getUpdates "HTTP/1.1 200 OK"
2025-05-02 10:04:34,870 - httpx - INFO - HTTP Request: POST https://api.telegram.org/bot8071076420:AAFzeBp37IfwX-_JYHoH51WKyhnF9NgHlvY/getUpdates "HTTP/1.1 200 OK"
2025-05-02 10:05:14,883 - root - INFO - Health check server started on port 8000
2025-05-02 10:05:14,901 - root - INFO - Bot started!
2025-05-02 10:05:15,227 - httpx - INFO - HTTP Request: POST https://api.telegram.org/bot8071076420:AAFzeBp37IfwX-_JYHoH51WKyhnF9NgHlvY/getMe "HTTP/1.1 200 OK"
2025-05-02 10:05:15,332 - httpx - INFO - HTTP Request: POST https://api.telegram.org/bot8071076420:AAFzeBp37IfwX-_JYHoH51WKyhnF9NgHlvY/getMe "HTTP/1.1 200 OK"
2025-05-02 10:05:15,333 - root - INFO - Bot username saved to environment: Character0_a1_bot
2025-05-02 10:05:15,436 - httpx - INFO - HTTP Request: POST https://api.telegram.org/bot8071076420:AAFzeBp37IfwX-_JYHoH51WKyhnF9NgHlvY/deleteWebhook "HTTP/1.1 200 OK"
2025-05-02 10:05:15,438 - telegram.ext.Application - INFO - Application started
2025-05-02 10:05:25,761 - httpx - INFO - HTTP Request: POST https://api.telegram.org/bot8071076420:AAFzeBp37IfwX-_JYHoH51WKyhnF9NgHlvY/getUpdates "HTTP/1.1 200 OK"
2025-05-02 10:05:35,868 - httpx - INFO - HTTP Request: POST https://api.telegram.org/bot8071076420:AAFzeBp37IfwX-_JYHoH51WKyhnF9NgHlvY/getUpdates "HTTP/1.1 200 OK"
2025-05-02 10:05:45,975 - httpx - INFO - HTTP Request: POST https://api.telegram.org/bot8071076420:AAFzeBp37IfwX-_JYHoH51WKyhnF9NgHlvY/getUpdates "HTTP/1.1 200 OK"
2025-05-02 10:05:56,081 - httpx - INFO - HTTP Request: POST https://api.telegram.org/bot8071076420:AAFzeBp37IfwX-_JYHoH51WKyhnF9NgHlvY/getUpdates "HTTP/1.1 200 OK"
2025-05-02 10:06:06,193 - httpx - INFO - HTTP Request: POST https://api.telegram.org/bot8071076420:AAFzeBp37IfwX-_JYHoH51WKyhnF9NgHlvY/getUpdates "HTTP/1.1 200 OK"
2025-05-02 10:06:16,301 - httpx - INFO - HTTP Request: POST https://api.telegram.org/bot8071076420:AAFzeBp37IfwX-_JYHoH51WKyhnF9NgHlvY/getUpdates "HTTP/1.1 200 OK"
2025-05-02 10:06:26,406 - httpx - INFO - HTTP Request: POST https://api.telegram.org/bot8071076420:AAFzeBp37IfwX-_JYHoH51WKyhnF9NgHlvY/getUpdates "HTTP/1.1 200 OK"
2025-05-02 10:06:36,513 - httpx - INFO - HTTP Request: POST https://api.telegram.org/bot8071076420:AAFzeBp37IfwX-_JYHoH51WKyhnF9NgHlvY/getUpdates "HTTP/1.1 200 OK"
2025-05-02 10:06:46,633 - httpx - INFO - HTTP Request: POST https://api.telegram.org/bot8071076420:AAFzeBp37IfwX-_JYHoH51WKyhnF9NgHlvY/getUpdates "HTTP/1.1 200 OK"
2025-05-02 10:06:56,740 - httpx - INFO - HTTP Request: POST https://api.telegram.org/bot8071076420:AAFzeBp37IfwX-_JYHoH51WKyhnF9NgHlvY/getUpdates "HTTP/1.1 200 OK"
2025-05-02 10:07:06,850 - httpx - INFO - HTTP Request: POST https://api.telegram.org/bot8071076420:AAFzeBp37IfwX-_JYHoH51WKyhnF9NgHlvY/getUpdates "HTTP/1.1 200 OK"
2025-05-02 10:07:16,956 - httpx - INFO - HTTP Request: POST https://api.telegram.org/bot8071076420:AAFzeBp37IfwX-_JYHoH51WKyhnF9NgHlvY/getUpdates "HTTP/1.1 200 OK"
2025-05-02 10:07:27,064 - httpx - INFO - HTTP Request: POST https://api.telegram.org/bot8071076420:AAFzeBp37IfwX-_JYHoH51WKyhnF9NgHlvY/getUpdates "HTTP/1.1 200 OK"
2025-05-02 10:07:37,174 - httpx - INFO - HTTP Request: POST https://api.telegram.org/bot8071076420:AAFzeBp37IfwX-_JYHoH51WKyhnF9NgHlvY/getUpdates "HTTP/1.1 200 OK"
2025-05-02 10:07:47,283 - httpx - INFO - HTTP Request: POST https://api.telegram.org/bot8071076420:AAFzeBp37IfwX-_JYHoH51WKyhnF9NgHlvY/getUpdates "HTTP/1.1 200 OK"
2025-05-02 10:07:57,391 - httpx - INFO - HTTP Request: POST https://api.telegram.org/bot8071076420:AAFzeBp37IfwX-_JYHoH51WKyhnF9NgHlvY/getUpdates "HTTP/1.1 200 OK"
2025-05-02 10:08:07,496 - httpx - INFO - HTTP Request: POST https://api.telegram.org/bot8071076420:AAFzeBp37IfwX-_JYHoH51WKyhnF9NgHlvY/getUpdates "HTTP/1.1 200 OK"
2025-05-02 10:08:17,604 - httpx - INFO - HTTP Request: POST https://api.telegram.org/bot8071076420:AAFzeBp37IfwX-_JYHoH51WKyhnF9NgHlvY/getUpdates "HTTP/1.1 200 OK"
2025-05-02 10:08:27,721 - httpx - INFO - HTTP Request: POST https://api.telegram.org/bot8071076420:AAFzeBp37IfwX-_JYHoH51WKyhnF9NgHlvY/getUpdates "HTTP/1.1 200 OK"
2025-05-02 10:08:37,827 - httpx - INFO - HTTP Request: POST https://api.telegram.org/bot8071076420:AAFzeBp37IfwX-_JYHoH51WKyhnF9NgHlvY/getUpdates "HTTP/1.1 200 OK"
2025-05-02 10:08:47,933 - httpx - INFO - HTTP Request: POST https://api.telegram.org/bot8071076420:AAFzeBp37IfwX-_JYHoH51WKyhnF9NgHlvY/getUpdates "HTTP/1.1 200 OK"
2025-05-02 10:08:58,039 - httpx - INFO - HTTP Request: POST https://api.telegram.org/bot8071076420:AAFzeBp37IfwX-_JYHoH51WKyhnF9NgHlvY/getUpdates "HTTP/1.1 200 OK"
2025-05-02 10:09:08,145 - httpx - INFO - HTTP Request: POST https://api.telegram.org/bot8071076420:AAFzeBp37IfwX-_JYHoH51WKyhnF9NgHlvY/getUpdates "HTTP/1.1 200 OK"
2025-05-02 10:09:16,115 - httpx - INFO - HTTP Request: POST https://api.telegram.org/bot8071076420:AAFzeBp37IfwX-_JYHoH51WKyhnF9NgHlvY/getUpdates "HTTP/1.1 200 OK"
2025-05-02 10:09:16,446 - httpx - INFO - HTTP Request: POST https://api.telegram.org/bot8071076420:AAFzeBp37IfwX-_JYHoH51WKyhnF9NgHlvY/sendMessage "HTTP/1.1 200 OK"
2025-05-02 10:09:19,616 - httpx - INFO - HTTP Request: POST https://api.telegram.org/bot8071076420:AAFzeBp37IfwX-_JYHoH51WKyhnF9NgHlvY/getUpdates "HTTP/1.1 200 OK"
2025-05-02 10:09:19,748 - httpx - INFO - HTTP Request: POST https://api.telegram.org/bot8071076420:AAFzeBp37IfwX-_JYHoH51WKyhnF9NgHlvY/sendMessage "HTTP/1.1 200 OK"
2025-05-02 10:09:25,416 - httpx - INFO - HTTP Request: POST https://api.telegram.org/bot8071076420:AAFzeBp37IfwX-_JYHoH51WKyhnF9NgHlvY/getUpdates "HTTP/1.1 200 OK"
2025-05-02 10:09:25,751 - httpx - INFO - HTTP Request: POST https://api.telegram.org/bot8071076420:AAFzeBp37IfwX-_JYHoH51WKyhnF9NgHlvY/sendMessage "HTTP/1.1 200 OK"
2025-05-02 10:09:28,577 - httpx - INFO - HTTP Request: POST https://api.telegram.org/bot8071076420:AAFzeBp37IfwX-_JYHoH51WKyhnF9NgHlvY/getUpdates "HTTP/1.1 200 OK"
2025-05-02 10:09:28,703 - httpx - INFO - HTTP Request: POST https://api.telegram.org/bot8071076420:AAFzeBp37IfwX-_JYHoH51WKyhnF9NgHlvY/sendMessage "HTTP/1.1 200 OK"
2025-05-02 10:09:33,955 - httpx - INFO - HTTP Request: POST https://api.telegram.org/bot8071076420:AAFzeBp37IfwX-_JYHoH51WKyhnF9NgHlvY/getUpdates "HTTP/1.1 200 OK"
2025-05-02 10:09:34,313 - httpx - INFO - HTTP Request: POST https://api.telegram.org/bot8071076420:AAFzeBp37IfwX-_JYHoH51WKyhnF9NgHlvY/sendMessage "HTTP/1.1 200 OK"
2025-05-02 10:09:37,020 - httpx - INFO - HTTP Request: POST https://api.telegram.org/bot8071076420:AAFzeBp37IfwX-_JYHoH51WKyhnF9NgHlvY/getUpdates "HTTP/1.1 200 OK"
2025-05-02 10:09:37,148 - httpx - INFO - HTTP Request: POST https://api.telegram.org/bot8071076420:AAFzeBp37IfwX-_JYHoH51WKyhnF9NgHlvY/sendMessage "HTTP/1.1 200 OK"
2025-05-02 10:09:41,745 - httpx - INFO - HTTP Request: POST https://api.telegram.org/bot8071076420:AAFzeBp37IfwX-_JYHoH51WKyhnF9NgHlvY/getUpdates "HTTP/1.1 200 OK"
2025-05-02 10:09:42,047 - httpx - INFO - HTTP Request: POST https://api.telegram.org/bot8071076420:AAFzeBp37IfwX-_JYHoH51WKyhnF9NgHlvY/sendMessage "HTTP/1.1 200 OK"
2025-05-02 10:09:43,825 - httpx - INFO - HTTP Request: POST https://api.telegram.org/bot8071076420:AAFzeBp37IfwX-_JYHoH51WKyhnF9NgHlvY/getUpdates "HTTP/1.1 200 OK"
2025-05-02 10:09:43,952 - httpx - INFO - HTTP Request: POST https://api.telegram.org/bot8071076420:AAFzeBp37IfwX-_JYHoH51WKyhnF9NgHlvY/answerCallbackQuery "HTTP/1.1 200 OK"
2025-05-02 10:09:44,094 - httpx - INFO - HTTP Request: POST https://api.telegram.org/bot8071076420:AAFzeBp37IfwX-_JYHoH51WKyhnF9NgHlvY/editMessageText "HTTP/1.1 200 OK"
2025-05-02 10:09:45,203 - httpx - INFO - HTTP Request: POST https://api.telegram.org/bot8071076420:AAFzeBp37IfwX-_JYHoH51WKyhnF9NgHlvY/getUpdates "HTTP/1.1 200 OK"
2025-05-02 10:09:45,336 - httpx - INFO - HTTP Request: POST https://api.telegram.org/bot8071076420:AAFzeBp37IfwX-_JYHoH51WKyhnF9NgHlvY/answerCallbackQuery "HTTP/1.1 200 OK"
2025-05-02 10:09:45,462 - httpx - INFO - HTTP Request: POST https://api.telegram.org/bot8071076420:AAFzeBp37IfwX-_JYHoH51WKyhnF9NgHlvY/editMessageText "HTTP/1.1 200 OK"
2025-05-02 10:09:47,116 - httpx - INFO - HTTP Request: POST https://api.telegram.org/bot8071076420:AAFzeBp37IfwX-_JYHoH51WKyhnF9NgHlvY/getUpdates "HTTP/1.1 200 OK"
2025-05-02 10:09:47,324 - httpx - INFO - HTTP Request: POST https://api.telegram.org/bot8071076420:AAFzeBp37IfwX-_JYHoH51WKyhnF9NgHlvY/sendMessage "HTTP/1.1 200 OK"
2025-05-02 10:09:49,311 - httpx - INFO - HTTP Request: POST https://api.telegram.org/bot8071076420:AAFzeBp37IfwX-_JYHoH51WKyhnF9NgHlvY/getUpdates "HTTP/1.1 200 OK"
2025-05-02 10:09:49,517 - httpx - INFO - HTTP Request: POST https://api.telegram.org/bot8071076420:AAFzeBp37IfwX-_JYHoH51WKyhnF9NgHlvY/answerCallbackQuery "HTTP/1.1 200 OK"
2025-05-02 10:09:49,709 - httpx - INFO - HTTP Request: POST https://api.telegram.org/bot8071076420:AAFzeBp37IfwX-_JYHoH51WKyhnF9NgHlvY/editMessageText "HTTP/1.1 200 OK"
2025-05-02 10:09:50,830 - httpx - INFO - HTTP Request: POST https://api.telegram.org/bot8071076420:AAFzeBp37IfwX-_JYHoH51WKyhnF9NgHlvY/getUpdates "HTTP/1.1 200 OK"
2025-05-02 10:09:50,947 - httpx - INFO - HTTP Request: POST https://api.telegram.org/bot8071076420:AAFzeBp37IfwX-_JYHoH51WKyhnF9NgHlvY/answerCallbackQuery "HTTP/1.1 200 OK"
2025-05-02 10:09:51,085 - httpx - INFO - HTTP Request: POST https://api.telegram.org/bot8071076420:AAFzeBp37IfwX-_JYHoH51WKyhnF9NgHlvY/editMessageText "HTTP/1.1 200 OK"
2025-05-02 10:09:52,121 - httpx - INFO - HTTP Request: POST https://api.telegram.org/bot8071076420:AAFzeBp37IfwX-_JYHoH51WKyhnF9NgHlvY/getUpdates "HTTP/1.1 200 OK"
2025-05-02 10:09:52,250 - httpx - INFO - HTTP Request: POST https://api.telegram.org/bot8071076420:AAFzeBp37IfwX-_JYHoH51WKyhnF9NgHlvY/sendMessage "HTTP/1.1 200 OK"
2025-05-02 10:09:54,699 - httpx - INFO - HTTP Request: POST https://api.telegram.org/bot8071076420:AAFzeBp37IfwX-_JYHoH51WKyhnF9NgHlvY/getUpdates "HTTP/1.1 200 OK"
2025-05-02 10:09:54,842 - httpx - INFO - HTTP Request: POST https://api.telegram.org/bot8071076420:AAFzeBp37IfwX-_JYHoH51WKyhnF9NgHlvY/answerCallbackQuery "HTTP/1.1 200 OK"
2025-05-02 10:09:54,962 - httpx - INFO - HTTP Request: POST https://api.telegram.org/bot8071076420:AAFzeBp37IfwX-_JYHoH51WKyhnF9NgHlvY/editMessageText "HTTP/1.1 200 OK"
2025-05-02 10:09:55,969 - httpx - INFO - HTTP Request: POST https://api.telegram.org/bot8071076420:AAFzeBp37IfwX-_JYHoH51WKyhnF9NgHlvY/getUpdates "HTTP/1.1 200 OK"
2025-05-02 10:09:56,104 - httpx - INFO - HTTP Request: POST https://api.telegram.org/bot8071076420:AAFzeBp37IfwX-_JYHoH51WKyhnF9NgHlvY/answerCallbackQuery "HTTP/1.1 200 OK"
2025-05-02 10:09:56,227 - httpx - INFO - HTTP Request: POST https://api.telegram.org/bot8071076420:AAFzeBp37IfwX-_JYHoH51WKyhnF9NgHlvY/editMessageText "HTTP/1.1 200 OK"
2025-05-02 10:09:57,659 - httpx - INFO - HTTP Request: POST https://api.telegram.org/bot8071076420:AAFzeBp37IfwX-_JYHoH51WKyhnF9NgHlvY/getUpdates "HTTP/1.1 200 OK"
2025-05-02 10:09:57,797 - httpx - INFO - HTTP Request: POST https://api.telegram.org/bot8071076420:AAFzeBp37IfwX-_JYHoH51WKyhnF9NgHlvY/sendMessage "HTTP/1.1 200 OK"
2025-05-02 10:09:59,244 - httpx - INFO - HTTP Request: POST https://api.telegram.org/bot8071076420:AAFzeBp37IfwX-_JYHoH51WKyhnF9NgHlvY/getUpdates "HTTP/1.1 200 OK"
2025-05-02 10:09:59,358 - httpx - INFO - HTTP Request: POST https://api.telegram.org/bot8071076420:AAFzeBp37IfwX-_JYHoH51WKyhnF9NgHlvY/answerCallbackQuery "HTTP/1.1 200 OK"
2025-05-02 10:09:59,481 - httpx - INFO - HTTP Request: POST https://api.telegram.org/bot8071076420:AAFzeBp37IfwX-_JYHoH51WKyhnF9NgHlvY/editMessageText "HTTP/1.1 200 OK"
2025-05-02 10:10:00,552 - httpx - INFO - HTTP Request: POST https://api.telegram.org/bot8071076420:AAFzeBp37IfwX-_JYHoH51WKyhnF9NgHlvY/getUpdates "HTTP/1.1 200 OK"
2025-05-02 10:10:00,664 - httpx - INFO - HTTP Request: POST https://api.telegram.org/bot8071076420:AAFzeBp37IfwX-_JYHoH51WKyhnF9NgHlvY/answerCallbackQuery "HTTP/1.1 200 OK"
2025-05-02 10:10:00,790 - httpx - INFO - HTTP Request: POST https://api.telegram.org/bot8071076420:AAFzeBp37IfwX-_JYHoH51WKyhnF9NgHlvY/editMessageText "HTTP/1.1 200 OK"
2025-05-02 10:10:10,661 - httpx - INFO - HTTP Request: POST https://api.telegram.org/bot8071076420:AAFzeBp37IfwX-_JYHoH51WKyhnF9NgHlvY/getUpdates "HTTP/1.1 200 OK"
2025-05-02 10:10:20,786 - httpx - INFO - HTTP Request: POST https://api.telegram.org/bot8071076420:AAFzeBp37IfwX-_JYHoH51WKyhnF9NgHlvY/getUpdates "HTTP/1.1 200 OK"
2025-05-02 10:10:30,894 - httpx - INFO - HTTP Request: POST https://api.telegram.org/bot8071076420:AAFzeBp37IfwX-_JYHoH51WKyhnF9NgHlvY/getUpdates "HTTP/1.1 200 OK"
2025-05-02 10:10:40,999 - httpx - INFO - HTTP Request: POST https://api.telegram.org/bot8071076420:AAFzeBp37IfwX-_JYHoH51WKyhnF9NgHlvY/getUpdates "HTTP/1.1 200 OK"
2025-05-02 10:10:51,106 - httpx - INFO - HTTP Request: POST https://api.telegram.org/bot8071076420:AAFzeBp37IfwX-_JYHoH51WKyhnF9NgHlvY/getUpdates "HTTP/1.1 200 OK"
2025-05-02 10:11:01,217 - httpx - INFO - HTTP Request: POST https://api.telegram.org/bot8071076420:AAFzeBp37IfwX-_JYHoH51WKyhnF9NgHlvY/getUpdates "HTTP/1.1 200 OK"
2025-05-02 10:11:11,325 - httpx - INFO - HTTP Request: POST https://api.telegram.org/bot8071076420:AAFzeBp37IfwX-_JYHoH51WKyhnF9NgHlvY/getUpdates "HTTP/1.1 200 OK"
2025-05-02 10:11:18,662 - httpx - INFO - HTTP Request: POST https://api.telegram.org/bot8071076420:AAFzeBp37IfwX-_JYHoH51WKyhnF9NgHlvY/getUpdates "HTTP/1.1 200 OK"
2025-05-02 10:11:18,663 - telegram.ext.Application - INFO - Application is stopping. This might take a moment.
2025-05-02 10:11:18,663 - telegram.ext.Application - INFO - Application.stop() complete
2025-05-02 10:11:21,200 - root - INFO - Health check server started on port 8000
2025-05-02 10:11:21,214 - root - INFO - Bot started!
2025-05-02 10:11:21,539 - httpx - INFO - HTTP Request: POST https://api.telegram.org/bot8071076420:AAFzeBp37IfwX-_JYHoH51WKyhnF9NgHlvY/getMe "HTTP/1.1 200 OK"
2025-05-02 10:11:21,647 - httpx - INFO - HTTP Request: POST https://api.telegram.org/bot8071076420:AAFzeBp37IfwX-_JYHoH51WKyhnF9NgHlvY/getMe "HTTP/1.1 200 OK"
2025-05-02 10:11:21,647 - root - INFO - Bot username saved to environment: Character0_a1_bot
2025-05-02 10:11:21,751 - httpx - INFO - HTTP Request: POST https://api.telegram.org/bot8071076420:AAFzeBp37IfwX-_JYHoH51WKyhnF9NgHlvY/deleteWebhook "HTTP/1.1 200 OK"
2025-05-02 10:11:21,753 - telegram.ext.Application - INFO - Application started
2025-05-02 10:11:32,065 - httpx - INFO - HTTP Request: POST https://api.telegram.org/bot8071076420:AAFzeBp37IfwX-_JYHoH51WKyhnF9NgHlvY/getUpdates "HTTP/1.1 200 OK"
2025-05-02 10:11:42,173 - httpx - INFO - HTTP Request: POST https://api.telegram.org/bot8071076420:AAFzeBp37IfwX-_JYHoH51WKyhnF9NgHlvY/getUpdates "HTTP/1.1 200 OK"
2025-05-02 10:11:52,277 - httpx - INFO - HTTP Request: POST https://api.telegram.org/bot8071076420:AAFzeBp37IfwX-_JYHoH51WKyhnF9NgHlvY/getUpdates "HTTP/1.1 200 OK"
2025-05-02 10:12:02,381 - httpx - INFO - HTTP Request: POST https://api.telegram.org/bot8071076420:AAFzeBp37IfwX-_JYHoH51WKyhnF9NgHlvY/getUpdates "HTTP/1.1 200 OK"
2025-05-02 10:12:12,490 - httpx - INFO - HTTP Request: POST https://api.telegram.org/bot8071076420:AAFzeBp37IfwX-_JYHoH51WKyhnF9NgHlvY/getUpdates "HTTP/1.1 200 OK"
2025-05-02 10:12:22,604 - httpx - INFO - HTTP Request: POST https://api.telegram.org/bot8071076420:AAFzeBp37IfwX-_JYHoH51WKyhnF9NgHlvY/getUpdates "HTTP/1.1 200 OK"
2025-05-02 10:12:32,711 - httpx - INFO - HTTP Request: POST https://api.telegram.org/bot8071076420:AAFzeBp37IfwX-_JYHoH51WKyhnF9NgHlvY/getUpdates "HTTP/1.1 200 OK"
2025-05-02 10:12:42,818 - httpx - INFO - HTTP Request: POST https://api.telegram.org/bot8071076420:AAFzeBp37IfwX-_JYHoH51WKyhnF9NgHlvY/getUpdates "HTTP/1.1 200 OK"
2025-05-02 10:12:52,922 - httpx - INFO - HTTP Request: POST https://api.telegram.org/bot8071076420:AAFzeBp37IfwX-_JYHoH51WKyhnF9NgHlvY/getUpdates "HTTP/1.1 200 OK"
2025-05-02 10:13:03,029 - httpx - INFO - HTTP Request: POST https://api.telegram.org/bot8071076420:AAFzeBp37IfwX-_JYHoH51WKyhnF9NgHlvY/getUpdates "HTTP/1.1 200 OK"
2025-05-02 10:13:13,135 - httpx - INFO - HTTP Request: POST https://api.telegram.org/bot8071076420:AAFzeBp37IfwX-_JYHoH51WKyhnF9NgHlvY/getUpdates "HTTP/1.1 200 OK"
2025-05-02 10:13:23,240 - httpx - INFO - HTTP Request: POST https://api.telegram.org/bot8071076420:AAFzeBp37IfwX-_JYHoH51WKyhnF9NgHlvY/getUpdates "HTTP/1.1 200 OK"
2025-05-02 10:13:33,348 - httpx - INFO - HTTP Request: POST https://api.telegram.org/bot8071076420:AAFzeBp37IfwX-_JYHoH51WKyhnF9NgHlvY/getUpdates "HTTP/1.1 200 OK"
2025-05-02 10:13:43,454 - httpx - INFO - HTTP Request: POST https://api.telegram.org/bot8071076420:AAFzeBp37IfwX-_JYHoH51WKyhnF9NgHlvY/getUpdates "HTTP/1.1 200 OK"
2025-05-02 10:13:53,559 - httpx - INFO - HTTP Request: POST https://api.telegram.org/bot8071076420:AAFzeBp37IfwX-_JYHoH51WKyhnF9NgHlvY/getUpdates "HTTP/1.1 200 OK"
2025-05-02 10:14:03,664 - httpx - INFO - HTTP Request: POST https://api.telegram.org/bot8071076420:AAFzeBp37IfwX-_JYHoH51WKyhnF9NgHlvY/getUpdates "HTTP/1.1 200 OK"
2025-05-02 10:14:13,777 - httpx - INFO - HTTP Request: POST https://api.telegram.org/bot8071076420:AAFzeBp37IfwX-_JYHoH51WKyhnF9NgHlvY/getUpdates "HTTP/1.1 200 OK"
2025-05-02 10:14:23,886 - httpx - INFO - HTTP Request: POST https://api.telegram.org/bot8071076420:AAFzeBp37IfwX-_JYHoH51WKyhnF9NgHlvY/getUpdates "HTTP/1.1 200 OK"
2025-05-02 10:14:33,997 - httpx - INFO - HTTP Request: POST https://api.telegram.org/bot8071076420:AAFzeBp37IfwX-_JYHoH51WKyhnF9NgHlvY/getUpdates "HTTP/1.1 200 OK"
2025-05-02 10:14:44,102 - httpx - INFO - HTTP Request: POST https://api.telegram.org/bot8071076420:AAFzeBp37IfwX-_JYHoH51WKyhnF9NgHlvY/getUpdates "HTTP/1.1 200 OK"
2025-05-02 10:14:54,208 - httpx - INFO - HTTP Request: POST https://api.telegram.org/bot8071076420:AAFzeBp37IfwX-_JYHoH51WKyhnF9NgHlvY/getUpdates "HTTP/1.1 200 OK"
2025-05-02 10:14:59,504 - httpx - INFO - HTTP Request: POST https://api.telegram.org/bot8071076420:AAFzeBp37IfwX-_JYHoH51WKyhnF9NgHlvY/getUpdates "HTTP/1.1 200 OK"
2025-05-02 10:14:59,505 - telegram.ext.Application - INFO - Application is stopping. This might take a moment.
2025-05-02 10:14:59,505 - telegram.ext.Application - INFO - Application.stop() complete
2025-05-02 10:15:02,099 - root - INFO - Health check server started on port 8000
2025-05-02 10:15:02,114 - root - INFO - Bot started!
2025-05-02 10:15:02,436 - httpx - INFO - HTTP Request: POST https://api.telegram.org/bot8071076420:AAFzeBp37IfwX-_JYHoH51WKyhnF9NgHlvY/getMe "HTTP/1.1 200 OK"
2025-05-02 10:15:02,545 - httpx - INFO - HTTP Request: POST https://api.telegram.org/bot8071076420:AAFzeBp37IfwX-_JYHoH51WKyhnF9NgHlvY/getMe "HTTP/1.1 200 OK"
2025-05-02 10:15:02,547 - root - INFO - Bot username saved to environment: Character0_a1_bot
2025-05-02 10:15:02,654 - httpx - INFO - HTTP Request: POST https://api.telegram.org/bot8071076420:AAFzeBp37IfwX-_JYHoH51WKyhnF9NgHlvY/deleteWebhook "HTTP/1.1 200 OK"
2025-05-02 10:15:02,656 - telegram.ext.Application - INFO - Application started
2025-05-02 10:15:12,968 - httpx - INFO - HTTP Request: POST https://api.telegram.org/bot8071076420:AAFzeBp37IfwX-_JYHoH51WKyhnF9NgHlvY/getUpdates "HTTP/1.1 200 OK"
2025-05-02 10:15:23,073 - httpx - INFO - HTTP Request: POST https://api.telegram.org/bot8071076420:AAFzeBp37IfwX-_JYHoH51WKyhnF9NgHlvY/getUpdates "HTTP/1.1 200 OK"
2025-05-02 10:15:33,180 - httpx - INFO - HTTP Request: POST https://api.telegram.org/bot8071076420:AAFzeBp37IfwX-_JYHoH51WKyhnF9NgHlvY/getUpdates "HTTP/1.1 200 OK"
2025-05-02 10:15:43,286 - httpx - INFO - HTTP Request: POST https://api.telegram.org/bot8071076420:AAFzeBp37IfwX-_JYHoH51WKyhnF9NgHlvY/getUpdates "HTTP/1.1 200 OK"
2025-05-02 10:15:53,392 - httpx - INFO - HTTP Request: POST https://api.telegram.org/bot8071076420:AAFzeBp37IfwX-_JYHoH51WKyhnF9NgHlvY/getUpdates "HTTP/1.1 200 OK"
2025-05-02 10:16:03,497 - httpx - INFO - HTTP Request: POST https://api.telegram.org/bot8071076420:AAFzeBp37IfwX-_JYHoH51WKyhnF9NgHlvY/getUpdates "HTTP/1.1 200 OK"
2025-05-02 10:16:13,603 - httpx - INFO - HTTP Request: POST https://api.telegram.org/bot8071076420:AAFzeBp37IfwX-_JYHoH51WKyhnF9NgHlvY/getUpdates "HTTP/1.1 200 OK"
2025-05-02 10:16:23,709 - httpx - INFO - HTTP Request: POST https://api.telegram.org/bot8071076420:AAFzeBp37IfwX-_JYHoH51WKyhnF9NgHlvY/getUpdates "HTTP/1.1 200 OK"
2025-05-02 10:16:32,707 - httpx - INFO - HTTP Request: POST https://api.telegram.org/bot8071076420:AAFzeBp37IfwX-_JYHoH51WKyhnF9NgHlvY/getUpdates "HTTP/1.1 200 OK"
2025-05-02 10:16:32,708 - telegram.ext.Application - INFO - Application is stopping. This might take a moment.
2025-05-02 10:16:32,708 - telegram.ext.Application - INFO - Application.stop() complete
2025-05-02 10:16:35,456 - root - INFO - Health check server started on port 8000
2025-05-02 10:16:35,472 - root - INFO - Bot started!
2025-05-02 10:16:35,800 - httpx - INFO - HTTP Request: POST https://api.telegram.org/bot8071076420:AAFzeBp37IfwX-_JYHoH51WKyhnF9NgHlvY/getMe "HTTP/1.1 200 OK"
2025-05-02 10:16:35,905 - httpx - INFO - HTTP Request: POST https://api.telegram.org/bot8071076420:AAFzeBp37IfwX-_JYHoH51WKyhnF9NgHlvY/getMe "HTTP/1.1 200 OK"
2025-05-02 10:16:35,906 - root - INFO - Bot username saved to environment: Character0_a1_bot
2025-05-02 10:16:36,009 - httpx - INFO - HTTP Request: POST https://api.telegram.org/bot8071076420:AAFzeBp37IfwX-_JYHoH51WKyhnF9NgHlvY/deleteWebhook "HTTP/1.1 200 OK"
2025-05-02 10:16:36,011 - telegram.ext.Application - INFO - Application started
2025-05-02 10:16:46,344 - httpx - INFO - HTTP Request: POST https://api.telegram.org/bot8071076420:AAFzeBp37IfwX-_JYHoH51WKyhnF9NgHlvY/getUpdates "HTTP/1.1 200 OK"
2025-05-02 10:16:56,449 - httpx - INFO - HTTP Request: POST https://api.telegram.org/bot8071076420:AAFzeBp37IfwX-_JYHoH51WKyhnF9NgHlvY/getUpdates "HTTP/1.1 200 OK"
2025-05-02 10:17:06,563 - httpx - INFO - HTTP Request: POST https://api.telegram.org/bot8071076420:AAFzeBp37IfwX-_JYHoH51WKyhnF9NgHlvY/getUpdates "HTTP/1.1 200 OK"
2025-05-02 10:17:16,668 - httpx - INFO - HTTP Request: POST https://api.telegram.org/bot8071076420:AAFzeBp37IfwX-_JYHoH51WKyhnF9NgHlvY/getUpdates "HTTP/1.1 200 OK"
2025-05-02 10:17:26,792 - httpx - INFO - HTTP Request: POST https://api.telegram.org/bot8071076420:AAFzeBp37IfwX-_JYHoH51WKyhnF9NgHlvY/getUpdates "HTTP/1.1 200 OK"
2025-05-02 10:17:36,897 - httpx - INFO - HTTP Request: POST https://api.telegram.org/bot8071076420:AAFzeBp37IfwX-_JYHoH51WKyhnF9NgHlvY/getUpdates "HTTP/1.1 200 OK"
2025-05-02 10:17:47,003 - httpx - INFO - HTTP Request: POST https://api.telegram.org/bot8071076420:AAFzeBp37IfwX-_JYHoH51WKyhnF9NgHlvY/getUpdates "HTTP/1.1 200 OK"
2025-05-02 10:17:50,255 - app - INFO - Database tables created successfully
2025-05-02 10:17:55,015 - app - INFO - Database tables created successfully
2025-05-02 10:17:57,108 - httpx - INFO - HTTP Request: POST https://api.telegram.org/bot8071076420:AAFzeBp37IfwX-_JYHoH51WKyhnF9NgHlvY/getUpdates "HTTP/1.1 200 OK"
2025-05-02 10:18:07,216 - httpx - INFO - HTTP Request: POST https://api.telegram.org/bot8071076420:AAFzeBp37IfwX-_JYHoH51WKyhnF9NgHlvY/getUpdates "HTTP/1.1 200 OK"
2025-05-02 10:18:17,320 - httpx - INFO - HTTP Request: POST https://api.telegram.org/bot8071076420:AAFzeBp37IfwX-_JYHoH51WKyhnF9NgHlvY/getUpdates "HTTP/1.1 200 OK"
2025-05-02 10:18:27,427 - httpx - INFO - HTTP Request: POST https://api.telegram.org/bot8071076420:AAFzeBp37IfwX-_JYHoH51WKyhnF9NgHlvY/getUpdates "HTTP/1.1 200 OK"
2025-05-02 10:18:37,532 - httpx - INFO - HTTP Request: POST https://api.telegram.org/bot8071076420:AAFzeBp37IfwX-_JYHoH51WKyhnF9NgHlvY/getUpdates "HTTP/1.1 200 OK"
2025-05-02 10:18:47,637 - httpx - INFO - HTTP Request: POST https://api.telegram.org/bot8071076420:AAFzeBp37IfwX-_JYHoH51WKyhnF9NgHlvY/getUpdates "HTTP/1.1 200 OK"
2025-05-02 10:18:57,742 - httpx - INFO - HTTP Request: POST https://api.telegram.org/bot8071076420:AAFzeBp37IfwX-_JYHoH51WKyhnF9NgHlvY/getUpdates "HTTP/1.1 200 OK"
2025-05-02 10:19:07,848 - httpx - INFO - HTTP Request: POST https://api.telegram.org/bot8071076420:AAFzeBp37IfwX-_JYHoH51WKyhnF9NgHlvY/getUpdates "HTTP/1.1 200 OK"
2025-05-02 10:19:17,952 - httpx - INFO - HTTP Request: POST https://api.telegram.org/bot8071076420:AAFzeBp37IfwX-_JYHoH51WKyhnF9NgHlvY/getUpdates "HTTP/1.1 200 OK"
2025-05-02 10:19:28,056 - httpx - INFO - HTTP Request: POST https://api.telegram.org/bot8071076420:AAFzeBp37IfwX-_JYHoH51WKyhnF9NgHlvY/getUpdates "HTTP/1.1 200 OK"
2025-05-02 10:19:38,163 - httpx - INFO - HTTP Request: POST https://api.telegram.org/bot8071076420:AAFzeBp37IfwX-_JYHoH51WKyhnF9NgHlvY/getUpdates "HTTP/1.1 200 OK"
2025-05-02 10:19:48,282 - httpx - INFO - HTTP Request: POST https://api.telegram.org/bot8071076420:AAFzeBp37IfwX-_JYHoH51WKyhnF9NgHlvY/getUpdates "HTTP/1.1 200 OK"
2025-05-02 10:19:58,400 - httpx - INFO - HTTP Request: POST https://api.telegram.org/bot8071076420:AAFzeBp37IfwX-_JYHoH51WKyhnF9NgHlvY/getUpdates "HTTP/1.1 200 OK"
2025-05-02 10:20:08,506 - httpx - INFO - HTTP Request: POST https://api.telegram.org/bot8071076420:AAFzeBp37IfwX-_JYHoH51WKyhnF9NgHlvY/getUpdates "HTTP/1.1 200 OK"
2025-05-02 10:20:18,612 - httpx - INFO - HTTP Request: POST https://api.telegram.org/bot8071076420:AAFzeBp37IfwX-_JYHoH51WKyhnF9NgHlvY/getUpdates "HTTP/1.1 200 OK"
2025-05-02 10:20:28,731 - httpx - INFO - HTTP Request: POST https://api.telegram.org/bot8071076420:AAFzeBp37IfwX-_JYHoH51WKyhnF9NgHlvY/getUpdates "HTTP/1.1 200 OK"
2025-05-02 10:20:38,838 - httpx - INFO - HTTP Request: POST https://api.telegram.org/bot8071076420:AAFzeBp37IfwX-_JYHoH51WKyhnF9NgHlvY/getUpdates "HTTP/1.1 200 OK"
2025-05-02 10:20:42,799 - httpx - INFO - HTTP Request: POST https://api.telegram.org/bot8071076420:AAFzeBp37IfwX-_JYHoH51WKyhnF9NgHlvY/getUpdates "HTTP/1.1 200 OK"
2025-05-02 10:20:43,148 - httpx - INFO - HTTP Request: POST https://api.telegram.org/bot8071076420:AAFzeBp37IfwX-_JYHoH51WKyhnF9NgHlvY/sendMessage "HTTP/1.1 200 OK"
2025-05-02 10:20:52,905 - httpx - INFO - HTTP Request: POST https://api.telegram.org/bot8071076420:AAFzeBp37IfwX-_JYHoH51WKyhnF9NgHlvY/getUpdates "HTTP/1.1 200 OK"
2025-05-02 10:20:53,369 - httpx - INFO - HTTP Request: POST https://api.telegram.org/bot8071076420:AAFzeBp37IfwX-_JYHoH51WKyhnF9NgHlvY/getUpdates "HTTP/1.1 200 OK"
2025-05-02 10:20:53,705 - httpx - INFO - HTTP Request: POST https://api.telegram.org/bot8071076420:AAFzeBp37IfwX-_JYHoH51WKyhnF9NgHlvY/sendMessage "HTTP/1.1 200 OK"
2025-05-02 10:20:56,502 - httpx - INFO - HTTP Request: POST https://api.telegram.org/bot8071076420:AAFzeBp37IfwX-_JYHoH51WKyhnF9NgHlvY/getUpdates "HTTP/1.1 200 OK"
2025-05-02 10:20:56,662 - httpx - INFO - HTTP Request: POST https://api.telegram.org/bot8071076420:AAFzeBp37IfwX-_JYHoH51WKyhnF9NgHlvY/answerCallbackQuery "HTTP/1.1 200 OK"
2025-05-02 10:20:56,833 - httpx - INFO - HTTP Request: POST https://api.telegram.org/bot8071076420:AAFzeBp37IfwX-_JYHoH51WKyhnF9NgHlvY/sendMessage "HTTP/1.1 200 OK"
2025-05-02 10:20:58,711 - httpx - INFO - HTTP Request: POST https://api.telegram.org/bot8071076420:AAFzeBp37IfwX-_JYHoH51WKyhnF9NgHlvY/getUpdates "HTTP/1.1 200 OK"
2025-05-02 10:20:58,831 - httpx - INFO - HTTP Request: POST https://api.telegram.org/bot8071076420:AAFzeBp37IfwX-_JYHoH51WKyhnF9NgHlvY/answerCallbackQuery "HTTP/1.1 200 OK"
2025-05-02 10:20:58,959 - httpx - INFO - HTTP Request: POST https://api.telegram.org/bot8071076420:AAFzeBp37IfwX-_JYHoH51WKyhnF9NgHlvY/editMessageText "HTTP/1.1 200 OK"
2025-05-02 10:21:00,050 - httpx - INFO - HTTP Request: POST https://api.telegram.org/bot8071076420:AAFzeBp37IfwX-_JYHoH51WKyhnF9NgHlvY/getUpdates "HTTP/1.1 200 OK"
2025-05-02 10:21:00,169 - httpx - INFO - HTTP Request: POST https://api.telegram.org/bot8071076420:AAFzeBp37IfwX-_JYHoH51WKyhnF9NgHlvY/sendChatAction "HTTP/1.1 200 OK"
2025-05-02 10:21:01,742 - httpx - INFO - HTTP Request: POST https://api.telegram.org/bot8071076420:AAFzeBp37IfwX-_JYHoH51WKyhnF9NgHlvY/sendMessage "HTTP/1.1 200 OK"
2025-05-02 10:21:10,156 - httpx - INFO - HTTP Request: POST https://api.telegram.org/bot8071076420:AAFzeBp37IfwX-_JYHoH51WKyhnF9NgHlvY/getUpdates "HTTP/1.1 200 OK"
2025-05-02 10:21:20,261 - httpx - INFO - HTTP Request: POST https://api.telegram.org/bot8071076420:AAFzeBp37IfwX-_JYHoH51WKyhnF9NgHlvY/getUpdates "HTTP/1.1 200 OK"
2025-05-02 10:21:30,366 - httpx - INFO - HTTP Request: POST https://api.telegram.org/bot8071076420:AAFzeBp37IfwX-_JYHoH51WKyhnF9NgHlvY/getUpdates "HTTP/1.1 200 OK"
2025-05-02 10:21:40,471 - httpx - INFO - HTTP Request: POST https://api.telegram.org/bot8071076420:AAFzeBp37IfwX-_JYHoH51WKyhnF9NgHlvY/getUpdates "HTTP/1.1 200 OK"
2025-05-02 10:21:50,576 - httpx - INFO - HTTP Request: POST https://api.telegram.org/bot8071076420:AAFzeBp37IfwX-_JYHoH51WKyhnF9NgHlvY/getUpdates "HTTP/1.1 200 OK"
2025-05-02 10:22:00,684 - httpx - INFO - HTTP Request: POST https://api.telegram.org/bot8071076420:AAFzeBp37IfwX-_JYHoH51WKyhnF9NgHlvY/getUpdates "HTTP/1.1 200 OK"
2025-05-02 10:22:10,796 - httpx - INFO - HTTP Request: POST https://api.telegram.org/bot8071076420:AAFzeBp37IfwX-_JYHoH51WKyhnF9NgHlvY/getUpdates "HTTP/1.1 200 OK"
2025-05-02 10:22:20,916 - httpx - INFO - HTTP Request: POST https://api.telegram.org/bot8071076420:AAFzeBp37IfwX-_JYHoH51WKyhnF9NgHlvY/getUpdates "HTTP/1.1 200 OK"
2025-05-02 10:22:31,021 - httpx - INFO - HTTP Request: POST https://api.telegram.org/bot8071076420:AAFzeBp37IfwX-_JYHoH51WKyhnF9NgHlvY/getUpdates "HTTP/1.1 200 OK"
2025-05-02 10:22:41,133 - httpx - INFO - HTTP Request: POST https://api.telegram.org/bot8071076420:AAFzeBp37IfwX-_JYHoH51WKyhnF9NgHlvY/getUpdates "HTTP/1.1 200 OK"
2025-05-02 10:22:51,239 - httpx - INFO - HTTP Request: POST https://api.telegram.org/bot8071076420:AAFzeBp37IfwX-_JYHoH51WKyhnF9NgHlvY/getUpdates "HTTP/1.1 200 OK"
2025-05-02 10:23:01,346 - httpx - INFO - HTTP Request: POST https://api.telegram.org/bot8071076420:AAFzeBp37IfwX-_JYHoH51WKyhnF9NgHlvY/getUpdates "HTTP/1.1 200 OK"
2025-05-02 10:23:11,451 - httpx - INFO - HTTP Request: POST https://api.telegram.org/bot8071076420:AAFzeBp37IfwX-_JYHoH51WKyhnF9NgHlvY/getUpdates "HTTP/1.1 200 OK"
2025-05-02 10:23:21,556 - httpx - INFO - HTTP Request: POST https://api.telegram.org/bot8071076420:AAFzeBp37IfwX-_JYHoH51WKyhnF9NgHlvY/getUpdates "HTTP/1.1 200 OK"
2025-05-02 10:23:31,661 - httpx - INFO - HTTP Request: POST https://api.telegram.org/bot8071076420:AAFzeBp37IfwX-_JYHoH51WKyhnF9NgHlvY/getUpdates "HTTP/1.1 200 OK"
2025-05-02 10:23:41,767 - httpx - INFO - HTTP Request: POST https://api.telegram.org/bot8071076420:AAFzeBp37IfwX-_JYHoH51WKyhnF9NgHlvY/getUpdates "HTTP/1.1 200 OK"
2025-05-02 10:23:51,875 - httpx - INFO - HTTP Request: POST https://api.telegram.org/bot8071076420:AAFzeBp37IfwX-_JYHoH51WKyhnF9NgHlvY/getUpdates "HTTP/1.1 200 OK"
2025-05-02 10:24:01,982 - httpx - INFO - HTTP Request: POST https://api.telegram.org/bot8071076420:AAFzeBp37IfwX-_JYHoH51WKyhnF9NgHlvY/getUpdates "HTTP/1.1 200 OK"
2025-05-02 10:24:12,087 - httpx - INFO - HTTP Request: POST https://api.telegram.org/bot8071076420:AAFzeBp37IfwX-_JYHoH51WKyhnF9NgHlvY/getUpdates "HTTP/1.1 200 OK"
2025-05-02 10:24:22,192 - httpx - INFO - HTTP Request: POST https://api.telegram.org/bot8071076420:AAFzeBp37IfwX-_JYHoH51WKyhnF9NgHlvY/getUpdates "HTTP/1.1 200 OK"
2025-05-02 10:24:32,296 - httpx - INFO - HTTP Request: POST https://api.telegram.org/bot8071076420:AAFzeBp37IfwX-_JYHoH51WKyhnF9NgHlvY/getUpdates "HTTP/1.1 200 OK"
2025-05-02 10:24:42,404 - httpx - INFO - HTTP Request: POST https://api.telegram.org/bot8071076420:AAFzeBp37IfwX-_JYHoH51WKyhnF9NgHlvY/getUpdates "HTTP/1.1 200 OK"
2025-05-02 10:24:52,510 - httpx - INFO - HTTP Request: POST https://api.telegram.org/bot8071076420:AAFzeBp37IfwX-_JYHoH51WKyhnF9NgHlvY/getUpdates "HTTP/1.1 200 OK"
2025-05-02 10:25:02,616 - httpx - INFO - HTTP Request: POST https://api.telegram.org/bot8071076420:AAFzeBp37IfwX-_JYHoH51WKyhnF9NgHlvY/getUpdates "HTTP/1.1 200 OK"
2025-05-02 10:25:12,723 - httpx - INFO - HTTP Request: POST https://api.telegram.org/bot8071076420:AAFzeBp37IfwX-_JYHoH51WKyhnF9NgHlvY/getUpdates "HTTP/1.1 200 OK"
2025-05-02 10:25:22,827 - httpx - INFO - HTTP Request: POST https://api.telegram.org/bot8071076420:AAFzeBp37IfwX-_JYHoH51WKyhnF9NgHlvY/getUpdates "HTTP/1.1 200 OK"
2025-05-02 10:25:32,933 - httpx - INFO - HTTP Request: POST https://api.telegram.org/bot8071076420:AAFzeBp37IfwX-_JYHoH51WKyhnF9NgHlvY/getUpdates "HTTP/1.1 200 OK"
2025-05-02 10:25:43,039 - httpx - INFO - HTTP Request: POST https://api.telegram.org/bot8071076420:AAFzeBp37IfwX-_JYHoH51WKyhnF9NgHlvY/getUpdates "HTTP/1.1 200 OK"
2025-05-02 10:25:53,148 - httpx - INFO - HTTP Request: POST https://api.telegram.org/bot8071076420:AAFzeBp37IfwX-_JYHoH51WKyhnF9NgHlvY/getUpdates "HTTP/1.1 200 OK"
2025-05-02 10:26:03,253 - httpx - INFO - HTTP Request: POST https://api.telegram.org/bot8071076420:AAFzeBp37IfwX-_JYHoH51WKyhnF9NgHlvY/getUpdates "HTTP/1.1 200 OK"
2025-05-02 10:26:13,388 - httpx - INFO - HTTP Request: POST https://api.telegram.org/bot8071076420:AAFzeBp37IfwX-_JYHoH51WKyhnF9NgHlvY/getUpdates "HTTP/1.1 200 OK"
2025-05-02 10:26:23,512 - httpx - INFO - HTTP Request: POST https://api.telegram.org/bot8071076420:AAFzeBp37IfwX-_JYHoH51WKyhnF9NgHlvY/getUpdates "HTTP/1.1 200 OK"
2025-05-02 10:26:33,617 - httpx - INFO - HTTP Request: POST https://api.telegram.org/bot8071076420:AAFzeBp37IfwX-_JYHoH51WKyhnF9NgHlvY/getUpdates "HTTP/1.1 200 OK"
2025-05-02 10:26:43,723 - httpx - INFO - HTTP Request: POST https://api.telegram.org/bot8071076420:AAFzeBp37IfwX-_JYHoH51WKyhnF9NgHlvY/getUpdates "HTTP/1.1 200 OK"
2025-05-02 10:26:53,827 - httpx - INFO - HTTP Request: POST https://api.telegram.org/bot8071076420:AAFzeBp37IfwX-_JYHoH51WKyhnF9NgHlvY/getUpdates "HTTP/1.1 200 OK"
2025-05-02 10:27:03,967 - httpx - INFO - HTTP Request: POST https://api.telegram.org/bot8071076420:AAFzeBp37IfwX-_JYHoH51WKyhnF9NgHlvY/getUpdates "HTTP/1.1 200 OK"
2025-05-02 10:27:11,758 - app - INFO - Database tables created successfully
2025-05-02 10:27:14,077 - httpx - INFO - HTTP Request: POST https://api.telegram.org/bot8071076420:AAFzeBp37IfwX-_JYHoH51WKyhnF9NgHlvY/getUpdates "HTTP/1.1 200 OK"
2025-05-02 10:27:24,181 - httpx - INFO - HTTP Request: POST https://api.telegram.org/bot8071076420:AAFzeBp37IfwX-_JYHoH51WKyhnF9NgHlvY/getUpdates "HTTP/1.1 200 OK"
2025-05-02 10:27:34,289 - httpx - INFO - HTTP Request: POST https://api.telegram.org/bot8071076420:AAFzeBp37IfwX-_JYHoH51WKyhnF9NgHlvY/getUpdates "HTTP/1.1 200 OK"
2025-05-02 10:27:44,395 - httpx - INFO - HTTP Request: POST https://api.telegram.org/bot8071076420:AAFzeBp37IfwX-_JYHoH51WKyhnF9NgHlvY/getUpdates "HTTP/1.1 200 OK"
2025-05-02 10:27:48,939 - httpx - INFO - HTTP Request: POST https://api.telegram.org/bot8071076420:AAFzeBp37IfwX-_JYHoH51WKyhnF9NgHlvY/getUpdates "HTTP/1.1 200 OK"
2025-05-02 10:27:48,941 - telegram.ext.Application - INFO - Application is stopping. This might take a moment.
2025-05-02 10:27:48,941 - telegram.ext.Application - INFO - Application.stop() complete
2025-05-02 10:27:50,661 - app - INFO - Database tables created successfully
2025-05-02 10:27:51,659 - app - INFO - Database tables created successfully
2025-05-02 10:27:51,674 - root - INFO - Health check server started on port 8000
2025-05-02 10:27:51,701 - root - INFO - Bot started!
2025-05-02 10:27:52,020 - httpx - INFO - HTTP Request: POST https://api.telegram.org/bot8071076420:AAFzeBp37IfwX-_JYHoH51WKyhnF9NgHlvY/getMe "HTTP/1.1 200 OK"
2025-05-02 10:27:52,126 - httpx - INFO - HTTP Request: POST https://api.telegram.org/bot8071076420:AAFzeBp37IfwX-_JYHoH51WKyhnF9NgHlvY/getMe "HTTP/1.1 200 OK"
2025-05-02 10:27:52,127 - root - INFO - Bot username saved to environment: Character0_a1_bot
2025-05-02 10:27:52,232 - httpx - INFO - HTTP Request: POST https://api.telegram.org/bot8071076420:AAFzeBp37IfwX-_JYHoH51WKyhnF9NgHlvY/deleteWebhook "HTTP/1.1 200 OK"
2025-05-02 10:27:52,234 - telegram.ext.Application - INFO - Application started
2025-05-02 10:28:02,548 - httpx - INFO - HTTP Request: POST https://api.telegram.org/bot8071076420:AAFzeBp37IfwX-_JYHoH51WKyhnF9NgHlvY/getUpdates "HTTP/1.1 200 OK"
2025-05-02 10:28:12,258 - app - INFO - Database tables created successfully
2025-05-02 10:28:12,653 - httpx - INFO - HTTP Request: POST https://api.telegram.org/bot8071076420:AAFzeBp37IfwX-_JYHoH51WKyhnF9NgHlvY/getUpdates "HTTP/1.1 200 OK"
2025-05-02 10:28:22,760 - httpx - INFO - HTTP Request: POST https://api.telegram.org/bot8071076420:AAFzeBp37IfwX-_JYHoH51WKyhnF9NgHlvY/getUpdates "HTTP/1.1 200 OK"
2025-05-02 10:28:32,869 - httpx - INFO - HTTP Request: POST https://api.telegram.org/bot8071076420:AAFzeBp37IfwX-_JYHoH51WKyhnF9NgHlvY/getUpdates "HTTP/1.1 200 OK"
2025-05-02 10:28:42,974 - httpx - INFO - HTTP Request: POST https://api.telegram.org/bot8071076420:AAFzeBp37IfwX-_JYHoH51WKyhnF9NgHlvY/getUpdates "HTTP/1.1 200 OK"
2025-05-02 10:28:53,078 - httpx - INFO - HTTP Request: POST https://api.telegram.org/bot8071076420:AAFzeBp37IfwX-_JYHoH51WKyhnF9NgHlvY/getUpdates "HTTP/1.1 200 OK"
2025-05-02 10:29:03,185 - httpx - INFO - HTTP Request: POST https://api.telegram.org/bot8071076420:AAFzeBp37IfwX-_JYHoH51WKyhnF9NgHlvY/getUpdates "HTTP/1.1 200 OK"
2025-05-02 10:29:13,296 - httpx - INFO - HTTP Request: POST https://api.telegram.org/bot8071076420:AAFzeBp37IfwX-_JYHoH51WKyhnF9NgHlvY/getUpdates "HTTP/1.1 200 OK"
2025-05-02 10:29:23,401 - httpx - INFO - HTTP Request: POST https://api.telegram.org/bot8071076420:AAFzeBp37IfwX-_JYHoH51WKyhnF9NgHlvY/getUpdates "HTTP/1.1 200 OK"
2025-05-02 10:29:33,506 - httpx - INFO - HTTP Request: POST https://api.telegram.org/bot8071076420:AAFzeBp37IfwX-_JYHoH51WKyhnF9NgHlvY/getUpdates "HTTP/1.1 200 OK"
2025-05-02 10:29:43,614 - httpx - INFO - HTTP Request: POST https://api.telegram.org/bot8071076420:AAFzeBp37IfwX-_JYHoH51WKyhnF9NgHlvY/getUpdates "HTTP/1.1 200 OK"
2025-05-02 10:29:53,719 - httpx - INFO - HTTP Request: POST https://api.telegram.org/bot8071076420:AAFzeBp37IfwX-_JYHoH51WKyhnF9NgHlvY/getUpdates "HTTP/1.1 200 OK"
2025-05-02 10:30:03,831 - httpx - INFO - HTTP Request: POST https://api.telegram.org/bot8071076420:AAFzeBp37IfwX-_JYHoH51WKyhnF9NgHlvY/getUpdates "HTTP/1.1 200 OK"
2025-05-02 10:30:13,936 - httpx - INFO - HTTP Request: POST https://api.telegram.org/bot8071076420:AAFzeBp37IfwX-_JYHoH51WKyhnF9NgHlvY/getUpdates "HTTP/1.1 200 OK"
2025-05-02 10:30:24,042 - httpx - INFO - HTTP Request: POST https://api.telegram.org/bot8071076420:AAFzeBp37IfwX-_JYHoH51WKyhnF9NgHlvY/getUpdates "HTTP/1.1 200 OK"
2025-05-02 10:30:34,150 - httpx - INFO - HTTP Request: POST https://api.telegram.org/bot8071076420:AAFzeBp37IfwX-_JYHoH51WKyhnF9NgHlvY/getUpdates "HTTP/1.1 200 OK"
2025-05-02 10:30:41,630 - app - INFO - Database tables created successfully
2025-05-02 10:30:44,254 - httpx - INFO - HTTP Request: POST https://api.telegram.org/bot8071076420:AAFzeBp37IfwX-_JYHoH51WKyhnF9NgHlvY/getUpdates "HTTP/1.1 200 OK"
2025-05-02 10:30:54,360 - httpx - INFO - HTTP Request: POST https://api.telegram.org/bot8071076420:AAFzeBp37IfwX-_JYHoH51WKyhnF9NgHlvY/getUpdates "HTTP/1.1 200 OK"
2025-05-02 10:31:04,485 - httpx - INFO - HTTP Request: POST https://api.telegram.org/bot8071076420:AAFzeBp37IfwX-_JYHoH51WKyhnF9NgHlvY/getUpdates "HTTP/1.1 200 OK"
2025-05-02 10:31:14,590 - httpx - INFO - HTTP Request: POST https://api.telegram.org/bot8071076420:AAFzeBp37IfwX-_JYHoH51WKyhnF9NgHlvY/getUpdates "HTTP/1.1 200 OK"
2025-05-02 10:31:24,839 - httpx - INFO - HTTP Request: POST https://api.telegram.org/bot8071076420:AAFzeBp37IfwX-_JYHoH51WKyhnF9NgHlvY/getUpdates "HTTP/1.1 200 OK"
2025-05-02 10:31:34,945 - httpx - INFO - HTTP Request: POST https://api.telegram.org/bot8071076420:AAFzeBp37IfwX-_JYHoH51WKyhnF9NgHlvY/getUpdates "HTTP/1.1 200 OK"
2025-05-02 10:31:45,050 - httpx - INFO - HTTP Request: POST https://api.telegram.org/bot8071076420:AAFzeBp37IfwX-_JYHoH51WKyhnF9NgHlvY/getUpdates "HTTP/1.1 200 OK"
2025-05-02 10:31:55,165 - httpx - INFO - HTTP Request: POST https://api.telegram.org/bot8071076420:AAFzeBp37IfwX-_JYHoH51WKyhnF9NgHlvY/getUpdates "HTTP/1.1 200 OK"
2025-05-02 10:32:05,269 - httpx - INFO - HTTP Request: POST https://api.telegram.org/bot8071076420:AAFzeBp37IfwX-_JYHoH51WKyhnF9NgHlvY/getUpdates "HTTP/1.1 200 OK"
2025-05-02 10:32:15,380 - httpx - INFO - HTTP Request: POST https://api.telegram.org/bot8071076420:AAFzeBp37IfwX-_JYHoH51WKyhnF9NgHlvY/getUpdates "HTTP/1.1 200 OK"
2025-05-02 10:32:25,485 - httpx - INFO - HTTP Request: POST https://api.telegram.org/bot8071076420:AAFzeBp37IfwX-_JYHoH51WKyhnF9NgHlvY/getUpdates "HTTP/1.1 200 OK"
2025-05-02 10:32:35,592 - httpx - INFO - HTTP Request: POST https://api.telegram.org/bot8071076420:AAFzeBp37IfwX-_JYHoH51WKyhnF9NgHlvY/getUpdates "HTTP/1.1 200 OK"
2025-05-02 10:32:45,697 - httpx - INFO - HTTP Request: POST https://api.telegram.org/bot8071076420:AAFzeBp37IfwX-_JYHoH51WKyhnF9NgHlvY/getUpdates "HTTP/1.1 200 OK"
2025-05-02 10:32:55,802 - httpx - INFO - HTTP Request: POST https://api.telegram.org/bot8071076420:AAFzeBp37IfwX-_JYHoH51WKyhnF9NgHlvY/getUpdates "HTTP/1.1 200 OK"
2025-05-02 10:33:05,910 - httpx - INFO - HTTP Request: POST https://api.telegram.org/bot8071076420:AAFzeBp37IfwX-_JYHoH51WKyhnF9NgHlvY/getUpdates "HTTP/1.1 200 OK"
2025-05-02 10:33:16,014 - httpx - INFO - HTTP Request: POST https://api.telegram.org/bot8071076420:AAFzeBp37IfwX-_JYHoH51WKyhnF9NgHlvY/getUpdates "HTTP/1.1 200 OK"
2025-05-02 10:33:26,119 - httpx - INFO - HTTP Request: POST https://api.telegram.org/bot8071076420:AAFzeBp37IfwX-_JYHoH51WKyhnF9NgHlvY/getUpdates "HTTP/1.1 200 OK"
2025-05-02 10:33:36,225 - httpx - INFO - HTTP Request: POST https://api.telegram.org/bot8071076420:AAFzeBp37IfwX-_JYHoH51WKyhnF9NgHlvY/getUpdates "HTTP/1.1 200 OK"
2025-05-02 10:33:46,330 - httpx - INFO - HTTP Request: POST https://api.telegram.org/bot8071076420:AAFzeBp37IfwX-_JYHoH51WKyhnF9NgHlvY/getUpdates "HTTP/1.1 200 OK"
2025-05-02 10:33:56,434 - httpx - INFO - HTTP Request: POST https://api.telegram.org/bot8071076420:AAFzeBp37IfwX-_JYHoH51WKyhnF9NgHlvY/getUpdates "HTTP/1.1 200 OK"
2025-05-02 10:34:06,540 - httpx - INFO - HTTP Request: POST https://api.telegram.org/bot8071076420:AAFzeBp37IfwX-_JYHoH51WKyhnF9NgHlvY/getUpdates "HTTP/1.1 200 OK"
2025-05-02 10:34:09,481 - app - INFO - Database tables created successfully
2025-05-02 10:34:14,540 - app - INFO - Database tables created successfully
2025-05-02 10:34:14,547 - root - INFO - Health check server started on port 8000
2025-05-02 10:34:14,562 - root - INFO - Bot started!
2025-05-02 10:34:14,884 - httpx - INFO - HTTP Request: POST https://api.telegram.org/bot8071076420:AAFzeBp37IfwX-_JYHoH51WKyhnF9NgHlvY/getMe "HTTP/1.1 200 OK"
2025-05-02 10:34:14,994 - httpx - INFO - HTTP Request: POST https://api.telegram.org/bot8071076420:AAFzeBp37IfwX-_JYHoH51WKyhnF9NgHlvY/getMe "HTTP/1.1 200 OK"
2025-05-02 10:34:14,995 - root - INFO - Bot username saved to environment: Character0_a1_bot
2025-05-02 10:34:15,100 - httpx - INFO - HTTP Request: POST https://api.telegram.org/bot8071076420:AAFzeBp37IfwX-_JYHoH51WKyhnF9NgHlvY/deleteWebhook "HTTP/1.1 200 OK"
2025-05-02 10:34:15,102 - telegram.ext.Application - INFO - Application started
2025-05-02 10:34:25,424 - httpx - INFO - HTTP Request: POST https://api.telegram.org/bot8071076420:AAFzeBp37IfwX-_JYHoH51WKyhnF9NgHlvY/getUpdates "HTTP/1.1 200 OK"
2025-05-02 10:34:35,538 - httpx - INFO - HTTP Request: POST https://api.telegram.org/bot8071076420:AAFzeBp37IfwX-_JYHoH51WKyhnF9NgHlvY/getUpdates "HTTP/1.1 200 OK"
2025-05-02 10:34:45,646 - httpx - INFO - HTTP Request: POST https://api.telegram.org/bot8071076420:AAFzeBp37IfwX-_JYHoH51WKyhnF9NgHlvY/getUpdates "HTTP/1.1 200 OK"
2025-05-02 10:34:55,754 - httpx - INFO - HTTP Request: POST https://api.telegram.org/bot8071076420:AAFzeBp37IfwX-_JYHoH51WKyhnF9NgHlvY/getUpdates "HTTP/1.1 200 OK"
2025-05-02 10:35:05,863 - httpx - INFO - HTTP Request: POST https://api.telegram.org/bot8071076420:AAFzeBp37IfwX-_JYHoH51WKyhnF9NgHlvY/getUpdates "HTTP/1.1 200 OK"
2025-05-02 10:35:15,971 - httpx - INFO - HTTP Request: POST https://api.telegram.org/bot8071076420:AAFzeBp37IfwX-_JYHoH51WKyhnF9NgHlvY/getUpdates "HTTP/1.1 200 OK"
2025-05-02 10:35:26,083 - httpx - INFO - HTTP Request: POST https://api.telegram.org/bot8071076420:AAFzeBp37IfwX-_JYHoH51WKyhnF9NgHlvY/getUpdates "HTTP/1.1 200 OK"
2025-05-02 10:35:36,190 - httpx - INFO - HTTP Request: POST https://api.telegram.org/bot8071076420:AAFzeBp37IfwX-_JYHoH51WKyhnF9NgHlvY/getUpdates "HTTP/1.1 200 OK"
2025-05-02 10:35:46,305 - httpx - INFO - HTTP Request: POST https://api.telegram.org/bot8071076420:AAFzeBp37IfwX-_JYHoH51WKyhnF9NgHlvY/getUpdates "HTTP/1.1 200 OK"
2025-05-02 10:35:56,412 - httpx - INFO - HTTP Request: POST https://api.telegram.org/bot8071076420:AAFzeBp37IfwX-_JYHoH51WKyhnF9NgHlvY/getUpdates "HTTP/1.1 200 OK"
2025-05-02 10:36:06,521 - httpx - INFO - HTTP Request: POST https://api.telegram.org/bot8071076420:AAFzeBp37IfwX-_JYHoH51WKyhnF9NgHlvY/getUpdates "HTTP/1.1 200 OK"
2025-05-02 10:36:16,666 - httpx - INFO - HTTP Request: POST https://api.telegram.org/bot8071076420:AAFzeBp37IfwX-_JYHoH51WKyhnF9NgHlvY/getUpdates "HTTP/1.1 200 OK"
2025-05-02 10:36:26,784 - httpx - INFO - HTTP Request: POST https://api.telegram.org/bot8071076420:AAFzeBp37IfwX-_JYHoH51WKyhnF9NgHlvY/getUpdates "HTTP/1.1 200 OK"
2025-05-02 10:36:36,898 - httpx - INFO - HTTP Request: POST https://api.telegram.org/bot8071076420:AAFzeBp37IfwX-_JYHoH51WKyhnF9NgHlvY/getUpdates "HTTP/1.1 200 OK"
2025-05-02 10:36:47,008 - httpx - INFO - HTTP Request: POST https://api.telegram.org/bot8071076420:AAFzeBp37IfwX-_JYHoH51WKyhnF9NgHlvY/getUpdates "HTTP/1.1 200 OK"
2025-05-02 10:36:57,117 - httpx - INFO - HTTP Request: POST https://api.telegram.org/bot8071076420:AAFzeBp37IfwX-_JYHoH51WKyhnF9NgHlvY/getUpdates "HTTP/1.1 200 OK"
2025-05-02 10:37:07,225 - httpx - INFO - HTTP Request: POST https://api.telegram.org/bot8071076420:AAFzeBp37IfwX-_JYHoH51WKyhnF9NgHlvY/getUpdates "HTTP/1.1 200 OK"
2025-05-02 10:37:17,334 - httpx - INFO - HTTP Request: POST https://api.telegram.org/bot8071076420:AAFzeBp37IfwX-_JYHoH51WKyhnF9NgHlvY/getUpdates "HTTP/1.1 200 OK"
2025-05-02 10:37:27,441 - httpx - INFO - HTTP Request: POST https://api.telegram.org/bot8071076420:AAFzeBp37IfwX-_JYHoH51WKyhnF9NgHlvY/getUpdates "HTTP/1.1 200 OK"
2025-05-02 10:37:37,546 - httpx - INFO - HTTP Request: POST https://api.telegram.org/bot8071076420:AAFzeBp37IfwX-_JYHoH51WKyhnF9NgHlvY/getUpdates "HTTP/1.1 200 OK"
2025-05-02 10:37:47,658 - httpx - INFO - HTTP Request: POST https://api.telegram.org/bot8071076420:AAFzeBp37IfwX-_JYHoH51WKyhnF9NgHlvY/getUpdates "HTTP/1.1 200 OK"
2025-05-02 10:37:57,765 - httpx - INFO - HTTP Request: POST https://api.telegram.org/bot8071076420:AAFzeBp37IfwX-_JYHoH51WKyhnF9NgHlvY/getUpdates "HTTP/1.1 200 OK"
2025-05-02 10:38:07,873 - httpx - INFO - HTTP Request: POST https://api.telegram.org/bot8071076420:AAFzeBp37IfwX-_JYHoH51WKyhnF9NgHlvY/getUpdates "HTTP/1.1 200 OK"
2025-05-02 10:38:17,982 - httpx - INFO - HTTP Request: POST https://api.telegram.org/bot8071076420:AAFzeBp37IfwX-_JYHoH51WKyhnF9NgHlvY/getUpdates "HTTP/1.1 200 OK"
2025-05-02 10:38:28,091 - httpx - INFO - HTTP Request: POST https://api.telegram.org/bot8071076420:AAFzeBp37IfwX-_JYHoH51WKyhnF9NgHlvY/getUpdates "HTTP/1.1 200 OK"
2025-05-02 10:38:38,208 - httpx - INFO - HTTP Request: POST https://api.telegram.org/bot8071076420:AAFzeBp37IfwX-_JYHoH51WKyhnF9NgHlvY/getUpdates "HTTP/1.1 200 OK"
2025-05-02 10:38:48,314 - httpx - INFO - HTTP Request: POST https://api.telegram.org/bot8071076420:AAFzeBp37IfwX-_JYHoH51WKyhnF9NgHlvY/getUpdates "HTTP/1.1 200 OK"
2025-05-02 10:38:58,423 - httpx - INFO - HTTP Request: POST https://api.telegram.org/bot8071076420:AAFzeBp37IfwX-_JYHoH51WKyhnF9NgHlvY/getUpdates "HTTP/1.1 200 OK"
2025-05-02 10:39:08,532 - httpx - INFO - HTTP Request: POST https://api.telegram.org/bot8071076420:AAFzeBp37IfwX-_JYHoH51WKyhnF9NgHlvY/getUpdates "HTTP/1.1 200 OK"
2025-05-02 10:39:18,679 - httpx - INFO - HTTP Request: POST https://api.telegram.org/bot8071076420:AAFzeBp37IfwX-_JYHoH51WKyhnF9NgHlvY/getUpdates "HTTP/1.1 200 OK"
2025-05-02 10:39:28,785 - httpx - INFO - HTTP Request: POST https://api.telegram.org/bot8071076420:AAFzeBp37IfwX-_JYHoH51WKyhnF9NgHlvY/getUpdates "HTTP/1.1 200 OK"
2025-05-02 10:39:38,892 - httpx - INFO - HTTP Request: POST https://api.telegram.org/bot8071076420:AAFzeBp37IfwX-_JYHoH51WKyhnF9NgHlvY/getUpdates "HTTP/1.1 200 OK"
2025-05-02 10:39:49,004 - httpx - INFO - HTTP Request: POST https://api.telegram.org/bot8071076420:AAFzeBp37IfwX-_JYHoH51WKyhnF9NgHlvY/getUpdates "HTTP/1.1 200 OK"
2025-05-02 10:39:59,114 - httpx - INFO - HTTP Request: POST https://api.telegram.org/bot8071076420:AAFzeBp37IfwX-_JYHoH51WKyhnF9NgHlvY/getUpdates "HTTP/1.1 200 OK"
2025-05-02 10:40:09,221 - httpx - INFO - HTTP Request: POST https://api.telegram.org/bot8071076420:AAFzeBp37IfwX-_JYHoH51WKyhnF9NgHlvY/getUpdates "HTTP/1.1 200 OK"
2025-05-02 10:40:19,328 - httpx - INFO - HTTP Request: POST https://api.telegram.org/bot8071076420:AAFzeBp37IfwX-_JYHoH51WKyhnF9NgHlvY/getUpdates "HTTP/1.1 200 OK"
2025-05-02 10:40:29,437 - httpx - INFO - HTTP Request: POST https://api.telegram.org/bot8071076420:AAFzeBp37IfwX-_JYHoH51WKyhnF9NgHlvY/getUpdates "HTTP/1.1 200 OK"
2025-05-02 10:40:39,551 - httpx - INFO - HTTP Request: POST https://api.telegram.org/bot8071076420:AAFzeBp37IfwX-_JYHoH51WKyhnF9NgHlvY/getUpdates "HTTP/1.1 200 OK"
2025-05-02 10:40:49,664 - httpx - INFO - HTTP Request: POST https://api.telegram.org/bot8071076420:AAFzeBp37IfwX-_JYHoH51WKyhnF9NgHlvY/getUpdates "HTTP/1.1 200 OK"
2025-05-02 10:40:59,778 - httpx - INFO - HTTP Request: POST https://api.telegram.org/bot8071076420:AAFzeBp37IfwX-_JYHoH51WKyhnF9NgHlvY/getUpdates "HTTP/1.1 200 OK"
2025-05-02 10:41:09,895 - httpx - INFO - HTTP Request: POST https://api.telegram.org/bot8071076420:AAFzeBp37IfwX-_JYHoH51WKyhnF9NgHlvY/getUpdates "HTTP/1.1 200 OK"
2025-05-02 10:41:20,006 - httpx - INFO - HTTP Request: POST https://api.telegram.org/bot8071076420:AAFzeBp37IfwX-_JYHoH51WKyhnF9NgHlvY/getUpdates "HTTP/1.1 200 OK"
